ÔÜá [2829/3086] Replayed GerverSofa.Systems
warning: GerverSofa/Systems.lean:296:8: This simp argument is unused:
  Equations

Hint: Omit it from the simp argument list.
  [apply] simp [system] at h8 h9

Note: This linter can be disabled with `set_option linter.unusedSimpArgs false`
warning: GerverSofa/Systems.lean:304:8: This simp argument is unused:
  Equations

Hint: Omit it from the simp argument list.
  [apply] simp [system] at h12 h13

Note: This linter can be disabled with `set_option linter.unusedSimpArgs false`
warning: GerverSofa/Systems.lean:313:8: This simp argument is unused:
  Equations

Hint: Omit it from the simp argument list.
  [apply] simp [system] at h16 h17

Note: This linter can be disabled with `set_option linter.unusedSimpArgs false`
warning: GerverSofa/Systems.lean:322:8: This simp argument is unused:
  Equations

Hint: Omit it from the simp argument list.
  [apply] simp [system] at h18 h19

Note: This linter can be disabled with `set_option linter.unusedSimpArgs false`
ÔÜá [2830/3086] Replayed GerverSofa.Boxes
warning: GerverSofa/Boxes.lean:90:8: This simp argument is unused:
  Equations

Hint: Omit it from the simp argument list.
  [apply] simp [system] at h5 h6 h7

Note: This linter can be disabled with `set_option linter.unusedSimpArgs false`
ÔÜá [2833/3086] Replayed GerverSofa.KernelOnly.TranscendentalSoundness
warning: GerverSofa/KernelOnly/TranscendentalSoundness.lean:262:25: Variable name `hx0` is not explicitly referenced.

Hint: The binding can be removed (if unused) or named `_` (if used implicitly). Alternatively, prefix the name with `_` to silence this warning:
  [apply] _hx0

Note: This linter can be disabled with `set_option linter.unusedVariables false`
warning: GerverSofa/KernelOnly/TranscendentalSoundness.lean:342:0: Definition `exactTranscendentalSoundness` is a proposition; use `theorem` instead of `def`

Note: This linter can be disabled with `set_option linter.defProp false`
ÔÜá [2835/3086] Replayed GerverSofa.KernelOnly.ADCoreSoundness
warning: GerverSofa/KernelOnly/ADCoreSoundness.lean:311:48: try 'simp' instead of 'simpa'

Note: This linter can be disabled with `set_option linter.unnecessarySimpa false`
warning: GerverSofa/KernelOnly/ADCoreSoundness.lean:325:12: This simp argument is unused:
  ExactReplay.zeroI

Hint: Omit it from the simp argument list.
  [apply] simp [RatInterval.Contains, RatInterval.point]

Note: This linter can be disabled with `set_option linter.unusedSimpArgs false`
warning: GerverSofa/KernelOnly/ADCoreSoundness.lean:329:23: This simp argument is unused:
  ExactReplay.zeroI

Hint: Omit it from the simp argument list.
  [apply] simp [hjk, hval, RatInterval.Contains, RatInterval.point]

Note: This linter can be disabled with `set_option linter.unusedSimpArgs false`
warning: GerverSofa/KernelOnly/ADCoreSoundness.lean:341:41: try 'simp' instead of 'simpa'

Note: This linter can be disabled with `set_option linter.unnecessarySimpa false`
warning: GerverSofa/KernelOnly/ADCoreSoundness.lean:342:41: try 'simp' instead of 'simpa'

Note: This linter can be disabled with `set_option linter.unnecessarySimpa false`
warning: GerverSofa/KernelOnly/ADCoreSoundness.lean:361:39: try 'simp' instead of 'simpa'

Note: This linter can be disabled with `set_option linter.unnecessarySimpa false`
warning: GerverSofa/KernelOnly/ADCoreSoundness.lean:386:41: try 'simp' instead of 'simpa'

Note: This linter can be disabled with `set_option linter.unnecessarySimpa false`
warning: GerverSofa/KernelOnly/ADCoreSoundness.lean:387:41: try 'simp' instead of 'simpa'

Note: This linter can be disabled with `set_option linter.unnecessarySimpa false`
warning: GerverSofa/KernelOnly/ADCoreSoundness.lean:414:39: try 'simp' instead of 'simpa'

Note: This linter can be disabled with `set_option linter.unnecessarySimpa false`
warning: GerverSofa/KernelOnly/ADCoreSoundness.lean:434:39: try 'simp' instead of 'simpa'

Note: This linter can be disabled with `set_option linter.unnecessarySimpa false`
warning: GerverSofa/KernelOnly/ADCoreSoundness.lean:458:39: try 'simp' instead of 'simpa'

Note: This linter can be disabled with `set_option linter.unnecessarySimpa false`
warning: GerverSofa/KernelOnly/ADCoreSoundness.lean:494:39: try 'simp' instead of 'simpa'

Note: This linter can be disabled with `set_option linter.unnecessarySimpa false`
warning: GerverSofa/KernelOnly/ADCoreSoundness.lean:503:39: try 'simp' instead of 'simpa'

Note: This linter can be disabled with `set_option linter.unnecessarySimpa false`
warning: GerverSofa/KernelOnly/ADCoreSoundness.lean:497:30: This simp argument is unused:
  getD_map_of_lt

Hint: Omit it from the simp argument list.
  [apply] simp [valueIntervals, hi, ExactReplay.D.const, ExactReplay.zeroI]

Note: This linter can be disabled with `set_option linter.unusedSimpArgs false`
warning: GerverSofa/KernelOnly/ADCoreSoundness.lean:507:30: This simp argument is unused:
  getD_map_of_lt

Hint: Omit it from the simp argument list.
  [apply] simp [derivativeRows, hi, ExactReplay.D.const, ExactReplay.zeroI]

Note: This linter can be disabled with `set_option linter.unusedSimpArgs false`
ÔÜá [2836/3086] Replayed GerverSofa.KernelOnly.ReducedADSoundness
warning: GerverSofa/KernelOnly/ReducedADSoundness.lean:31:33: This simp argument is unused:
  ExactReplay.getI

Hint: Omit it from the simp argument list.
  [apply] simp [ExactReplay.reducedInputBox, CertificateManifest.x4, CertificateManifest.q, RatInterval.Contains]

Note: This linter can be disabled with `set_option linter.unusedSimpArgs false`
warning: GerverSofa/KernelOnly/ReducedADSoundness.lean:196:0: Definition `reducedADSoundness` is a proposition; use `theorem` instead of `def`

Note: This linter can be disabled with `set_option linter.defProp false`
ÔÜá [2837/3086] Replayed GerverSofa.KernelOnly.FullADSoundness
warning: GerverSofa/KernelOnly/FullADSoundness.lean:463:7: Used `tac1 <;> tac2` where `(tac1; tac2)` would suffice

Note: This linter can be disabled with `set_option linter.unnecessarySeqFocus false`
warning: GerverSofa/KernelOnly/FullADSoundness.lean:470:4: Unused tactic linter: `change
  0 ÔëĄ (((1 / 2 : ÔäÜ) * piDual - thetaDual.dual).model.value x) Ôłž
    (((1 / 2 : ÔäÜ) * piDual - thetaDual.dual).model.value x) ÔëĄ Real.pi / 2` does nothing

Note: This linter can be disabled with `set_option linter.unusedTactic false`
warning: GerverSofa/KernelOnly/FullADSoundness.lean:483:7: Used `tac1 <;> tac2` where `(tac1; tac2)` would suffice

Note: This linter can be disabled with `set_option linter.unnecessarySeqFocus false`
warning: GerverSofa/KernelOnly/FullADSoundness.lean:490:4: Unused tactic linter: `change
  0 ÔëĄ (((1 / 2 : ÔäÜ) * piDual - phiDual.dual).model.value x) Ôłž
    (((1 / 2 : ÔäÜ) * piDual - phiDual.dual).model.value x) ÔëĄ Real.pi / 2` does nothing

Note: This linter can be disabled with `set_option linter.unusedTactic false`
warning: GerverSofa/KernelOnly/FullADSoundness.lean:642:52: This simp argument is unused:
  alphaBeta4

Hint: Omit it from the simp argument list.
  [apply] simp [fullDualOutput, fullVars, rotDual, pathPieceDual, alphaBetaDual, pathPrimeDual, vectorSystem,
    coordEquiv, system, rot, addK, path1, path2, path3, path4, path5, pathPrime1, pathPrime2, pathPrime3, alphaBeta1,
    alphaBeta2, alphaBeta3, alphaBeta5]

Note: This linter can be disabled with `set_option linter.unusedSimpArgs false`
warning: GerverSofa/KernelOnly/FullADSoundness.lean:642:64: This simp argument is unused:
  alphaBeta5

Hint: Omit it from the simp argument list.
  [apply] simp [fullDualOutput, fullVars, rotDual, pathPieceDual, alphaBetaDual, pathPrimeDual, vectorSystem,
    coordEquiv, system, rot, addK, path1, path2, path3, path4, path5, pathPrime1, pathPrime2, pathPrime3, alphaBeta1,
    alphaBeta2, alphaBeta3, alphaBeta4]

Note: This linter can be disabled with `set_option linter.unusedSimpArgs false`
warning: GerverSofa/KernelOnly/FullADSoundness.lean:643:6: Unused tactic linter: `ring` does nothing

Note: This linter can be disabled with `set_option linter.unusedTactic false`
warning: GerverSofa/KernelOnly/FullADSoundness.lean:643:6: this tactic is never executed

Note: This linter can be disabled with `set_option linter.unreachableTactic false`
warning: GerverSofa/KernelOnly/FullADSoundness.lean:651:52: This simp argument is unused:
  alphaBeta4

Hint: Omit it from the simp argument list.
  [apply] simp [fullDualOutput, fullVars, rotDual, pathPieceDual, alphaBetaDual, pathPrimeDual, vectorSystem,
    coordEquiv, system, rot, addK, path1, path2, path3, path4, path5, pathPrime1, pathPrime2, pathPrime3, alphaBeta1,
    alphaBeta2, alphaBeta3, alphaBeta5]

Note: This linter can be disabled with `set_option linter.unusedSimpArgs false`
warning: GerverSofa/KernelOnly/FullADSoundness.lean:651:64: This simp argument is unused:
  alphaBeta5

Hint: Omit it from the simp argument list.
  [apply] simp [fullDualOutput, fullVars, rotDual, pathPieceDual, alphaBetaDual, pathPrimeDual, vectorSystem,
    coordEquiv, system, rot, addK, path1, path2, path3, path4, path5, pathPrime1, pathPrime2, pathPrime3, alphaBeta1,
    alphaBeta2, alphaBeta3, alphaBeta4]

Note: This linter can be disabled with `set_option linter.unusedSimpArgs false`
warning: GerverSofa/KernelOnly/FullADSoundness.lean:652:6: Unused tactic linter: `ring` does nothing

Note: This linter can be disabled with `set_option linter.unusedTactic false`
warning: GerverSofa/KernelOnly/FullADSoundness.lean:652:6: this tactic is never executed

Note: This linter can be disabled with `set_option linter.unreachableTactic false`
warning: GerverSofa/KernelOnly/FullADSoundness.lean:660:52: This simp argument is unused:
  alphaBeta4

Hint: Omit it from the simp argument list.
  [apply] simp [fullDualOutput, fullVars, rotDual, pathPieceDual, alphaBetaDual, pathPrimeDual, vectorSystem,
    coordEquiv, system, rot, addK, path1, path2, path3, path4, path5, pathPrime1, pathPrime2, pathPrime3, alphaBeta1,
    alphaBeta2, alphaBeta3, alphaBeta5]

Note: This linter can be disabled with `set_option linter.unusedSimpArgs false`
warning: GerverSofa/KernelOnly/FullADSoundness.lean:660:64: This simp argument is unused:
  alphaBeta5

Hint: Omit it from the simp argument list.
  [apply] simp [fullDualOutput, fullVars, rotDual, pathPieceDual, alphaBetaDual, pathPrimeDual, vectorSystem,
    coordEquiv, system, rot, addK, path1, path2, path3, path4, path5, pathPrime1, pathPrime2, pathPrime3, alphaBeta1,
    alphaBeta2, alphaBeta3, alphaBeta4]

Note: This linter can be disabled with `set_option linter.unusedSimpArgs false`
warning: GerverSofa/KernelOnly/FullADSoundness.lean:661:2: Used `tac1 <;> tac2` where `(tac1; tac2)` would suffice

Note: This linter can be disabled with `set_option linter.unnecessarySeqFocus false`
warning: GerverSofa/KernelOnly/FullADSoundness.lean:669:52: This simp argument is unused:
  alphaBeta4

Hint: Omit it from the simp argument list.
  [apply] simp [fullDualOutput, fullVars, rotDual, pathPieceDual, alphaBetaDual, pathPrimeDual, vectorSystem,
    coordEquiv, system, rot, addK, path1, path2, path3, path4, path5, pathPrime1, pathPrime2, pathPrime3, alphaBeta1,
    alphaBeta2, alphaBeta3, alphaBeta5]

Note: This linter can be disabled with `set_option linter.unusedSimpArgs false`
warning: GerverSofa/KernelOnly/FullADSoundness.lean:669:64: This simp argument is unused:
  alphaBeta5

Hint: Omit it from the simp argument list.
  [apply] simp [fullDualOutput, fullVars, rotDual, pathPieceDual, alphaBetaDual, pathPrimeDual, vectorSystem,
    coordEquiv, system, rot, addK, path1, path2, path3, path4, path5, pathPrime1, pathPrime2, pathPrime3, alphaBeta1,
    alphaBeta2, alphaBeta3, alphaBeta4]

Note: This linter can be disabled with `set_option linter.unusedSimpArgs false`
warning: GerverSofa/KernelOnly/FullADSoundness.lean:670:2: Used `tac1 <;> tac2` where `(tac1; tac2)` would suffice

Note: This linter can be disabled with `set_option linter.unnecessarySeqFocus false`
warning: GerverSofa/KernelOnly/FullADSoundness.lean:678:52: This simp argument is unused:
  alphaBeta4

Hint: Omit it from the simp argument list.
  [apply] simp [fullDualOutput, fullVars, rotDual, pathPieceDual, alphaBetaDual, pathPrimeDual, vectorSystem,
    coordEquiv, system, rot, addK, path1, path2, path3, path4, path5, pathPrime1, pathPrime2, pathPrime3, alphaBeta1,
    alphaBeta2, alphaBeta3, alphaBeta5]

Note: This linter can be disabled with `set_option linter.unusedSimpArgs false`
warning: GerverSofa/KernelOnly/FullADSoundness.lean:678:64: This simp argument is unused:
  alphaBeta5

Hint: Omit it from the simp argument list.
  [apply] simp [fullDualOutput, fullVars, rotDual, pathPieceDual, alphaBetaDual, pathPrimeDual, vectorSystem,
    coordEquiv, system, rot, addK, path1, path2, path3, path4, path5, pathPrime1, pathPrime2, pathPrime3, alphaBeta1,
    alphaBeta2, alphaBeta3, alphaBeta4]

Note: This linter can be disabled with `set_option linter.unusedSimpArgs false`
warning: GerverSofa/KernelOnly/FullADSoundness.lean:679:2: Used `tac1 <;> tac2` where `(tac1; tac2)` would suffice

Note: This linter can be disabled with `set_option linter.unnecessarySeqFocus false`
warning: GerverSofa/KernelOnly/FullADSoundness.lean:687:52: This simp argument is unused:
  alphaBeta4

Hint: Omit it from the simp argument list.
  [apply] simp [fullDualOutput, fullVars, rotDual, pathPieceDual, alphaBetaDual, pathPrimeDual, vectorSystem,
    coordEquiv, system, rot, addK, path1, path2, path3, path4, path5, pathPrime1, pathPrime2, pathPrime3, alphaBeta1,
    alphaBeta2, alphaBeta3, alphaBeta5]

Note: This linter can be disabled with `set_option linter.unusedSimpArgs false`
warning: GerverSofa/KernelOnly/FullADSoundness.lean:687:64: This simp argument is unused:
  alphaBeta5

Hint: Omit it from the simp argument list.
  [apply] simp [fullDualOutput, fullVars, rotDual, pathPieceDual, alphaBetaDual, pathPrimeDual, vectorSystem,
    coordEquiv, system, rot, addK, path1, path2, path3, path4, path5, pathPrime1, pathPrime2, pathPrime3, alphaBeta1,
    alphaBeta2, alphaBeta3, alphaBeta4]

Note: This linter can be disabled with `set_option linter.unusedSimpArgs false`
warning: GerverSofa/KernelOnly/FullADSoundness.lean:688:6: Unused tactic linter: `ring` does nothing

Note: This linter can be disabled with `set_option linter.unusedTactic false`
warning: GerverSofa/KernelOnly/FullADSoundness.lean:688:6: this tactic is never executed

Note: This linter can be disabled with `set_option linter.unreachableTactic false`
warning: GerverSofa/KernelOnly/FullADSoundness.lean:696:52: This simp argument is unused:
  alphaBeta4

Hint: Omit it from the simp argument list.
  [apply] simp [fullDualOutput, fullVars, rotDual, pathPieceDual, alphaBetaDual, pathPrimeDual, vectorSystem,
    coordEquiv, system, rot, addK, path1, path2, path3, path4, path5, pathPrime1, pathPrime2, pathPrime3, alphaBeta1,
    alphaBeta2, alphaBeta3, alphaBeta5]

Note: This linter can be disabled with `set_option linter.unusedSimpArgs false`
warning: GerverSofa/KernelOnly/FullADSoundness.lean:696:64: This simp argument is unused:
  alphaBeta5

Hint: Omit it from the simp argument list.
  [apply] simp [fullDualOutput, fullVars, rotDual, pathPieceDual, alphaBetaDual, pathPrimeDual, vectorSystem,
    coordEquiv, system, rot, addK, path1, path2, path3, path4, path5, pathPrime1, pathPrime2, pathPrime3, alphaBeta1,
    alphaBeta2, alphaBeta3, alphaBeta4]

Note: This linter can be disabled with `set_option linter.unusedSimpArgs false`
warning: GerverSofa/KernelOnly/FullADSoundness.lean:697:6: Unused tactic linter: `ring` does nothing

Note: This linter can be disabled with `set_option linter.unusedTactic false`
warning: GerverSofa/KernelOnly/FullADSoundness.lean:697:6: this tactic is never executed

Note: This linter can be disabled with `set_option linter.unreachableTactic false`
warning: GerverSofa/KernelOnly/FullADSoundness.lean:705:52: This simp argument is unused:
  alphaBeta4

Hint: Omit it from the simp argument list.
  [apply] simp [fullDualOutput, fullVars, rotDual, pathPieceDual, alphaBetaDual, pathPrimeDual, vectorSystem,
    coordEquiv, system, rot, addK, path1, path2, path3, path4, path5, pathPrime1, pathPrime2, pathPrime3, alphaBeta1,
    alphaBeta2, alphaBeta3, alphaBeta5]

Note: This linter can be disabled with `set_option linter.unusedSimpArgs false`
warning: GerverSofa/KernelOnly/FullADSoundness.lean:705:64: This simp argument is unused:
  alphaBeta5

Hint: Omit it from the simp argument list.
  [apply] simp [fullDualOutput, fullVars, rotDual, pathPieceDual, alphaBetaDual, pathPrimeDual, vectorSystem,
    coordEquiv, system, rot, addK, path1, path2, path3, path4, path5, pathPrime1, pathPrime2, pathPrime3, alphaBeta1,
    alphaBeta2, alphaBeta3, alphaBeta4]

Note: This linter can be disabled with `set_option linter.unusedSimpArgs false`
warning: GerverSofa/KernelOnly/FullADSoundness.lean:706:6: Unused tactic linter: `ring` does nothing

Note: This linter can be disabled with `set_option linter.unusedTactic false`
warning: GerverSofa/KernelOnly/FullADSoundness.lean:706:6: this tactic is never executed

Note: This linter can be disabled with `set_option linter.unreachableTactic false`
warning: GerverSofa/KernelOnly/FullADSoundness.lean:714:52: This simp argument is unused:
  alphaBeta4

Hint: Omit it from the simp argument list.
  [apply] simp [fullDualOutput, fullVars, rotDual, pathPieceDual, alphaBetaDual, pathPrimeDual, vectorSystem,
    coordEquiv, system, rot, addK, path1, path2, path3, path4, path5, pathPrime1, pathPrime2, pathPrime3, alphaBeta1,
    alphaBeta2, alphaBeta3, alphaBeta5]

Note: This linter can be disabled with `set_option linter.unusedSimpArgs false`
warning: GerverSofa/KernelOnly/FullADSoundness.lean:714:64: This simp argument is unused:
  alphaBeta5

Hint: Omit it from the simp argument list.
  [apply] simp [fullDualOutput, fullVars, rotDual, pathPieceDual, alphaBetaDual, pathPrimeDual, vectorSystem,
    coordEquiv, system, rot, addK, path1, path2, path3, path4, path5, pathPrime1, pathPrime2, pathPrime3, alphaBeta1,
    alphaBeta2, alphaBeta3, alphaBeta4]

Note: This linter can be disabled with `set_option linter.unusedSimpArgs false`
warning: GerverSofa/KernelOnly/FullADSoundness.lean:715:6: Unused tactic linter: `ring` does nothing

Note: This linter can be disabled with `set_option linter.unusedTactic false`
warning: GerverSofa/KernelOnly/FullADSoundness.lean:715:6: this tactic is never executed

Note: This linter can be disabled with `set_option linter.unreachableTactic false`
warning: GerverSofa/KernelOnly/FullADSoundness.lean:723:52: This simp argument is unused:
  alphaBeta4

Hint: Omit it from the simp argument list.
  [apply] simp [fullDualOutput, fullVars, rotDual, pathPieceDual, alphaBetaDual, pathPrimeDual, vectorSystem,
    coordEquiv, system, rot, addK, path1, path2, path3, path4, path5, pathPrime1, pathPrime2, pathPrime3, alphaBeta1,
    alphaBeta2, alphaBeta3, alphaBeta5]

Note: This linter can be disabled with `set_option linter.unusedSimpArgs false`
warning: GerverSofa/KernelOnly/FullADSoundness.lean:723:64: This simp argument is unused:
  alphaBeta5

Hint: Omit it from the simp argument list.
  [apply] simp [fullDualOutput, fullVars, rotDual, pathPieceDual, alphaBetaDual, pathPrimeDual, vectorSystem,
    coordEquiv, system, rot, addK, path1, path2, path3, path4, path5, pathPrime1, pathPrime2, pathPrime3, alphaBeta1,
    alphaBeta2, alphaBeta3, alphaBeta4]

Note: This linter can be disabled with `set_option linter.unusedSimpArgs false`
warning: GerverSofa/KernelOnly/FullADSoundness.lean:724:6: Unused tactic linter: `ring` does nothing

Note: This linter can be disabled with `set_option linter.unusedTactic false`
warning: GerverSofa/KernelOnly/FullADSoundness.lean:724:6: this tactic is never executed

Note: This linter can be disabled with `set_option linter.unreachableTactic false`
warning: GerverSofa/KernelOnly/FullADSoundness.lean:733:4: This simp argument is unused:
  alphaBeta4

Hint: Omit it from the simp argument list.
  [apply] simp [fullDualOutput, fullVars, rotDual, pathPieceDual, alphaBetaDual, pathPrimeDual, vectorSystem,
    coordEquiv, system, rot, addK, path1, path2, path3, path4, path5, pathPrime1_eq_rot, pathPrime2_eq_rot,
    pathPrime3_eq_rot, alphaBeta1, alphaBeta2, alphaBeta3, alphaBeta5]

Note: This linter can be disabled with `set_option linter.unusedSimpArgs false`
warning: GerverSofa/KernelOnly/FullADSoundness.lean:733:16: This simp argument is unused:
  alphaBeta5

Hint: Omit it from the simp argument list.
  [apply] simp [fullDualOutput, fullVars, rotDual, pathPieceDual, alphaBetaDual, pathPrimeDual, vectorSystem,
    coordEquiv, system, rot, addK, path1, path2, path3, path4, path5, pathPrime1_eq_rot, pathPrime2_eq_rot,
    pathPrime3_eq_rot, alphaBeta1, alphaBeta2, alphaBeta3, alphaBeta4]

Note: This linter can be disabled with `set_option linter.unusedSimpArgs false`
warning: GerverSofa/KernelOnly/FullADSoundness.lean:734:6: Unused tactic linter: `ring` does nothing

Note: This linter can be disabled with `set_option linter.unusedTactic false`
warning: GerverSofa/KernelOnly/FullADSoundness.lean:734:6: this tactic is never executed

Note: This linter can be disabled with `set_option linter.unreachableTactic false`
warning: GerverSofa/KernelOnly/FullADSoundness.lean:743:4: This simp argument is unused:
  alphaBeta4

Hint: Omit it from the simp argument list.
  [apply] simp [fullDualOutput, fullVars, rotDual, pathPieceDual, alphaBetaDual, pathPrimeDual, vectorSystem,
    coordEquiv, system, rot, addK, path1, path2, path3, path4, path5, pathPrime1_eq_rot, pathPrime2_eq_rot,
    pathPrime3_eq_rot, alphaBeta1, alphaBeta2, alphaBeta3, alphaBeta5]

Note: This linter can be disabled with `set_option linter.unusedSimpArgs false`
warning: GerverSofa/KernelOnly/FullADSoundness.lean:743:16: This simp argument is unused:
  alphaBeta5

Hint: Omit it from the simp argument list.
  [apply] simp [fullDualOutput, fullVars, rotDual, pathPieceDual, alphaBetaDual, pathPrimeDual, vectorSystem,
    coordEquiv, system, rot, addK, path1, path2, path3, path4, path5, pathPrime1_eq_rot, pathPrime2_eq_rot,
    pathPrime3_eq_rot, alphaBeta1, alphaBeta2, alphaBeta3, alphaBeta4]

Note: This linter can be disabled with `set_option linter.unusedSimpArgs false`
warning: GerverSofa/KernelOnly/FullADSoundness.lean:744:6: Unused tactic linter: `ring` does nothing

Note: This linter can be disabled with `set_option linter.unusedTactic false`
warning: GerverSofa/KernelOnly/FullADSoundness.lean:744:6: this tactic is never executed

Note: This linter can be disabled with `set_option linter.unreachableTactic false`
warning: GerverSofa/KernelOnly/FullADSoundness.lean:752:52: This simp argument is unused:
  alphaBeta4

Hint: Omit it from the simp argument list.
  [apply] simp [fullDualOutput, fullVars, rotDual, pathPieceDual, alphaBetaDual, pathPrimeDual, vectorSystem,
    coordEquiv, system, rot, addK, path1, path2, path3, path4, path5, pathPrime1, pathPrime2, pathPrime3, alphaBeta1,
    alphaBeta2, alphaBeta3, alphaBeta5]

Note: This linter can be disabled with `set_option linter.unusedSimpArgs false`
warning: GerverSofa/KernelOnly/FullADSoundness.lean:752:64: This simp argument is unused:
  alphaBeta5

Hint: Omit it from the simp argument list.
  [apply] simp [fullDualOutput, fullVars, rotDual, pathPieceDual, alphaBetaDual, pathPrimeDual, vectorSystem,
    coordEquiv, system, rot, addK, path1, path2, path3, path4, path5, pathPrime1, pathPrime2, pathPrime3, alphaBeta1,
    alphaBeta2, alphaBeta3, alphaBeta4]

Note: This linter can be disabled with `set_option linter.unusedSimpArgs false`
warning: GerverSofa/KernelOnly/FullADSoundness.lean:753:6: Unused tactic linter: `ring` does nothing

Note: This linter can be disabled with `set_option linter.unusedTactic false`
warning: GerverSofa/KernelOnly/FullADSoundness.lean:753:6: this tactic is never executed

Note: This linter can be disabled with `set_option linter.unreachableTactic false`
warning: GerverSofa/KernelOnly/FullADSoundness.lean:761:52: This simp argument is unused:
  alphaBeta4

Hint: Omit it from the simp argument list.
  [apply] simp [fullDualOutput, fullVars, rotDual, pathPieceDual, alphaBetaDual, pathPrimeDual, vectorSystem,
    coordEquiv, system, rot, addK, path1, path2, path3, path4, path5, pathPrime1, pathPrime2, pathPrime3, alphaBeta1,
    alphaBeta2, alphaBeta3, alphaBeta5]

Note: This linter can be disabled with `set_option linter.unusedSimpArgs false`
warning: GerverSofa/KernelOnly/FullADSoundness.lean:761:64: This simp argument is unused:
  alphaBeta5

Hint: Omit it from the simp argument list.
  [apply] simp [fullDualOutput, fullVars, rotDual, pathPieceDual, alphaBetaDual, pathPrimeDual, vectorSystem,
    coordEquiv, system, rot, addK, path1, path2, path3, path4, path5, pathPrime1, pathPrime2, pathPrime3, alphaBeta1,
    alphaBeta2, alphaBeta3, alphaBeta4]

Note: This linter can be disabled with `set_option linter.unusedSimpArgs false`
warning: GerverSofa/KernelOnly/FullADSoundness.lean:762:6: Unused tactic linter: `ring` does nothing

Note: This linter can be disabled with `set_option linter.unusedTactic false`
warning: GerverSofa/KernelOnly/FullADSoundness.lean:762:6: this tactic is never executed

Note: This linter can be disabled with `set_option linter.unreachableTactic false`
warning: GerverSofa/KernelOnly/FullADSoundness.lean:771:4: This simp argument is unused:
  alphaBeta4

Hint: Omit it from the simp argument list.
  [apply] simp [fullDualOutput, fullVars, rotDual, pathPieceDual, alphaBetaDual, pathPrimeDual, vectorSystem,
    coordEquiv, system, rot, addK, path1, path2, path3, path4, path5, pathPrime1_eq_rot, pathPrime2_eq_rot,
    pathPrime3_eq_rot, alphaBeta1, alphaBeta2, alphaBeta3, alphaBeta5]

Note: This linter can be disabled with `set_option linter.unusedSimpArgs false`
warning: GerverSofa/KernelOnly/FullADSoundness.lean:771:16: This simp argument is unused:
  alphaBeta5

Hint: Omit it from the simp argument list.
  [apply] simp [fullDualOutput, fullVars, rotDual, pathPieceDual, alphaBetaDual, pathPrimeDual, vectorSystem,
    coordEquiv, system, rot, addK, path1, path2, path3, path4, path5, pathPrime1_eq_rot, pathPrime2_eq_rot,
    pathPrime3_eq_rot, alphaBeta1, alphaBeta2, alphaBeta3, alphaBeta4]

Note: This linter can be disabled with `set_option linter.unusedSimpArgs false`
warning: GerverSofa/KernelOnly/FullADSoundness.lean:772:6: Unused tactic linter: `ring` does nothing

Note: This linter can be disabled with `set_option linter.unusedTactic false`
warning: GerverSofa/KernelOnly/FullADSoundness.lean:772:6: this tactic is never executed

Note: This linter can be disabled with `set_option linter.unreachableTactic false`
warning: GerverSofa/KernelOnly/FullADSoundness.lean:781:4: This simp argument is unused:
  alphaBeta4

Hint: Omit it from the simp argument list.
  [apply] simp [fullDualOutput, fullVars, rotDual, pathPieceDual, alphaBetaDual, pathPrimeDual, vectorSystem,
    coordEquiv, system, rot, addK, path1, path2, path3, path4, path5, pathPrime1_eq_rot, pathPrime2_eq_rot,
    pathPrime3_eq_rot, alphaBeta1, alphaBeta2, alphaBeta3, alphaBeta5]

Note: This linter can be disabled with `set_option linter.unusedSimpArgs false`
warning: GerverSofa/KernelOnly/FullADSoundness.lean:781:16: This simp argument is unused:
  alphaBeta5

Hint: Omit it from the simp argument list.
  [apply] simp [fullDualOutput, fullVars, rotDual, pathPieceDual, alphaBetaDual, pathPrimeDual, vectorSystem,
    coordEquiv, system, rot, addK, path1, path2, path3, path4, path5, pathPrime1_eq_rot, pathPrime2_eq_rot,
    pathPrime3_eq_rot, alphaBeta1, alphaBeta2, alphaBeta3, alphaBeta4]

Note: This linter can be disabled with `set_option linter.unusedSimpArgs false`
warning: GerverSofa/KernelOnly/FullADSoundness.lean:782:6: Unused tactic linter: `ring` does nothing

Note: This linter can be disabled with `set_option linter.unusedTactic false`
warning: GerverSofa/KernelOnly/FullADSoundness.lean:782:6: this tactic is never executed

Note: This linter can be disabled with `set_option linter.unreachableTactic false`
warning: GerverSofa/KernelOnly/FullADSoundness.lean:790:52: This simp argument is unused:
  alphaBeta4

Hint: Omit it from the simp argument list.
  [apply] simp [fullDualOutput, fullVars, rotDual, pathPieceDual, alphaBetaDual, pathPrimeDual, vectorSystem,
    coordEquiv, system, rot, addK, path1, path2, path3, path4, path5, pathPrime1, pathPrime2, pathPrime3, alphaBeta1,
    alphaBeta2, alphaBeta3, alphaBeta5]

Note: This linter can be disabled with `set_option linter.unusedSimpArgs false`
warning: GerverSofa/KernelOnly/FullADSoundness.lean:790:64: This simp argument is unused:
  alphaBeta5

Hint: Omit it from the simp argument list.
  [apply] simp [fullDualOutput, fullVars, rotDual, pathPieceDual, alphaBetaDual, pathPrimeDual, vectorSystem,
    coordEquiv, system, rot, addK, path1, path2, path3, path4, path5, pathPrime1, pathPrime2, pathPrime3, alphaBeta1,
    alphaBeta2, alphaBeta3, alphaBeta4]

Note: This linter can be disabled with `set_option linter.unusedSimpArgs false`
warning: GerverSofa/KernelOnly/FullADSoundness.lean:791:6: Unused tactic linter: `ring` does nothing

Note: This linter can be disabled with `set_option linter.unusedTactic false`
warning: GerverSofa/KernelOnly/FullADSoundness.lean:791:6: this tactic is never executed

Note: This linter can be disabled with `set_option linter.unreachableTactic false`
warning: GerverSofa/KernelOnly/FullADSoundness.lean:799:52: This simp argument is unused:
  alphaBeta4

Hint: Omit it from the simp argument list.
  [apply] simp [fullDualOutput, fullVars, rotDual, pathPieceDual, alphaBetaDual, pathPrimeDual, vectorSystem,
    coordEquiv, system, rot, addK, path1, path2, path3, path4, path5, pathPrime1, pathPrime2, pathPrime3, alphaBeta1,
    alphaBeta2, alphaBeta3, alphaBeta5]

Note: This linter can be disabled with `set_option linter.unusedSimpArgs false`
warning: GerverSofa/KernelOnly/FullADSoundness.lean:799:64: This simp argument is unused:
  alphaBeta5

Hint: Omit it from the simp argument list.
  [apply] simp [fullDualOutput, fullVars, rotDual, pathPieceDual, alphaBetaDual, pathPrimeDual, vectorSystem,
    coordEquiv, system, rot, addK, path1, path2, path3, path4, path5, pathPrime1, pathPrime2, pathPrime3, alphaBeta1,
    alphaBeta2, alphaBeta3, alphaBeta4]

Note: This linter can be disabled with `set_option linter.unusedSimpArgs false`
warning: GerverSofa/KernelOnly/FullADSoundness.lean:800:6: Unused tactic linter: `ring` does nothing

Note: This linter can be disabled with `set_option linter.unusedTactic false`
warning: GerverSofa/KernelOnly/FullADSoundness.lean:800:6: this tactic is never executed

Note: This linter can be disabled with `set_option linter.unreachableTactic false`
warning: GerverSofa/KernelOnly/FullADSoundness.lean:808:52: This simp argument is unused:
  alphaBeta4

Hint: Omit it from the simp argument list.
  [apply] simp [fullDualOutput, fullVars, rotDual, pathPieceDual, alphaBetaDual, pathPrimeDual, vectorSystem,
    coordEquiv, system, rot, addK, path1, path2, path3, path4, path5, pathPrime1, pathPrime2, pathPrime3, alphaBeta1,
    alphaBeta2, alphaBeta3, alphaBeta5]

Note: This linter can be disabled with `set_option linter.unusedSimpArgs false`
warning: GerverSofa/KernelOnly/FullADSoundness.lean:808:64: This simp argument is unused:
  alphaBeta5

Hint: Omit it from the simp argument list.
  [apply] simp [fullDualOutput, fullVars, rotDual, pathPieceDual, alphaBetaDual, pathPrimeDual, vectorSystem,
    coordEquiv, system, rot, addK, path1, path2, path3, path4, path5, pathPrime1, pathPrime2, pathPrime3, alphaBeta1,
    alphaBeta2, alphaBeta3, alphaBeta4]

Note: This linter can be disabled with `set_option linter.unusedSimpArgs false`
warning: GerverSofa/KernelOnly/FullADSoundness.lean:809:6: Unused tactic linter: `ring` does nothing

Note: This linter can be disabled with `set_option linter.unusedTactic false`
warning: GerverSofa/KernelOnly/FullADSoundness.lean:809:6: this tactic is never executed

Note: This linter can be disabled with `set_option linter.unreachableTactic false`
warning: GerverSofa/KernelOnly/FullADSoundness.lean:817:52: This simp argument is unused:
  alphaBeta4

Hint: Omit it from the simp argument list.
  [apply] simp [fullDualOutput, fullVars, rotDual, pathPieceDual, alphaBetaDual, pathPrimeDual, vectorSystem,
    coordEquiv, system, rot, addK, path1, path2, path3, path4, path5, pathPrime1, pathPrime2, pathPrime3, alphaBeta1,
    alphaBeta2, alphaBeta3, alphaBeta5]

Note: This linter can be disabled with `set_option linter.unusedSimpArgs false`
warning: GerverSofa/KernelOnly/FullADSoundness.lean:817:64: This simp argument is unused:
  alphaBeta5

Hint: Omit it from the simp argument list.
  [apply] simp [fullDualOutput, fullVars, rotDual, pathPieceDual, alphaBetaDual, pathPrimeDual, vectorSystem,
    coordEquiv, system, rot, addK, path1, path2, path3, path4, path5, pathPrime1, pathPrime2, pathPrime3, alphaBeta1,
    alphaBeta2, alphaBeta3, alphaBeta4]

Note: This linter can be disabled with `set_option linter.unusedSimpArgs false`
warning: GerverSofa/KernelOnly/FullADSoundness.lean:818:6: Unused tactic linter: `ring` does nothing

Note: This linter can be disabled with `set_option linter.unusedTactic false`
warning: GerverSofa/KernelOnly/FullADSoundness.lean:818:6: this tactic is never executed

Note: This linter can be disabled with `set_option linter.unreachableTactic false`
warning: GerverSofa/KernelOnly/FullADSoundness.lean:826:52: This simp argument is unused:
  alphaBeta4

Hint: Omit it from the simp argument list.
  [apply] simp [fullDualOutput, fullVars, rotDual, pathPieceDual, alphaBetaDual, pathPrimeDual, vectorSystem,
    coordEquiv, system, rot, addK, path1, path2, path3, path4, path5, pathPrime1, pathPrime2, pathPrime3, alphaBeta1,
    alphaBeta2, alphaBeta3, alphaBeta5]

Note: This linter can be disabled with `set_option linter.unusedSimpArgs false`
warning: GerverSofa/KernelOnly/FullADSoundness.lean:826:64: This simp argument is unused:
  alphaBeta5

Hint: Omit it from the simp argument list.
  [apply] simp [fullDualOutput, fullVars, rotDual, pathPieceDual, alphaBetaDual, pathPrimeDual, vectorSystem,
    coordEquiv, system, rot, addK, path1, path2, path3, path4, path5, pathPrime1, pathPrime2, pathPrime3, alphaBeta1,
    alphaBeta2, alphaBeta3, alphaBeta4]

Note: This linter can be disabled with `set_option linter.unusedSimpArgs false`
warning: GerverSofa/KernelOnly/FullADSoundness.lean:827:6: Unused tactic linter: `ring` does nothing

Note: This linter can be disabled with `set_option linter.unusedTactic false`
warning: GerverSofa/KernelOnly/FullADSoundness.lean:827:6: this tactic is never executed

Note: This linter can be disabled with `set_option linter.unreachableTactic false`
warning: GerverSofa/KernelOnly/FullADSoundness.lean:835:52: This simp argument is unused:
  alphaBeta4

Hint: Omit it from the simp argument list.
  [apply] simp [fullDualOutput, fullVars, rotDual, pathPieceDual, alphaBetaDual, pathPrimeDual, vectorSystem,
    coordEquiv, system, rot, addK, path1, path2, path3, path4, path5, pathPrime1, pathPrime2, pathPrime3, alphaBeta1,
    alphaBeta2, alphaBeta3, alphaBeta5]

Note: This linter can be disabled with `set_option linter.unusedSimpArgs false`
warning: GerverSofa/KernelOnly/FullADSoundness.lean:835:64: This simp argument is unused:
  alphaBeta5

Hint: Omit it from the simp argument list.
  [apply] simp [fullDualOutput, fullVars, rotDual, pathPieceDual, alphaBetaDual, pathPrimeDual, vectorSystem,
    coordEquiv, system, rot, addK, path1, path2, path3, path4, path5, pathPrime1, pathPrime2, pathPrime3, alphaBeta1,
    alphaBeta2, alphaBeta3, alphaBeta4]

Note: This linter can be disabled with `set_option linter.unusedSimpArgs false`
warning: GerverSofa/KernelOnly/FullADSoundness.lean:836:6: Unused tactic linter: `ring` does nothing

Note: This linter can be disabled with `set_option linter.unusedTactic false`
warning: GerverSofa/KernelOnly/FullADSoundness.lean:836:6: this tactic is never executed

Note: This linter can be disabled with `set_option linter.unreachableTactic false`
warning: GerverSofa/KernelOnly/FullADSoundness.lean:876:4: try 'simp' instead of 'simpa'

Note: This linter can be disabled with `set_option linter.unnecessarySimpa false`
warning: GerverSofa/KernelOnly/FullADSoundness.lean:888:0: Definition `fullADSoundness` is a proposition; use `theorem` instead of `def`

Note: This linter can be disabled with `set_option linter.defProp false`
ÔÜá [2838/3086] Replayed GerverSofa.KernelOnly.NumericalSoundness
warning: GerverSofa/KernelOnly/NumericalSoundness.lean:15:0: Definition `gerverNumericalSoundness` is a proposition; use `theorem` instead of `def`

Note: This linter can be disabled with `set_option linter.defProp false`
ÔÜá [2842/3086] Replayed GerverSofa.KernelOnly.LeanCertGerverCorrespondence
warning: GerverSofa/KernelOnly/LeanCertGerverCorrespondence.lean:22:22: This simp argument is unused:
  finEnv

Hint: Omit it from the simp argument list.
  [apply] simp [evalFin, epi]

Note: This linter can be disabled with `set_option linter.unusedSimpArgs false`
warning: GerverSofa/KernelOnly/LeanCertGerverCorrespondence.lean:34:37: This simp argument is unused:
  eneg

Hint: Omit it from the simp argument list.
  [apply] simp [reducedExpr, reducedExprList, reducedAffine, affineFromBox, scaledVar, boxMid, boxRad, eadd, esub, emul,
    escale, esin, ecos, ec, ev, epi, evalFin, finEnv, Reduced.models, ScalarModel.var, ScalarModel.const,
    ScalarModel.add, ScalarModel.neg, ScalarModel.sub, ScalarModel.mul, ScalarModel.scale, ScalarModel.sin,
    ScalarModel.cos]

Note: This linter can be disabled with `set_option linter.unusedSimpArgs false`
warning: GerverSofa/KernelOnly/LeanCertGerverCorrespondence.lean:38:2: Used `tac1 <;> tac2` where `(tac1; tac2)` would suffice

Note: This linter can be disabled with `set_option linter.unnecessarySeqFocus false`
warning: GerverSofa/KernelOnly/LeanCertGerverCorrespondence.lean:48:37: This simp argument is unused:
  eneg

Hint: Omit it from the simp argument list.
  [apply] simp [reducedExpr, reducedExprList, reducedAffine, affineFromBox, scaledVar, boxMid, boxRad, eadd, esub, emul,
    escale, esin, ecos, ec, ev, epi, evalFin, finEnv, Reduced.models, ScalarModel.var, ScalarModel.const,
    ScalarModel.add, ScalarModel.neg, ScalarModel.sub, ScalarModel.mul, ScalarModel.scale, ScalarModel.sin,
    ScalarModel.cos]

Note: This linter can be disabled with `set_option linter.unusedSimpArgs false`
warning: GerverSofa/KernelOnly/LeanCertGerverCorrespondence.lean:52:6: Unused tactic linter: `ring` does nothing

Note: This linter can be disabled with `set_option linter.unusedTactic false`
warning: GerverSofa/KernelOnly/LeanCertGerverCorrespondence.lean:52:6: this tactic is never executed

Note: This linter can be disabled with `set_option linter.unreachableTactic false`
warning: GerverSofa/KernelOnly/LeanCertGerverCorrespondence.lean:62:37: This simp argument is unused:
  eneg

Hint: Omit it from the simp argument list.
  [apply] simp [reducedExpr, reducedExprList, reducedAffine, affineFromBox, scaledVar, boxMid, boxRad, eadd, esub, emul,
    escale, esin, ecos, ec, ev, epi, evalFin, finEnv, Reduced.models, ScalarModel.var, ScalarModel.const,
    ScalarModel.add, ScalarModel.neg, ScalarModel.sub, ScalarModel.mul, ScalarModel.scale, ScalarModel.sin,
    ScalarModel.cos]

Note: This linter can be disabled with `set_option linter.unusedSimpArgs false`
warning: GerverSofa/KernelOnly/LeanCertGerverCorrespondence.lean:66:6: Unused tactic linter: `ring` does nothing

Note: This linter can be disabled with `set_option linter.unusedTactic false`
warning: GerverSofa/KernelOnly/LeanCertGerverCorrespondence.lean:66:6: this tactic is never executed

Note: This linter can be disabled with `set_option linter.unreachableTactic false`
warning: GerverSofa/KernelOnly/LeanCertGerverCorrespondence.lean:76:37: This simp argument is unused:
  eneg

Hint: Omit it from the simp argument list.
  [apply] simp [reducedExpr, reducedExprList, reducedAffine, affineFromBox, scaledVar, boxMid, boxRad, eadd, esub, emul,
    escale, esin, ecos, ec, ev, epi, evalFin, finEnv, Reduced.models, ScalarModel.var, ScalarModel.const,
    ScalarModel.add, ScalarModel.neg, ScalarModel.sub, ScalarModel.mul, ScalarModel.scale, ScalarModel.sin,
    ScalarModel.cos]

Note: This linter can be disabled with `set_option linter.unusedSimpArgs false`
warning: GerverSofa/KernelOnly/LeanCertGerverCorrespondence.lean:80:6: Unused tactic linter: `ring` does nothing

Note: This linter can be disabled with `set_option linter.unusedTactic false`
warning: GerverSofa/KernelOnly/LeanCertGerverCorrespondence.lean:80:6: this tactic is never executed

Note: This linter can be disabled with `set_option linter.unreachableTactic false`
warning: GerverSofa/KernelOnly/LeanCertGerverCorrespondence.lean:112:6: Used `tac1 <;> tac2` where `(tac1; tac2)` would suffice

Note: This linter can be disabled with `set_option linter.unnecessarySeqFocus false`
warning: GerverSofa/KernelOnly/LeanCertGerverCorrespondence.lean:134:10: Unused tactic linter: `ring` does nothing

Note: This linter can be disabled with `set_option linter.unusedTactic false`
warning: GerverSofa/KernelOnly/LeanCertGerverCorrespondence.lean:134:10: this tactic is never executed

Note: This linter can be disabled with `set_option linter.unreachableTactic false`
warning: GerverSofa/KernelOnly/LeanCertGerverCorrespondence.lean:156:6: Used `tac1 <;> tac2` where `(tac1; tac2)` would suffice

Note: This linter can be disabled with `set_option linter.unnecessarySeqFocus false`
warning: GerverSofa/KernelOnly/LeanCertGerverCorrespondence.lean:178:6: Used `tac1 <;> tac2` where `(tac1; tac2)` would suffice

Note: This linter can be disabled with `set_option linter.unnecessarySeqFocus false`
warning: GerverSofa/KernelOnly/LeanCertGerverCorrespondence.lean:200:6: Used `tac1 <;> tac2` where `(tac1; tac2)` would suffice

Note: This linter can be disabled with `set_option linter.unnecessarySeqFocus false`
warning: GerverSofa/KernelOnly/LeanCertGerverCorrespondence.lean:222:6: Used `tac1 <;> tac2` where `(tac1; tac2)` would suffice

Note: This linter can be disabled with `set_option linter.unnecessarySeqFocus false`
warning: GerverSofa/KernelOnly/LeanCertGerverCorrespondence.lean:244:6: Used `tac1 <;> tac2` where `(tac1; tac2)` would suffice

Note: This linter can be disabled with `set_option linter.unnecessarySeqFocus false`
warning: GerverSofa/KernelOnly/LeanCertGerverCorrespondence.lean:266:10: Unused tactic linter: `ring` does nothing

Note: This linter can be disabled with `set_option linter.unusedTactic false`
warning: GerverSofa/KernelOnly/LeanCertGerverCorrespondence.lean:266:10: this tactic is never executed

Note: This linter can be disabled with `set_option linter.unreachableTactic false`
warning: GerverSofa/KernelOnly/LeanCertGerverCorrespondence.lean:288:6: Used `tac1 <;> tac2` where `(tac1; tac2)` would suffice

Note: This linter can be disabled with `set_option linter.unnecessarySeqFocus false`
warning: GerverSofa/KernelOnly/LeanCertGerverCorrespondence.lean:310:6: Used `tac1 <;> tac2` where `(tac1; tac2)` would suffice

Note: This linter can be disabled with `set_option linter.unnecessarySeqFocus false`
warning: GerverSofa/KernelOnly/LeanCertGerverCorrespondence.lean:332:6: Used `tac1 <;> tac2` where `(tac1; tac2)` would suffice

Note: This linter can be disabled with `set_option linter.unnecessarySeqFocus false`
warning: GerverSofa/KernelOnly/LeanCertGerverCorrespondence.lean:354:6: Used `tac1 <;> tac2` where `(tac1; tac2)` would suffice

Note: This linter can be disabled with `set_option linter.unnecessarySeqFocus false`
warning: GerverSofa/KernelOnly/LeanCertGerverCorrespondence.lean:376:6: Used `tac1 <;> tac2` where `(tac1; tac2)` would suffice

Note: This linter can be disabled with `set_option linter.unnecessarySeqFocus false`
warning: GerverSofa/KernelOnly/LeanCertGerverCorrespondence.lean:398:6: Used `tac1 <;> tac2` where `(tac1; tac2)` would suffice

Note: This linter can be disabled with `set_option linter.unnecessarySeqFocus false`
warning: GerverSofa/KernelOnly/LeanCertGerverCorrespondence.lean:420:6: Used `tac1 <;> tac2` where `(tac1; tac2)` would suffice

Note: This linter can be disabled with `set_option linter.unnecessarySeqFocus false`
warning: GerverSofa/KernelOnly/LeanCertGerverCorrespondence.lean:442:6: Used `tac1 <;> tac2` where `(tac1; tac2)` would suffice

Note: This linter can be disabled with `set_option linter.unnecessarySeqFocus false`
info: GerverSofa/KernelOnly/LeanCertGerverCorrespondence.lean:464:10: Try this:
  [apply] ring_nf
  
  The `ring` tactic failed to close the goal. Use `ring_nf` to obtain a normal form.
    
  Note that `ring` works primarily in *commutative* rings. If you have a noncommutative ring, abelian group or module, consider using `noncomm_ring`, `abel` or `module` instead.
warning: GerverSofa/KernelOnly/LeanCertGerverCorrespondence.lean:464:6: Used `tac1 <;> tac2` where `(tac1; tac2)` would suffice

Note: This linter can be disabled with `set_option linter.unnecessarySeqFocus false`
info: GerverSofa/KernelOnly/LeanCertGerverCorrespondence.lean:486:10: Try this:
  [apply] ring_nf
  
  The `ring` tactic failed to close the goal. Use `ring_nf` to obtain a normal form.
    
  Note that `ring` works primarily in *commutative* rings. If you have a noncommutative ring, abelian group or module, consider using `noncomm_ring`, `abel` or `module` instead.
warning: GerverSofa/KernelOnly/LeanCertGerverCorrespondence.lean:486:6: Used `tac1 <;> tac2` where `(tac1; tac2)` would suffice

Note: This linter can be disabled with `set_option linter.unnecessarySeqFocus false`
info: GerverSofa/KernelOnly/LeanCertGerverCorrespondence.lean:508:10: Try this:
  [apply] ring_nf
  
  The `ring` tactic failed to close the goal. Use `ring_nf` to obtain a normal form.
    
  Note that `ring` works primarily in *commutative* rings. If you have a noncommutative ring, abelian group or module, consider using `noncomm_ring`, `abel` or `module` instead.
warning: GerverSofa/KernelOnly/LeanCertGerverCorrespondence.lean:508:6: Used `tac1 <;> tac2` where `(tac1; tac2)` would suffice

Note: This linter can be disabled with `set_option linter.unnecessarySeqFocus false`
info: GerverSofa/KernelOnly/LeanCertGerverCorrespondence.lean:530:10: Try this:
  [apply] ring_nf
  
  The `ring` tactic failed to close the goal. Use `ring_nf` to obtain a normal form.
    
  Note that `ring` works primarily in *commutative* rings. If you have a noncommutative ring, abelian group or module, consider using `noncomm_ring`, `abel` or `module` instead.
warning: GerverSofa/KernelOnly/LeanCertGerverCorrespondence.lean:530:6: Used `tac1 <;> tac2` where `(tac1; tac2)` would suffice

Note: This linter can be disabled with `set_option linter.unnecessarySeqFocus false`
info: GerverSofa/KernelOnly/LeanCertGerverCorrespondence.lean:552:10: Try this:
  [apply] ring_nf
  
  The `ring` tactic failed to close the goal. Use `ring_nf` to obtain a normal form.
    
  Note that `ring` works primarily in *commutative* rings. If you have a noncommutative ring, abelian group or module, consider using `noncomm_ring`, `abel` or `module` instead.
warning: GerverSofa/KernelOnly/LeanCertGerverCorrespondence.lean:552:6: Used `tac1 <;> tac2` where `(tac1; tac2)` would suffice

Note: This linter can be disabled with `set_option linter.unnecessarySeqFocus false`
info: GerverSofa/KernelOnly/LeanCertGerverCorrespondence.lean:574:10: Try this:
  [apply] ring_nf
  
  The `ring` tactic failed to close the goal. Use `ring_nf` to obtain a normal form.
    
  Note that `ring` works primarily in *commutative* rings. If you have a noncommutative ring, abelian group or module, consider using `noncomm_ring`, `abel` or `module` instead.
warning: GerverSofa/KernelOnly/LeanCertGerverCorrespondence.lean:574:6: Used `tac1 <;> tac2` where `(tac1; tac2)` would suffice

Note: This linter can be disabled with `set_option linter.unnecessarySeqFocus false`
ÔÜá [2843/3086] Replayed GerverSofa.KernelOnly.LeanCertNoDetKrawczyk
warning: GerverSofa/KernelOnly/LeanCertNoDetKrawczyk.lean:176:45: This simp argument is unused:
  if_pos rfl

Hint: Omit it from the simp argument list.
  [apply] simp only [kernelNamedConstInterval]

Note: This linter can be disabled with `set_option linter.unusedSimpArgs false`
ÔÜá [3073/3315] Replayed GerverSofa.KernelOnly.PartE.ScaledResidualInterval
warning: GerverSofa/KernelOnly/PartE/ScaledResidualInterval.lean:84:6: Unused tactic linter: `ring` does nothing

Note: This linter can be disabled with `set_option linter.unusedTactic false`
warning: GerverSofa/KernelOnly/PartE/ScaledResidualInterval.lean:84:6: this tactic is never executed

Note: This linter can be disabled with `set_option linter.unreachableTactic false`
warning: GerverSofa/KernelOnly/PartE/ScaledResidualInterval.lean:188:6: Variable name `quarter` is not explicitly referenced.

Hint: The binding can be removed (if unused) or named `_` (if used implicitly). Alternatively, prefix the name with `_` to silence this warning:
  [apply] _quarter

Note: This linter can be disabled with `set_option linter.unusedVariables false`
warning: GerverSofa/KernelOnly/PartE/ScaledResidualInterval.lean:248:2: Used `tac1 <;> tac2` where `(tac1; tac2)` would suffice

Note: This linter can be disabled with `set_option linter.unnecessarySeqFocus false`
warning: GerverSofa/KernelOnly/PartE/ScaledResidualInterval.lean:259:2: Used `tac1 <;> tac2` where `(tac1; tac2)` would suffice

Note: This linter can be disabled with `set_option linter.unnecessarySeqFocus false`
ÔÜá [3075/3315] Replayed GerverSofa.KernelOnly.PartE.RegionalCoverDecomposition
warning: GerverSofa/KernelOnly/PartE/RegionalCoverDecomposition.lean:85:6: try 'simp' instead of 'simpa'

Note: This linter can be disabled with `set_option linter.unnecessarySimpa false`
warning: GerverSofa/KernelOnly/PartE/RegionalCoverDecomposition.lean:88:6: try 'simp' instead of 'simpa'

Note: This linter can be disabled with `set_option linter.unnecessarySimpa false`
Ôä╣ [3076/3315] Replayed GerverSofa.KernelOnly.PartE.LocalTwoAngleKrawczykClosure
info: GerverSofa/KernelOnly/PartE/LocalTwoAngleKrawczykClosure.lean:326:0: 19691385624988687147112669727656608879790989267838286584243865796827186107368061805889821762348752770644517337137444958885747457889 /
  534639851724393676800000000000000000000000000000000000000000000000000000000000000000000000000000000000000000000000000000000000000000
info: GerverSofa/KernelOnly/PartE/LocalTwoAngleKrawczykClosure.lean:327:0: { lo := (6007632739340823269545923373963812350248057892267453881974527264844461715696593337760648384297140456103141276065254440482672991189862688017567614340494600911129690039698151141813298556465001455675143283356099611891790289051289976289270477896199703571618249164930945538901812085726769101479063482939363670762883363240679677512314491105468988727314324655464679129208281201542486743898381306555891880131370538404519332127170166690229652753981502251090881306905668926896011438125084738172599455888491311045539666504505743728751532210060837215225454219043959750042718447994061329 : Rat)/153546139528997535839358340300800000000000000000000000000000000000000000000000000000000000000000000000000000000000000000000000000000000000000000000000000000000000000000000000000000000000000000000000000000000000000000000000000000000000000000000000000000000000000000000000000000000000000000000000000000000000000000000000000000000000000000000000000000000000000000000000000000000000000000000000000000000000000000000000000000000000000000000000000000000000000000000000000000000000000000000000000000000000000000000000000000000000000000000000000000000000000000000000000000000000000000,
  hi := (17820809176131400699219047581089480160124677720196425113949079918241529443138624759844909229911686119570598960334263763806794052681193323086884491924145312435991576450383676091069712235953335830661155041924581356642808646875649385081871315614510717353603229049386844526511380002352483974499334878600782694286294532433009240203716180785948160511974068261285343047254978913387155098110385889238709956198025871755546525568883389090981751038769588869951668477589789534851683933409651388442103208248020686393472530716040314253466420879124672757525555661004612466121762903369701 : Rat)/454278519316560756921178521600000000000000000000000000000000000000000000000000000000000000000000000000000000000000000000000000000000000000000000000000000000000000000000000000000000000000000000000000000000000000000000000000000000000000000000000000000000000000000000000000000000000000000000000000000000000000000000000000000000000000000000000000000000000000000000000000000000000000000000000000000000000000000000000000000000000000000000000000000000000000000000000000000000000000000000000000000000000000000000000000000000000000000000000000000000000000000000000000000000000000000,
  le := _ }
info: GerverSofa/KernelOnly/PartE/LocalTwoAngleKrawczykClosure.lean:328:0: { lo := (1101087539367375823764442494207424913299181748972146726215852087337016199254257149699169456377877543835251718948959567327719335532519676887535337276024109112498336766725442881037340256217318669298609851848518349685861202516788253944399913385270514531945899714552567199463029712000178641340721970351312321370741677511258033317949972861699935266063433521422240500016187818746846679689048021279620704921964030796007694123461335028709724461495337696196780363979921076681443935636562621153742190259994204759542348554889865805801943123039969275930690151207586163009043150325956389 : Rat)/1616275152936816166730087792640000000000000000000000000000000000000000000000000000000000000000000000000000000000000000000000000000000000000000000000000000000000000000000000000000000000000000000000000000000000000000000000000000000000000000000000000000000000000000000000000000000000000000000000000000000000000000000000000000000000000000000000000000000000000000000000000000000000000000000000000000000000000000000000000000000000000000000000000000000000000000000000000000000000000000000000000000000000000000000000000000000000000000000000000000000000000000000000000000000000000000,
  hi := (26154779250523073356108309182274586596945869230789284282359277430180439318401954289162245821516895534887793674113001143219959551893102248680198434855863036185714212952765541112536025833687818743380364511732471104052950498337704201120750771471021945112076332407432692326496740415918781637859796091785186953134143535825433922175964502341939107585447722205484984087034061338632545715588919656662761383356827971348389443276541254226217422013721574064142443272074687723855343988882635125468774206149467990019545511615214734951939958445725031171812094365124792984751584126975696149 : Rat)/38386534882249383959839585075200000000000000000000000000000000000000000000000000000000000000000000000000000000000000000000000000000000000000000000000000000000000000000000000000000000000000000000000000000000000000000000000000000000000000000000000000000000000000000000000000000000000000000000000000000000000000000000000000000000000000000000000000000000000000000000000000000000000000000000000000000000000000000000000000000000000000000000000000000000000000000000000000000000000000000000000000000000000000000000000000000000000000000000000000000000000000000000000000000000000000000,
  le := _ }
info: GerverSofa/KernelOnly/PartE/LocalTwoAngleKrawczykClosure.lean:330:0: "E21F_CONTRACTION_BOUND_LT_Q=true"
info: GerverSofa/KernelOnly/PartE/LocalTwoAngleKrawczykClosure.lean:334:0: "E21F_IMAGE_0_INSIDE=true"
info: GerverSofa/KernelOnly/PartE/LocalTwoAngleKrawczykClosure.lean:338:0: "E21F_IMAGE_1_INSIDE=true"
ÔÜá [3760/3958] Replayed GerverSofa.KernelOnly.PartE.E24KC5Direct_e24KC2PhiBelowLeaf33203__c0_8_00242
warning: GerverSofa/KernelOnly/PartE/E24KC5Direct_e24KC2PhiBelowLeaf33203__c0_8_00242.lean:10:8: The declaration 'e24KC2PhiBelowLeaf33203__c0' contains '__', which does not follow the mathlib naming conventions. Consider using single underscores instead.

Note: This linter can be disabled with `set_option linter.style.nameCheck false`
ÔÜá [3761/3958] Replayed GerverSofa.KernelOnly.PartE.E24KC5Direct_e24KC2PhiBelowLeaf33203__c1_8_00243
warning: GerverSofa/KernelOnly/PartE/E24KC5Direct_e24KC2PhiBelowLeaf33203__c1_8_00243.lean:10:8: The declaration 'e24KC2PhiBelowLeaf33203__c1' contains '__', which does not follow the mathlib naming conventions. Consider using single underscores instead.

Note: This linter can be disabled with `set_option linter.style.nameCheck false`
ÔÜá [3762/3958] Replayed GerverSofa.KernelOnly.PartE.E24KC5Direct_e24KC2PhiBelowLeaf33203__c2_8_00244
warning: GerverSofa/KernelOnly/PartE/E24KC5Direct_e24KC2PhiBelowLeaf33203__c2_8_00244.lean:10:8: The declaration 'e24KC2PhiBelowLeaf33203__c2' contains '__', which does not follow the mathlib naming conventions. Consider using single underscores instead.

Note: This linter can be disabled with `set_option linter.style.nameCheck false`
ÔÜá [3763/3958] Replayed GerverSofa.KernelOnly.PartE.E24KC5Direct_e24KC2PhiBelowLeaf33203__c3_8_00245
warning: GerverSofa/KernelOnly/PartE/E24KC5Direct_e24KC2PhiBelowLeaf33203__c3_8_00245.lean:10:8: The declaration 'e24KC2PhiBelowLeaf33203__c3' contains '__', which does not follow the mathlib naming conventions. Consider using single underscores instead.

Note: This linter can be disabled with `set_option linter.style.nameCheck false`
ÔÜá [3765/3958] Replayed GerverSofa.KernelOnly.PartE.E24KC5Direct_e24KC2PhiBelowLeaf33221__c0_8_00256
warning: GerverSofa/KernelOnly/PartE/E24KC5Direct_e24KC2PhiBelowLeaf33221__c0_8_00256.lean:10:8: The declaration 'e24KC2PhiBelowLeaf33221__c0' contains '__', which does not follow the mathlib naming conventions. Consider using single underscores instead.

Note: This linter can be disabled with `set_option linter.style.nameCheck false`
ÔÜá [3766/3958] Replayed GerverSofa.KernelOnly.PartE.E24KC5Direct_e24KC2PhiBelowLeaf33221__c1_8_00257
warning: GerverSofa/KernelOnly/PartE/E24KC5Direct_e24KC2PhiBelowLeaf33221__c1_8_00257.lean:10:8: The declaration 'e24KC2PhiBelowLeaf33221__c1' contains '__', which does not follow the mathlib naming conventions. Consider using single underscores instead.

Note: This linter can be disabled with `set_option linter.style.nameCheck false`
ÔÜá [3767/3958] Replayed GerverSofa.KernelOnly.PartE.E24KC5Direct_e24KC2PhiBelowLeaf33221__c2_8_00258
warning: GerverSofa/KernelOnly/PartE/E24KC5Direct_e24KC2PhiBelowLeaf33221__c2_8_00258.lean:10:8: The declaration 'e24KC2PhiBelowLeaf33221__c2' contains '__', which does not follow the mathlib naming conventions. Consider using single underscores instead.

Note: This linter can be disabled with `set_option linter.style.nameCheck false`
ÔÜá [3768/3958] Replayed GerverSofa.KernelOnly.PartE.E24KC5Direct_e24KC2PhiBelowLeaf33221__c3_8_00259
warning: GerverSofa/KernelOnly/PartE/E24KC5Direct_e24KC2PhiBelowLeaf33221__c3_8_00259.lean:10:8: The declaration 'e24KC2PhiBelowLeaf33221__c3' contains '__', which does not follow the mathlib naming conventions. Consider using single underscores instead.

Note: This linter can be disabled with `set_option linter.style.nameCheck false`
ÔÜá [3770/3958] Replayed GerverSofa.KernelOnly.PartE.E24KC5Direct_e24KC2PhiBelowLeaf33223__c0_8_00265
warning: GerverSofa/KernelOnly/PartE/E24KC5Direct_e24KC2PhiBelowLeaf33223__c0_8_00265.lean:10:8: The declaration 'e24KC2PhiBelowLeaf33223__c0' contains '__', which does not follow the mathlib naming conventions. Consider using single underscores instead.

Note: This linter can be disabled with `set_option linter.style.nameCheck false`
ÔÜá [3771/3958] Replayed GerverSofa.KernelOnly.PartE.E24KC5Direct_e24KC2PhiBelowLeaf33223__c1_8_00266
warning: GerverSofa/KernelOnly/PartE/E24KC5Direct_e24KC2PhiBelowLeaf33223__c1_8_00266.lean:10:8: The declaration 'e24KC2PhiBelowLeaf33223__c1' contains '__', which does not follow the mathlib naming conventions. Consider using single underscores instead.

Note: This linter can be disabled with `set_option linter.style.nameCheck false`
ÔÜá [3772/3958] Replayed GerverSofa.KernelOnly.PartE.E24KC5Direct_e24KC2PhiBelowLeaf33223__c2_8_00267
warning: GerverSofa/KernelOnly/PartE/E24KC5Direct_e24KC2PhiBelowLeaf33223__c2_8_00267.lean:10:8: The declaration 'e24KC2PhiBelowLeaf33223__c2' contains '__', which does not follow the mathlib naming conventions. Consider using single underscores instead.

Note: This linter can be disabled with `set_option linter.style.nameCheck false`
ÔÜá [3773/3958] Replayed GerverSofa.KernelOnly.PartE.E24KC5Direct_e24KC2PhiBelowLeaf33223__c3_8_00268
warning: GerverSofa/KernelOnly/PartE/E24KC5Direct_e24KC2PhiBelowLeaf33223__c3_8_00268.lean:10:8: The declaration 'e24KC2PhiBelowLeaf33223__c3' contains '__', which does not follow the mathlib naming conventions. Consider using single underscores instead.

Note: This linter can be disabled with `set_option linter.style.nameCheck false`
ÔÜá [3775/3958] Replayed GerverSofa.KernelOnly.PartE.E24KC5Direct_e24KC2PhiBelowLeaf33230__c0_8_00271
warning: GerverSofa/KernelOnly/PartE/E24KC5Direct_e24KC2PhiBelowLeaf33230__c0_8_00271.lean:10:8: The declaration 'e24KC2PhiBelowLeaf33230__c0' contains '__', which does not follow the mathlib naming conventions. Consider using single underscores instead.

Note: This linter can be disabled with `set_option linter.style.nameCheck false`
ÔÜá [3776/3958] Replayed GerverSofa.KernelOnly.PartE.E24KC5Direct_e24KC2PhiBelowLeaf33230__c1_8_00272
warning: GerverSofa/KernelOnly/PartE/E24KC5Direct_e24KC2PhiBelowLeaf33230__c1_8_00272.lean:10:8: The declaration 'e24KC2PhiBelowLeaf33230__c1' contains '__', which does not follow the mathlib naming conventions. Consider using single underscores instead.

Note: This linter can be disabled with `set_option linter.style.nameCheck false`
ÔÜá [3777/3958] Replayed GerverSofa.KernelOnly.PartE.E24KC5Direct_e24KC2PhiBelowLeaf33230__c2__c0_7_00274
warning: GerverSofa/KernelOnly/PartE/E24KC5Direct_e24KC2PhiBelowLeaf33230__c2__c0_7_00274.lean:10:8: The declaration 'e24KC2PhiBelowLeaf33230__c2__c0' contains '__', which does not follow the mathlib naming conventions. Consider using single underscores instead.

Note: This linter can be disabled with `set_option linter.style.nameCheck false`
ÔÜá [3778/3958] Replayed GerverSofa.KernelOnly.PartE.E24KC5Direct_e24KC2PhiBelowLeaf33230__c2__c1_7_00275
warning: GerverSofa/KernelOnly/PartE/E24KC5Direct_e24KC2PhiBelowLeaf33230__c2__c1_7_00275.lean:10:8: The declaration 'e24KC2PhiBelowLeaf33230__c2__c1' contains '__', which does not follow the mathlib naming conventions. Consider using single underscores instead.

Note: This linter can be disabled with `set_option linter.style.nameCheck false`
ÔÜá [3779/3958] Replayed GerverSofa.KernelOnly.PartE.E24KC5Direct_e24KC2PhiBelowLeaf33230__c2__c2_7_00276
warning: GerverSofa/KernelOnly/PartE/E24KC5Direct_e24KC2PhiBelowLeaf33230__c2__c2_7_00276.lean:10:8: The declaration 'e24KC2PhiBelowLeaf33230__c2__c2' contains '__', which does not follow the mathlib naming conventions. Consider using single underscores instead.

Note: This linter can be disabled with `set_option linter.style.nameCheck false`
ÔÜá [3780/3958] Replayed GerverSofa.KernelOnly.PartE.E24KC5Direct_e24KC2PhiBelowLeaf33230__c2__c3_7_00277
warning: GerverSofa/KernelOnly/PartE/E24KC5Direct_e24KC2PhiBelowLeaf33230__c2__c3_7_00277.lean:10:8: The declaration 'e24KC2PhiBelowLeaf33230__c2__c3' contains '__', which does not follow the mathlib naming conventions. Consider using single underscores instead.

Note: This linter can be disabled with `set_option linter.style.nameCheck false`
ÔÜá [3781/3958] Replayed GerverSofa.KernelOnly.PartE.E24KC5Join_e24KC2PhiBelowLeaf33230__c2_8_00278
warning: GerverSofa/KernelOnly/PartE/E24KC5Join_e24KC2PhiBelowLeaf33230__c2_8_00278.lean:11:8: The declaration 'e24KC2PhiBelowLeaf33230__c2' contains '__', which does not follow the mathlib naming conventions. Consider using single underscores instead.

Note: This linter can be disabled with `set_option linter.style.nameCheck false`
ÔÜá [3782/3958] Replayed GerverSofa.KernelOnly.PartE.E24KC5Direct_e24KC2PhiBelowLeaf33230__c3__c0_7_00280
warning: GerverSofa/KernelOnly/PartE/E24KC5Direct_e24KC2PhiBelowLeaf33230__c3__c0_7_00280.lean:10:8: The declaration 'e24KC2PhiBelowLeaf33230__c3__c0' contains '__', which does not follow the mathlib naming conventions. Consider using single underscores instead.

Note: This linter can be disabled with `set_option linter.style.nameCheck false`
ÔÜá [3783/3958] Replayed GerverSofa.KernelOnly.PartE.E24KC5Direct_e24KC2PhiBelowLeaf33230__c3__c1_7_00281
warning: GerverSofa/KernelOnly/PartE/E24KC5Direct_e24KC2PhiBelowLeaf33230__c3__c1_7_00281.lean:10:8: The declaration 'e24KC2PhiBelowLeaf33230__c3__c1' contains '__', which does not follow the mathlib naming conventions. Consider using single underscores instead.

Note: This linter can be disabled with `set_option linter.style.nameCheck false`
ÔÜá [3784/3958] Replayed GerverSofa.KernelOnly.PartE.E24KC5Direct_e24KC2PhiBelowLeaf33230__c3__c2_7_00282
warning: GerverSofa/KernelOnly/PartE/E24KC5Direct_e24KC2PhiBelowLeaf33230__c3__c2_7_00282.lean:10:8: The declaration 'e24KC2PhiBelowLeaf33230__c3__c2' contains '__', which does not follow the mathlib naming conventions. Consider using single underscores instead.

Note: This linter can be disabled with `set_option linter.style.nameCheck false`
ÔÜá [3785/3958] Replayed GerverSofa.KernelOnly.PartE.E24KC5Direct_e24KC2PhiBelowLeaf33230__c3__c3_7_00283
warning: GerverSofa/KernelOnly/PartE/E24KC5Direct_e24KC2PhiBelowLeaf33230__c3__c3_7_00283.lean:10:8: The declaration 'e24KC2PhiBelowLeaf33230__c3__c3' contains '__', which does not follow the mathlib naming conventions. Consider using single underscores instead.

Note: This linter can be disabled with `set_option linter.style.nameCheck false`
ÔÜá [3786/3958] Replayed GerverSofa.KernelOnly.PartE.E24KC5Join_e24KC2PhiBelowLeaf33230__c3_8_00284
warning: GerverSofa/KernelOnly/PartE/E24KC5Join_e24KC2PhiBelowLeaf33230__c3_8_00284.lean:11:8: The declaration 'e24KC2PhiBelowLeaf33230__c3' contains '__', which does not follow the mathlib naming conventions. Consider using single underscores instead.

Note: This linter can be disabled with `set_option linter.style.nameCheck false`
ÔÜá [3788/3958] Replayed GerverSofa.KernelOnly.PartE.E24KC5Direct_e24KC2PhiBelowLeaf33232__c2_8_00316
warning: GerverSofa/KernelOnly/PartE/E24KC5Direct_e24KC2PhiBelowLeaf33232__c2_8_00316.lean:10:8: The declaration 'e24KC2PhiBelowLeaf33232__c2' contains '__', which does not follow the mathlib naming conventions. Consider using single underscores instead.

Note: This linter can be disabled with `set_option linter.style.nameCheck false`
ÔÜá [3789/3958] Replayed GerverSofa.KernelOnly.PartE.E24KC5Direct_e24KC2PhiBelowLeaf33232__c0__c0_7_00290
warning: GerverSofa/KernelOnly/PartE/E24KC5Direct_e24KC2PhiBelowLeaf33232__c0__c0_7_00290.lean:10:8: The declaration 'e24KC2PhiBelowLeaf33232__c0__c0' contains '__', which does not follow the mathlib naming conventions. Consider using single underscores instead.

Note: This linter can be disabled with `set_option linter.style.nameCheck false`
ÔÜá [3790/3958] Replayed GerverSofa.KernelOnly.PartE.E24KC5Direct_e24KC2PhiBelowLeaf33232__c0__c1_7_00291
warning: GerverSofa/KernelOnly/PartE/E24KC5Direct_e24KC2PhiBelowLeaf33232__c0__c1_7_00291.lean:10:8: The declaration 'e24KC2PhiBelowLeaf33232__c0__c1' contains '__', which does not follow the mathlib naming conventions. Consider using single underscores instead.

Note: This linter can be disabled with `set_option linter.style.nameCheck false`
ÔÜá [3791/3958] Replayed GerverSofa.KernelOnly.PartE.E24KC5Direct_e24KC2PhiBelowLeaf33232__c0__c2_7_00292
warning: GerverSofa/KernelOnly/PartE/E24KC5Direct_e24KC2PhiBelowLeaf33232__c0__c2_7_00292.lean:10:8: The declaration 'e24KC2PhiBelowLeaf33232__c0__c2' contains '__', which does not follow the mathlib naming conventions. Consider using single underscores instead.

Note: This linter can be disabled with `set_option linter.style.nameCheck false`
ÔÜá [3792/3958] Replayed GerverSofa.KernelOnly.PartE.E24KC5Direct_e24KC2PhiBelowLeaf33232__c0__c3_7_00293
warning: GerverSofa/KernelOnly/PartE/E24KC5Direct_e24KC2PhiBelowLeaf33232__c0__c3_7_00293.lean:10:8: The declaration 'e24KC2PhiBelowLeaf33232__c0__c3' contains '__', which does not follow the mathlib naming conventions. Consider using single underscores instead.

Note: This linter can be disabled with `set_option linter.style.nameCheck false`
ÔÜá [3793/3958] Replayed GerverSofa.KernelOnly.PartE.E24KC5Join_e24KC2PhiBelowLeaf33232__c0_8_00294
warning: GerverSofa/KernelOnly/PartE/E24KC5Join_e24KC2PhiBelowLeaf33232__c0_8_00294.lean:11:8: The declaration 'e24KC2PhiBelowLeaf33232__c0' contains '__', which does not follow the mathlib naming conventions. Consider using single underscores instead.

Note: This linter can be disabled with `set_option linter.style.nameCheck false`
ÔÜá [3794/3958] Replayed GerverSofa.KernelOnly.PartE.E24KC5Direct_e24KC2PhiBelowLeaf33232__c1__c1_7_00302
warning: GerverSofa/KernelOnly/PartE/E24KC5Direct_e24KC2PhiBelowLeaf33232__c1__c1_7_00302.lean:10:8: The declaration 'e24KC2PhiBelowLeaf33232__c1__c1' contains '__', which does not follow the mathlib naming conventions. Consider using single underscores instead.

Note: This linter can be disabled with `set_option linter.style.nameCheck false`
ÔÜá [3795/3958] Replayed GerverSofa.KernelOnly.PartE.E24KC5Direct_e24KC2PhiBelowLeaf33232__c1__c0__c0_6_00297
warning: GerverSofa/KernelOnly/PartE/E24KC5Direct_e24KC2PhiBelowLeaf33232__c1__c0__c0_6_00297.lean:10:8: The declaration 'e24KC2PhiBelowLeaf33232__c1__c0__c0' contains '__', which does not follow the mathlib naming conventions. Consider using single underscores instead.

Note: This linter can be disabled with `set_option linter.style.nameCheck false`
ÔÜá [3796/3958] Replayed GerverSofa.KernelOnly.PartE.E24KC5Direct_e24KC2PhiBelowLeaf33232__c1__c0__c1_6_00298
warning: GerverSofa/KernelOnly/PartE/E24KC5Direct_e24KC2PhiBelowLeaf33232__c1__c0__c1_6_00298.lean:10:8: The declaration 'e24KC2PhiBelowLeaf33232__c1__c0__c1' contains '__', which does not follow the mathlib naming conventions. Consider using single underscores instead.

Note: This linter can be disabled with `set_option linter.style.nameCheck false`
ÔÜá [3797/3958] Replayed GerverSofa.KernelOnly.PartE.E24KC5Direct_e24KC2PhiBelowLeaf33232__c1__c0__c2_6_00299
warning: GerverSofa/KernelOnly/PartE/E24KC5Direct_e24KC2PhiBelowLeaf33232__c1__c0__c2_6_00299.lean:10:8: The declaration 'e24KC2PhiBelowLeaf33232__c1__c0__c2' contains '__', which does not follow the mathlib naming conventions. Consider using single underscores instead.

Note: This linter can be disabled with `set_option linter.style.nameCheck false`
ÔÜá [3798/3958] Replayed GerverSofa.KernelOnly.PartE.E24KC5Direct_e24KC2PhiBelowLeaf33232__c1__c0__c3_6_00300
warning: GerverSofa/KernelOnly/PartE/E24KC5Direct_e24KC2PhiBelowLeaf33232__c1__c0__c3_6_00300.lean:10:8: The declaration 'e24KC2PhiBelowLeaf33232__c1__c0__c3' contains '__', which does not follow the mathlib naming conventions. Consider using single underscores instead.

Note: This linter can be disabled with `set_option linter.style.nameCheck false`
ÔÜá [3799/3958] Replayed GerverSofa.KernelOnly.PartE.E24KC5Join_e24KC2PhiBelowLeaf33232__c1__c0_7_00301
warning: GerverSofa/KernelOnly/PartE/E24KC5Join_e24KC2PhiBelowLeaf33232__c1__c0_7_00301.lean:11:8: The declaration 'e24KC2PhiBelowLeaf33232__c1__c0' contains '__', which does not follow the mathlib naming conventions. Consider using single underscores instead.

Note: This linter can be disabled with `set_option linter.style.nameCheck false`
ÔÜá [3800/3958] Replayed GerverSofa.KernelOnly.PartE.E24KC5Direct_e24KC2PhiBelowLeaf33232__c1__c2__c0_6_00304
warning: GerverSofa/KernelOnly/PartE/E24KC5Direct_e24KC2PhiBelowLeaf33232__c1__c2__c0_6_00304.lean:10:8: The declaration 'e24KC2PhiBelowLeaf33232__c1__c2__c0' contains '__', which does not follow the mathlib naming conventions. Consider using single underscores instead.

Note: This linter can be disabled with `set_option linter.style.nameCheck false`
ÔÜá [3801/3958] Replayed GerverSofa.KernelOnly.PartE.E24KC5Direct_e24KC2PhiBelowLeaf33232__c1__c2__c1_6_00305
warning: GerverSofa/KernelOnly/PartE/E24KC5Direct_e24KC2PhiBelowLeaf33232__c1__c2__c1_6_00305.lean:10:8: The declaration 'e24KC2PhiBelowLeaf33232__c1__c2__c1' contains '__', which does not follow the mathlib naming conventions. Consider using single underscores instead.

Note: This linter can be disabled with `set_option linter.style.nameCheck false`
ÔÜá [3802/3958] Replayed GerverSofa.KernelOnly.PartE.E24KC5Direct_e24KC2PhiBelowLeaf33232__c1__c2__c2_6_00306
warning: GerverSofa/KernelOnly/PartE/E24KC5Direct_e24KC2PhiBelowLeaf33232__c1__c2__c2_6_00306.lean:10:8: The declaration 'e24KC2PhiBelowLeaf33232__c1__c2__c2' contains '__', which does not follow the mathlib naming conventions. Consider using single underscores instead.

Note: This linter can be disabled with `set_option linter.style.nameCheck false`
ÔÜá [3803/3958] Replayed GerverSofa.KernelOnly.PartE.E24KC5Direct_e24KC2PhiBelowLeaf33232__c1__c2__c3_6_00307
warning: GerverSofa/KernelOnly/PartE/E24KC5Direct_e24KC2PhiBelowLeaf33232__c1__c2__c3_6_00307.lean:10:8: The declaration 'e24KC2PhiBelowLeaf33232__c1__c2__c3' contains '__', which does not follow the mathlib naming conventions. Consider using single underscores instead.

Note: This linter can be disabled with `set_option linter.style.nameCheck false`
ÔÜá [3804/3958] Replayed GerverSofa.KernelOnly.PartE.E24KC5Join_e24KC2PhiBelowLeaf33232__c1__c2_7_00308
warning: GerverSofa/KernelOnly/PartE/E24KC5Join_e24KC2PhiBelowLeaf33232__c1__c2_7_00308.lean:11:8: The declaration 'e24KC2PhiBelowLeaf33232__c1__c2' contains '__', which does not follow the mathlib naming conventions. Consider using single underscores instead.

Note: This linter can be disabled with `set_option linter.style.nameCheck false`
ÔÜá [3805/3958] Replayed GerverSofa.KernelOnly.PartE.E24KC5Direct_e24KC2PhiBelowLeaf33232__c1__c3__c0_6_00310
warning: GerverSofa/KernelOnly/PartE/E24KC5Direct_e24KC2PhiBelowLeaf33232__c1__c3__c0_6_00310.lean:10:8: The declaration 'e24KC2PhiBelowLeaf33232__c1__c3__c0' contains '__', which does not follow the mathlib naming conventions. Consider using single underscores instead.

Note: This linter can be disabled with `set_option linter.style.nameCheck false`
ÔÜá [3806/3958] Replayed GerverSofa.KernelOnly.PartE.E24KC5Direct_e24KC2PhiBelowLeaf33232__c1__c3__c1_6_00311
warning: GerverSofa/KernelOnly/PartE/E24KC5Direct_e24KC2PhiBelowLeaf33232__c1__c3__c1_6_00311.lean:10:8: The declaration 'e24KC2PhiBelowLeaf33232__c1__c3__c1' contains '__', which does not follow the mathlib naming conventions. Consider using single underscores instead.

Note: This linter can be disabled with `set_option linter.style.nameCheck false`
ÔÜá [3807/3958] Replayed GerverSofa.KernelOnly.PartE.E24KC5Direct_e24KC2PhiBelowLeaf33232__c1__c3__c2_6_00312
warning: GerverSofa/KernelOnly/PartE/E24KC5Direct_e24KC2PhiBelowLeaf33232__c1__c3__c2_6_00312.lean:10:8: The declaration 'e24KC2PhiBelowLeaf33232__c1__c3__c2' contains '__', which does not follow the mathlib naming conventions. Consider using single underscores instead.

Note: This linter can be disabled with `set_option linter.style.nameCheck false`
ÔÜá [3808/3958] Replayed GerverSofa.KernelOnly.PartE.E24KC5Direct_e24KC2PhiBelowLeaf33232__c1__c3__c3_6_00313
warning: GerverSofa/KernelOnly/PartE/E24KC5Direct_e24KC2PhiBelowLeaf33232__c1__c3__c3_6_00313.lean:10:8: The declaration 'e24KC2PhiBelowLeaf33232__c1__c3__c3' contains '__', which does not follow the mathlib naming conventions. Consider using single underscores instead.

Note: This linter can be disabled with `set_option linter.style.nameCheck false`
ÔÜá [3809/3958] Replayed GerverSofa.KernelOnly.PartE.E24KC5Join_e24KC2PhiBelowLeaf33232__c1__c3_7_00314
warning: GerverSofa/KernelOnly/PartE/E24KC5Join_e24KC2PhiBelowLeaf33232__c1__c3_7_00314.lean:11:8: The declaration 'e24KC2PhiBelowLeaf33232__c1__c3' contains '__', which does not follow the mathlib naming conventions. Consider using single underscores instead.

Note: This linter can be disabled with `set_option linter.style.nameCheck false`
ÔÜá [3810/3958] Replayed GerverSofa.KernelOnly.PartE.E24KC5Join_e24KC2PhiBelowLeaf33232__c1_8_00315
warning: GerverSofa/KernelOnly/PartE/E24KC5Join_e24KC2PhiBelowLeaf33232__c1_8_00315.lean:11:8: The declaration 'e24KC2PhiBelowLeaf33232__c1' contains '__', which does not follow the mathlib naming conventions. Consider using single underscores instead.

Note: This linter can be disabled with `set_option linter.style.nameCheck false`
ÔÜá [3811/3958] Replayed GerverSofa.KernelOnly.PartE.E24KC5Direct_e24KC2PhiBelowLeaf33232__c3__c0_7_00318
warning: GerverSofa/KernelOnly/PartE/E24KC5Direct_e24KC2PhiBelowLeaf33232__c3__c0_7_00318.lean:10:8: The declaration 'e24KC2PhiBelowLeaf33232__c3__c0' contains '__', which does not follow the mathlib naming conventions. Consider using single underscores instead.

Note: This linter can be disabled with `set_option linter.style.nameCheck false`
ÔÜá [3812/3958] Replayed GerverSofa.KernelOnly.PartE.E24KC5Direct_e24KC2PhiBelowLeaf33232__c3__c2_7_00335
warning: GerverSofa/KernelOnly/PartE/E24KC5Direct_e24KC2PhiBelowLeaf33232__c3__c2_7_00335.lean:10:8: The declaration 'e24KC2PhiBelowLeaf33232__c3__c2' contains '__', which does not follow the mathlib naming conventions. Consider using single underscores instead.

Note: This linter can be disabled with `set_option linter.style.nameCheck false`
ÔÜá [3813/3958] Replayed GerverSofa.KernelOnly.PartE.E24KC5Direct_e24KC2PhiBelowLeaf33232__c3__c1__c0_6_00320
warning: GerverSofa/KernelOnly/PartE/E24KC5Direct_e24KC2PhiBelowLeaf33232__c3__c1__c0_6_00320.lean:10:8: The declaration 'e24KC2PhiBelowLeaf33232__c3__c1__c0' contains '__', which does not follow the mathlib naming conventions. Consider using single underscores instead.

Note: This linter can be disabled with `set_option linter.style.nameCheck false`
ÔÜá [3814/3958] Replayed GerverSofa.KernelOnly.PartE.E24KC5Direct_e24KC2PhiBelowLeaf33232__c3__c1__c2_6_00327
warning: GerverSofa/KernelOnly/PartE/E24KC5Direct_e24KC2PhiBelowLeaf33232__c3__c1__c2_6_00327.lean:10:8: The declaration 'e24KC2PhiBelowLeaf33232__c3__c1__c2' contains '__', which does not follow the mathlib naming conventions. Consider using single underscores instead.

Note: This linter can be disabled with `set_option linter.style.nameCheck false`
ÔÜá [3815/3958] Replayed GerverSofa.KernelOnly.PartE.E24KC5Direct_e24KC2PhiBelowLeaf33232__c3__c1__c1__c0_5_00322
warning: GerverSofa/KernelOnly/PartE/E24KC5Direct_e24KC2PhiBelowLeaf33232__c3__c1__c1__c0_5_00322.lean:10:8: The declaration 'e24KC2PhiBelowLeaf33232__c3__c1__c1__c0' contains '__', which does not follow the mathlib naming conventions. Consider using single underscores instead.

Note: This linter can be disabled with `set_option linter.style.nameCheck false`
ÔÜá [3816/3958] Replayed GerverSofa.KernelOnly.PartE.E24KC5Direct_e24KC2PhiBelowLeaf33232__c3__c1__c1__c1_5_00323
warning: GerverSofa/KernelOnly/PartE/E24KC5Direct_e24KC2PhiBelowLeaf33232__c3__c1__c1__c1_5_00323.lean:10:8: The declaration 'e24KC2PhiBelowLeaf33232__c3__c1__c1__c1' contains '__', which does not follow the mathlib naming conventions. Consider using single underscores instead.

Note: This linter can be disabled with `set_option linter.style.nameCheck false`
ÔÜá [3817/3958] Replayed GerverSofa.KernelOnly.PartE.E24KC5Direct_e24KC2PhiBelowLeaf33232__c3__c1__c1__c2_5_00324
warning: GerverSofa/KernelOnly/PartE/E24KC5Direct_e24KC2PhiBelowLeaf33232__c3__c1__c1__c2_5_00324.lean:10:8: The declaration 'e24KC2PhiBelowLeaf33232__c3__c1__c1__c2' contains '__', which does not follow the mathlib naming conventions. Consider using single underscores instead.

Note: This linter can be disabled with `set_option linter.style.nameCheck false`
ÔÜá [3818/3958] Replayed GerverSofa.KernelOnly.PartE.E24KC5Direct_e24KC2PhiBelowLeaf33232__c3__c1__c1__c3_5_00325
warning: GerverSofa/KernelOnly/PartE/E24KC5Direct_e24KC2PhiBelowLeaf33232__c3__c1__c1__c3_5_00325.lean:10:8: The declaration 'e24KC2PhiBelowLeaf33232__c3__c1__c1__c3' contains '__', which does not follow the mathlib naming conventions. Consider using single underscores instead.

Note: This linter can be disabled with `set_option linter.style.nameCheck false`
ÔÜá [3819/3958] Replayed GerverSofa.KernelOnly.PartE.E24KC5Join_e24KC2PhiBelowLeaf33232__c3__c1__c1_6_00326
warning: GerverSofa/KernelOnly/PartE/E24KC5Join_e24KC2PhiBelowLeaf33232__c3__c1__c1_6_00326.lean:11:8: The declaration 'e24KC2PhiBelowLeaf33232__c3__c1__c1' contains '__', which does not follow the mathlib naming conventions. Consider using single underscores instead.

Note: This linter can be disabled with `set_option linter.style.nameCheck false`
ÔÜá [3820/3958] Replayed GerverSofa.KernelOnly.PartE.E24KC5Direct_e24KC2PhiBelowLeaf33232__c3__c1__c3__c0_5_00329
warning: GerverSofa/KernelOnly/PartE/E24KC5Direct_e24KC2PhiBelowLeaf33232__c3__c1__c3__c0_5_00329.lean:10:8: The declaration 'e24KC2PhiBelowLeaf33232__c3__c1__c3__c0' contains '__', which does not follow the mathlib naming conventions. Consider using single underscores instead.

Note: This linter can be disabled with `set_option linter.style.nameCheck false`
ÔÜá [3821/3958] Replayed GerverSofa.KernelOnly.PartE.E24KC5Direct_e24KC2PhiBelowLeaf33232__c3__c1__c3__c1_5_00330
warning: GerverSofa/KernelOnly/PartE/E24KC5Direct_e24KC2PhiBelowLeaf33232__c3__c1__c3__c1_5_00330.lean:10:8: The declaration 'e24KC2PhiBelowLeaf33232__c3__c1__c3__c1' contains '__', which does not follow the mathlib naming conventions. Consider using single underscores instead.

Note: This linter can be disabled with `set_option linter.style.nameCheck false`
ÔÜá [3822/3958] Replayed GerverSofa.KernelOnly.PartE.E24KC5Direct_e24KC2PhiBelowLeaf33232__c3__c1__c3__c2_5_00331
warning: GerverSofa/KernelOnly/PartE/E24KC5Direct_e24KC2PhiBelowLeaf33232__c3__c1__c3__c2_5_00331.lean:10:8: The declaration 'e24KC2PhiBelowLeaf33232__c3__c1__c3__c2' contains '__', which does not follow the mathlib naming conventions. Consider using single underscores instead.

Note: This linter can be disabled with `set_option linter.style.nameCheck false`
ÔÜá [3823/3958] Replayed GerverSofa.KernelOnly.PartE.E24KC5Direct_e24KC2PhiBelowLeaf33232__c3__c1__c3__c3_5_00332
warning: GerverSofa/KernelOnly/PartE/E24KC5Direct_e24KC2PhiBelowLeaf33232__c3__c1__c3__c3_5_00332.lean:10:8: The declaration 'e24KC2PhiBelowLeaf33232__c3__c1__c3__c3' contains '__', which does not follow the mathlib naming conventions. Consider using single underscores instead.

Note: This linter can be disabled with `set_option linter.style.nameCheck false`
ÔÜá [3824/3958] Replayed GerverSofa.KernelOnly.PartE.E24KC5Join_e24KC2PhiBelowLeaf33232__c3__c1__c3_6_00333
warning: GerverSofa/KernelOnly/PartE/E24KC5Join_e24KC2PhiBelowLeaf33232__c3__c1__c3_6_00333.lean:11:8: The declaration 'e24KC2PhiBelowLeaf33232__c3__c1__c3' contains '__', which does not follow the mathlib naming conventions. Consider using single underscores instead.

Note: This linter can be disabled with `set_option linter.style.nameCheck false`
ÔÜá [3825/3958] Replayed GerverSofa.KernelOnly.PartE.E24KC5Join_e24KC2PhiBelowLeaf33232__c3__c1_7_00334
warning: GerverSofa/KernelOnly/PartE/E24KC5Join_e24KC2PhiBelowLeaf33232__c3__c1_7_00334.lean:11:8: The declaration 'e24KC2PhiBelowLeaf33232__c3__c1' contains '__', which does not follow the mathlib naming conventions. Consider using single underscores instead.

Note: This linter can be disabled with `set_option linter.style.nameCheck false`
ÔÜá [3826/3958] Replayed GerverSofa.KernelOnly.PartE.E24KC5Direct_e24KC2PhiBelowLeaf33232__c3__c3__c0_6_00337
warning: GerverSofa/KernelOnly/PartE/E24KC5Direct_e24KC2PhiBelowLeaf33232__c3__c3__c0_6_00337.lean:10:8: The declaration 'e24KC2PhiBelowLeaf33232__c3__c3__c0' contains '__', which does not follow the mathlib naming conventions. Consider using single underscores instead.

Note: This linter can be disabled with `set_option linter.style.nameCheck false`
ÔÜá [3827/3958] Replayed GerverSofa.KernelOnly.PartE.E24KC5Direct_e24KC2PhiBelowLeaf33232__c3__c3__c2_6_00344
warning: GerverSofa/KernelOnly/PartE/E24KC5Direct_e24KC2PhiBelowLeaf33232__c3__c3__c2_6_00344.lean:10:8: The declaration 'e24KC2PhiBelowLeaf33232__c3__c3__c2' contains '__', which does not follow the mathlib naming conventions. Consider using single underscores instead.

Note: This linter can be disabled with `set_option linter.style.nameCheck false`
ÔÜá [3828/3958] Replayed GerverSofa.KernelOnly.PartE.E24KC5Direct_e24KC2PhiBelowLeaf33232__c3__c3__c3_6_00345
warning: GerverSofa/KernelOnly/PartE/E24KC5Direct_e24KC2PhiBelowLeaf33232__c3__c3__c3_6_00345.lean:10:8: The declaration 'e24KC2PhiBelowLeaf33232__c3__c3__c3' contains '__', which does not follow the mathlib naming conventions. Consider using single underscores instead.

Note: This linter can be disabled with `set_option linter.style.nameCheck false`
ÔÜá [3829/3958] Replayed GerverSofa.KernelOnly.PartE.E24KC5Direct_e24KC2PhiBelowLeaf33232__c3__c3__c1__c0_5_00339
warning: GerverSofa/KernelOnly/PartE/E24KC5Direct_e24KC2PhiBelowLeaf33232__c3__c3__c1__c0_5_00339.lean:10:8: The declaration 'e24KC2PhiBelowLeaf33232__c3__c3__c1__c0' contains '__', which does not follow the mathlib naming conventions. Consider using single underscores instead.

Note: This linter can be disabled with `set_option linter.style.nameCheck false`
ÔÜá [3830/3958] Replayed GerverSofa.KernelOnly.PartE.E24KC5Direct_e24KC2PhiBelowLeaf33232__c3__c3__c1__c1_5_00340
warning: GerverSofa/KernelOnly/PartE/E24KC5Direct_e24KC2PhiBelowLeaf33232__c3__c3__c1__c1_5_00340.lean:10:8: The declaration 'e24KC2PhiBelowLeaf33232__c3__c3__c1__c1' contains '__', which does not follow the mathlib naming conventions. Consider using single underscores instead.

Note: This linter can be disabled with `set_option linter.style.nameCheck false`
ÔÜá [3831/3958] Replayed GerverSofa.KernelOnly.PartE.E24KC5Direct_e24KC2PhiBelowLeaf33232__c3__c3__c1__c2_5_00341
warning: GerverSofa/KernelOnly/PartE/E24KC5Direct_e24KC2PhiBelowLeaf33232__c3__c3__c1__c2_5_00341.lean:10:8: The declaration 'e24KC2PhiBelowLeaf33232__c3__c3__c1__c2' contains '__', which does not follow the mathlib naming conventions. Consider using single underscores instead.

Note: This linter can be disabled with `set_option linter.style.nameCheck false`
ÔÜá [3832/3958] Replayed GerverSofa.KernelOnly.PartE.E24KC5Direct_e24KC2PhiBelowLeaf33232__c3__c3__c1__c3_5_00342
warning: GerverSofa/KernelOnly/PartE/E24KC5Direct_e24KC2PhiBelowLeaf33232__c3__c3__c1__c3_5_00342.lean:10:8: The declaration 'e24KC2PhiBelowLeaf33232__c3__c3__c1__c3' contains '__', which does not follow the mathlib naming conventions. Consider using single underscores instead.

Note: This linter can be disabled with `set_option linter.style.nameCheck false`
ÔÜá [3833/3958] Replayed GerverSofa.KernelOnly.PartE.E24KC5Join_e24KC2PhiBelowLeaf33232__c3__c3__c1_6_00343
warning: GerverSofa/KernelOnly/PartE/E24KC5Join_e24KC2PhiBelowLeaf33232__c3__c3__c1_6_00343.lean:11:8: The declaration 'e24KC2PhiBelowLeaf33232__c3__c3__c1' contains '__', which does not follow the mathlib naming conventions. Consider using single underscores instead.

Note: This linter can be disabled with `set_option linter.style.nameCheck false`
ÔÜá [3834/3958] Replayed GerverSofa.KernelOnly.PartE.E24KC5Join_e24KC2PhiBelowLeaf33232__c3__c3_7_00346
warning: GerverSofa/KernelOnly/PartE/E24KC5Join_e24KC2PhiBelowLeaf33232__c3__c3_7_00346.lean:11:8: The declaration 'e24KC2PhiBelowLeaf33232__c3__c3' contains '__', which does not follow the mathlib naming conventions. Consider using single underscores instead.

Note: This linter can be disabled with `set_option linter.style.nameCheck false`
ÔÜá [3835/3958] Replayed GerverSofa.KernelOnly.PartE.E24KC5Join_e24KC2PhiBelowLeaf33232__c3_8_00347
warning: GerverSofa/KernelOnly/PartE/E24KC5Join_e24KC2PhiBelowLeaf33232__c3_8_00347.lean:11:8: The declaration 'e24KC2PhiBelowLeaf33232__c3' contains '__', which does not follow the mathlib naming conventions. Consider using single underscores instead.

Note: This linter can be disabled with `set_option linter.style.nameCheck false`
ÔÜá [3837/3958] Replayed GerverSofa.KernelOnly.PartE.E24KC5Direct_e24KC2PhiBelowLeaf33233__c1_8_00359
warning: GerverSofa/KernelOnly/PartE/E24KC5Direct_e24KC2PhiBelowLeaf33233__c1_8_00359.lean:10:8: The declaration 'e24KC2PhiBelowLeaf33233__c1' contains '__', which does not follow the mathlib naming conventions. Consider using single underscores instead.

Note: This linter can be disabled with `set_option linter.style.nameCheck false`
ÔÜá [3838/3958] Replayed GerverSofa.KernelOnly.PartE.E24KC5Direct_e24KC2PhiBelowLeaf33233__c3_8_00461
warning: GerverSofa/KernelOnly/PartE/E24KC5Direct_e24KC2PhiBelowLeaf33233__c3_8_00461.lean:10:8: The declaration 'e24KC2PhiBelowLeaf33233__c3' contains '__', which does not follow the mathlib naming conventions. Consider using single underscores instead.

Note: This linter can be disabled with `set_option linter.style.nameCheck false`
ÔÜá [3839/3958] Replayed GerverSofa.KernelOnly.PartE.E24KC5Direct_e24KC2PhiBelowLeaf33233__c0__c0_7_00354
warning: GerverSofa/KernelOnly/PartE/E24KC5Direct_e24KC2PhiBelowLeaf33233__c0__c0_7_00354.lean:10:8: The declaration 'e24KC2PhiBelowLeaf33233__c0__c0' contains '__', which does not follow the mathlib naming conventions. Consider using single underscores instead.

Note: This linter can be disabled with `set_option linter.style.nameCheck false`
ÔÜá [3840/3958] Replayed GerverSofa.KernelOnly.PartE.E24KC5Direct_e24KC2PhiBelowLeaf33233__c0__c1_7_00355
warning: GerverSofa/KernelOnly/PartE/E24KC5Direct_e24KC2PhiBelowLeaf33233__c0__c1_7_00355.lean:10:8: The declaration 'e24KC2PhiBelowLeaf33233__c0__c1' contains '__', which does not follow the mathlib naming conventions. Consider using single underscores instead.

Note: This linter can be disabled with `set_option linter.style.nameCheck false`
ÔÜá [3841/3958] Replayed GerverSofa.KernelOnly.PartE.E24KC5Direct_e24KC2PhiBelowLeaf33233__c0__c2_7_00356
warning: GerverSofa/KernelOnly/PartE/E24KC5Direct_e24KC2PhiBelowLeaf33233__c0__c2_7_00356.lean:10:8: The declaration 'e24KC2PhiBelowLeaf33233__c0__c2' contains '__', which does not follow the mathlib naming conventions. Consider using single underscores instead.

Note: This linter can be disabled with `set_option linter.style.nameCheck false`
ÔÜá [3842/3958] Replayed GerverSofa.KernelOnly.PartE.E24KC5Direct_e24KC2PhiBelowLeaf33233__c0__c3_7_00357
warning: GerverSofa/KernelOnly/PartE/E24KC5Direct_e24KC2PhiBelowLeaf33233__c0__c3_7_00357.lean:10:8: The declaration 'e24KC2PhiBelowLeaf33233__c0__c3' contains '__', which does not follow the mathlib naming conventions. Consider using single underscores instead.

Note: This linter can be disabled with `set_option linter.style.nameCheck false`
ÔÜá [3843/3958] Replayed GerverSofa.KernelOnly.PartE.E24KC5Join_e24KC2PhiBelowLeaf33233__c0_8_00358
warning: GerverSofa/KernelOnly/PartE/E24KC5Join_e24KC2PhiBelowLeaf33233__c0_8_00358.lean:11:8: The declaration 'e24KC2PhiBelowLeaf33233__c0' contains '__', which does not follow the mathlib naming conventions. Consider using single underscores instead.

Note: This linter can be disabled with `set_option linter.style.nameCheck false`
ÔÜá [3844/3958] Replayed GerverSofa.KernelOnly.PartE.E24KC5Direct_e24KC2PhiBelowLeaf33233__c2__c1_7_00372
warning: GerverSofa/KernelOnly/PartE/E24KC5Direct_e24KC2PhiBelowLeaf33233__c2__c1_7_00372.lean:10:8: The declaration 'e24KC2PhiBelowLeaf33233__c2__c1' contains '__', which does not follow the mathlib naming conventions. Consider using single underscores instead.

Note: This linter can be disabled with `set_option linter.style.nameCheck false`
ÔÜá [3845/3958] Replayed GerverSofa.KernelOnly.PartE.E24KC5Direct_e24KC2PhiBelowLeaf33233__c2__c0__c0_6_00362
warning: GerverSofa/KernelOnly/PartE/E24KC5Direct_e24KC2PhiBelowLeaf33233__c2__c0__c0_6_00362.lean:10:8: The declaration 'e24KC2PhiBelowLeaf33233__c2__c0__c0' contains '__', which does not follow the mathlib naming conventions. Consider using single underscores instead.

Note: This linter can be disabled with `set_option linter.style.nameCheck false`
ÔÜá [3846/3958] Replayed GerverSofa.KernelOnly.PartE.E24KC5Direct_e24KC2PhiBelowLeaf33233__c2__c0__c1_6_00363
warning: GerverSofa/KernelOnly/PartE/E24KC5Direct_e24KC2PhiBelowLeaf33233__c2__c0__c1_6_00363.lean:10:8: The declaration 'e24KC2PhiBelowLeaf33233__c2__c0__c1' contains '__', which does not follow the mathlib naming conventions. Consider using single underscores instead.

Note: This linter can be disabled with `set_option linter.style.nameCheck false`
ÔÜá [3847/3958] Replayed GerverSofa.KernelOnly.PartE.E24KC5Direct_e24KC2PhiBelowLeaf33233__c2__c0__c3_6_00370
warning: GerverSofa/KernelOnly/PartE/E24KC5Direct_e24KC2PhiBelowLeaf33233__c2__c0__c3_6_00370.lean:10:8: The declaration 'e24KC2PhiBelowLeaf33233__c2__c0__c3' contains '__', which does not follow the mathlib naming conventions. Consider using single underscores instead.

Note: This linter can be disabled with `set_option linter.style.nameCheck false`
ÔÜá [3848/3958] Replayed GerverSofa.KernelOnly.PartE.E24KC5Direct_e24KC2PhiBelowLeaf33233__c2__c0__c2__c0_5_00365
warning: GerverSofa/KernelOnly/PartE/E24KC5Direct_e24KC2PhiBelowLeaf33233__c2__c0__c2__c0_5_00365.lean:10:8: The declaration 'e24KC2PhiBelowLeaf33233__c2__c0__c2__c0' contains '__', which does not follow the mathlib naming conventions. Consider using single underscores instead.

Note: This linter can be disabled with `set_option linter.style.nameCheck false`
ÔÜá [3849/3958] Replayed GerverSofa.KernelOnly.PartE.E24KC5Direct_e24KC2PhiBelowLeaf33233__c2__c0__c2__c1_5_00366
warning: GerverSofa/KernelOnly/PartE/E24KC5Direct_e24KC2PhiBelowLeaf33233__c2__c0__c2__c1_5_00366.lean:10:8: The declaration 'e24KC2PhiBelowLeaf33233__c2__c0__c2__c1' contains '__', which does not follow the mathlib naming conventions. Consider using single underscores instead.

Note: This linter can be disabled with `set_option linter.style.nameCheck false`
ÔÜá [3850/3958] Replayed GerverSofa.KernelOnly.PartE.E24KC5Direct_e24KC2PhiBelowLeaf33233__c2__c0__c2__c2_5_00367
warning: GerverSofa/KernelOnly/PartE/E24KC5Direct_e24KC2PhiBelowLeaf33233__c2__c0__c2__c2_5_00367.lean:10:8: The declaration 'e24KC2PhiBelowLeaf33233__c2__c0__c2__c2' contains '__', which does not follow the mathlib naming conventions. Consider using single underscores instead.

Note: This linter can be disabled with `set_option linter.style.nameCheck false`
ÔÜá [3851/3958] Replayed GerverSofa.KernelOnly.PartE.E24KC5Direct_e24KC2PhiBelowLeaf33233__c2__c0__c2__c3_5_00368
warning: GerverSofa/KernelOnly/PartE/E24KC5Direct_e24KC2PhiBelowLeaf33233__c2__c0__c2__c3_5_00368.lean:10:8: The declaration 'e24KC2PhiBelowLeaf33233__c2__c0__c2__c3' contains '__', which does not follow the mathlib naming conventions. Consider using single underscores instead.

Note: This linter can be disabled with `set_option linter.style.nameCheck false`
ÔÜá [3852/3958] Replayed GerverSofa.KernelOnly.PartE.E24KC5Join_e24KC2PhiBelowLeaf33233__c2__c0__c2_6_00369
warning: GerverSofa/KernelOnly/PartE/E24KC5Join_e24KC2PhiBelowLeaf33233__c2__c0__c2_6_00369.lean:11:8: The declaration 'e24KC2PhiBelowLeaf33233__c2__c0__c2' contains '__', which does not follow the mathlib naming conventions. Consider using single underscores instead.

Note: This linter can be disabled with `set_option linter.style.nameCheck false`
ÔÜá [3853/3958] Replayed GerverSofa.KernelOnly.PartE.E24KC5Join_e24KC2PhiBelowLeaf33233__c2__c0_7_00371
warning: GerverSofa/KernelOnly/PartE/E24KC5Join_e24KC2PhiBelowLeaf33233__c2__c0_7_00371.lean:11:8: The declaration 'e24KC2PhiBelowLeaf33233__c2__c0' contains '__', which does not follow the mathlib naming conventions. Consider using single underscores instead.

Note: This linter can be disabled with `set_option linter.style.nameCheck false`
ÔÜá [3854/3958] Replayed GerverSofa.KernelOnly.PartE.E24KC5Direct_e24KC2PhiBelowLeaf33233__c2__c2__c0__c0_5_00375
warning: GerverSofa/KernelOnly/PartE/E24KC5Direct_e24KC2PhiBelowLeaf33233__c2__c2__c0__c0_5_00375.lean:10:8: The declaration 'e24KC2PhiBelowLeaf33233__c2__c2__c0__c0' contains '__', which does not follow the mathlib naming conventions. Consider using single underscores instead.

Note: This linter can be disabled with `set_option linter.style.nameCheck false`
ÔÜá [3855/3958] Replayed GerverSofa.KernelOnly.PartE.E24KC5Direct_e24KC2PhiBelowLeaf33233__c2__c2__c0__c1_5_00376
warning: GerverSofa/KernelOnly/PartE/E24KC5Direct_e24KC2PhiBelowLeaf33233__c2__c2__c0__c1_5_00376.lean:10:8: The declaration 'e24KC2PhiBelowLeaf33233__c2__c2__c0__c1' contains '__', which does not follow the mathlib naming conventions. Consider using single underscores instead.

Note: This linter can be disabled with `set_option linter.style.nameCheck false`
ÔÜá [3856/3958] Replayed GerverSofa.KernelOnly.PartE.E24KC5Direct_e24KC2PhiBelowLeaf33233__c2__c2__c0__c2_5_00377
warning: GerverSofa/KernelOnly/PartE/E24KC5Direct_e24KC2PhiBelowLeaf33233__c2__c2__c0__c2_5_00377.lean:10:8: The declaration 'e24KC2PhiBelowLeaf33233__c2__c2__c0__c2' contains '__', which does not follow the mathlib naming conventions. Consider using single underscores instead.

Note: This linter can be disabled with `set_option linter.style.nameCheck false`
ÔÜá [3857/3958] Replayed GerverSofa.KernelOnly.PartE.E24KC5Direct_e24KC2PhiBelowLeaf33233__c2__c2__c0__c3__c0_4_00379
warning: GerverSofa/KernelOnly/PartE/E24KC5Direct_e24KC2PhiBelowLeaf33233__c2__c2__c0__c3__c0_4_00379.lean:10:8: The declaration 'e24KC2PhiBelowLeaf33233__c2__c2__c0__c3__c0' contains '__', which does not follow the mathlib naming conventions. Consider using single underscores instead.

Note: This linter can be disabled with `set_option linter.style.nameCheck false`
ÔÜá [3858/3958] Replayed GerverSofa.KernelOnly.PartE.E24KC5Direct_e24KC2PhiBelowLeaf33233__c2__c2__c0__c3__c1_4_00380
warning: GerverSofa/KernelOnly/PartE/E24KC5Direct_e24KC2PhiBelowLeaf33233__c2__c2__c0__c3__c1_4_00380.lean:10:8: The declaration 'e24KC2PhiBelowLeaf33233__c2__c2__c0__c3__c1' contains '__', which does not follow the mathlib naming conventions. Consider using single underscores instead.

Note: This linter can be disabled with `set_option linter.style.nameCheck false`
ÔÜá [3859/3958] Replayed GerverSofa.KernelOnly.PartE.E24KC5Direct_e24KC2PhiBelowLeaf33233__c2__c2__c0__c3__c2_4_00381
warning: GerverSofa/KernelOnly/PartE/E24KC5Direct_e24KC2PhiBelowLeaf33233__c2__c2__c0__c3__c2_4_00381.lean:10:8: The declaration 'e24KC2PhiBelowLeaf33233__c2__c2__c0__c3__c2' contains '__', which does not follow the mathlib naming conventions. Consider using single underscores instead.

Note: This linter can be disabled with `set_option linter.style.nameCheck false`
ÔÜá [3860/3958] Replayed GerverSofa.KernelOnly.PartE.E24KC5Direct_e24KC2PhiBelowLeaf33233__c2__c2__c0__c3__c3_4_00382
warning: GerverSofa/KernelOnly/PartE/E24KC5Direct_e24KC2PhiBelowLeaf33233__c2__c2__c0__c3__c3_4_00382.lean:10:8: The declaration 'e24KC2PhiBelowLeaf33233__c2__c2__c0__c3__c3' contains '__', which does not follow the mathlib naming conventions. Consider using single underscores instead.

Note: This linter can be disabled with `set_option linter.style.nameCheck false`
ÔÜá [3861/3958] Replayed GerverSofa.KernelOnly.PartE.E24KC5Join_e24KC2PhiBelowLeaf33233__c2__c2__c0__c3_5_00383
warning: GerverSofa/KernelOnly/PartE/E24KC5Join_e24KC2PhiBelowLeaf33233__c2__c2__c0__c3_5_00383.lean:11:8: The declaration 'e24KC2PhiBelowLeaf33233__c2__c2__c0__c3' contains '__', which does not follow the mathlib naming conventions. Consider using single underscores instead.

Note: This linter can be disabled with `set_option linter.style.nameCheck false`
ÔÜá [3862/3958] Replayed GerverSofa.KernelOnly.PartE.E24KC5Join_e24KC2PhiBelowLeaf33233__c2__c2__c0_6_00384
warning: GerverSofa/KernelOnly/PartE/E24KC5Join_e24KC2PhiBelowLeaf33233__c2__c2__c0_6_00384.lean:11:8: The declaration 'e24KC2PhiBelowLeaf33233__c2__c2__c0' contains '__', which does not follow the mathlib naming conventions. Consider using single underscores instead.

Note: This linter can be disabled with `set_option linter.style.nameCheck false`
ÔÜá [3863/3958] Replayed GerverSofa.KernelOnly.PartE.E24KC5Direct_e24KC2PhiBelowLeaf33233__c2__c2__c1__c0_5_00386
warning: GerverSofa/KernelOnly/PartE/E24KC5Direct_e24KC2PhiBelowLeaf33233__c2__c2__c1__c0_5_00386.lean:10:8: The declaration 'e24KC2PhiBelowLeaf33233__c2__c2__c1__c0' contains '__', which does not follow the mathlib naming conventions. Consider using single underscores instead.

Note: This linter can be disabled with `set_option linter.style.nameCheck false`
ÔÜá [3864/3958] Replayed GerverSofa.KernelOnly.PartE.E24KC5Direct_e24KC2PhiBelowLeaf33233__c2__c2__c1__c1_5_00387
warning: GerverSofa/KernelOnly/PartE/E24KC5Direct_e24KC2PhiBelowLeaf33233__c2__c2__c1__c1_5_00387.lean:10:8: The declaration 'e24KC2PhiBelowLeaf33233__c2__c2__c1__c1' contains '__', which does not follow the mathlib naming conventions. Consider using single underscores instead.

Note: This linter can be disabled with `set_option linter.style.nameCheck false`
ÔÜá [3865/3958] Replayed GerverSofa.KernelOnly.PartE.E24KC5Direct_e24KC2PhiBelowLeaf33233__c2__c2__c1__c2_5_00388
warning: GerverSofa/KernelOnly/PartE/E24KC5Direct_e24KC2PhiBelowLeaf33233__c2__c2__c1__c2_5_00388.lean:10:8: The declaration 'e24KC2PhiBelowLeaf33233__c2__c2__c1__c2' contains '__', which does not follow the mathlib naming conventions. Consider using single underscores instead.

Note: This linter can be disabled with `set_option linter.style.nameCheck false`
ÔÜá [3866/3958] Replayed GerverSofa.KernelOnly.PartE.E24KC5Direct_e24KC2PhiBelowLeaf33233__c2__c2__c1__c3_5_00389
warning: GerverSofa/KernelOnly/PartE/E24KC5Direct_e24KC2PhiBelowLeaf33233__c2__c2__c1__c3_5_00389.lean:10:8: The declaration 'e24KC2PhiBelowLeaf33233__c2__c2__c1__c3' contains '__', which does not follow the mathlib naming conventions. Consider using single underscores instead.

Note: This linter can be disabled with `set_option linter.style.nameCheck false`
ÔÜá [3867/3958] Replayed GerverSofa.KernelOnly.PartE.E24KC5Join_e24KC2PhiBelowLeaf33233__c2__c2__c1_6_00390
warning: GerverSofa/KernelOnly/PartE/E24KC5Join_e24KC2PhiBelowLeaf33233__c2__c2__c1_6_00390.lean:11:8: The declaration 'e24KC2PhiBelowLeaf33233__c2__c2__c1' contains '__', which does not follow the mathlib naming conventions. Consider using single underscores instead.

Note: This linter can be disabled with `set_option linter.style.nameCheck false`
ÔÜá [3868/3958] Replayed GerverSofa.KernelOnly.PartE.E24KC5Direct_e24KC2PhiBelowLeaf33233__c2__c2__c2__c0_5_00392
warning: GerverSofa/KernelOnly/PartE/E24KC5Direct_e24KC2PhiBelowLeaf33233__c2__c2__c2__c0_5_00392.lean:10:8: The declaration 'e24KC2PhiBelowLeaf33233__c2__c2__c2__c0' contains '__', which does not follow the mathlib naming conventions. Consider using single underscores instead.

Note: This linter can be disabled with `set_option linter.style.nameCheck false`
ÔÜá [3869/3958] Replayed GerverSofa.KernelOnly.PartE.E24KC5Direct_e24KC2PhiBelowLeaf33233__c2__c2__c2__c2_5_00399
warning: GerverSofa/KernelOnly/PartE/E24KC5Direct_e24KC2PhiBelowLeaf33233__c2__c2__c2__c2_5_00399.lean:10:8: The declaration 'e24KC2PhiBelowLeaf33233__c2__c2__c2__c2' contains '__', which does not follow the mathlib naming conventions. Consider using single underscores instead.

Note: This linter can be disabled with `set_option linter.style.nameCheck false`
ÔÜá [3870/3958] Replayed GerverSofa.KernelOnly.PartE.E24KC5Direct_e24KC2PhiBelowLeaf33233__c2__c2__c2__c3_5_00400
warning: GerverSofa/KernelOnly/PartE/E24KC5Direct_e24KC2PhiBelowLeaf33233__c2__c2__c2__c3_5_00400.lean:10:8: The declaration 'e24KC2PhiBelowLeaf33233__c2__c2__c2__c3' contains '__', which does not follow the mathlib naming conventions. Consider using single underscores instead.

Note: This linter can be disabled with `set_option linter.style.nameCheck false`
ÔÜá [3871/3958] Replayed GerverSofa.KernelOnly.PartE.E24KC5Direct_e24KC2PhiBelowLeaf33233__c2__c2__c2__c1__c0_4_00394
warning: GerverSofa/KernelOnly/PartE/E24KC5Direct_e24KC2PhiBelowLeaf33233__c2__c2__c2__c1__c0_4_00394.lean:10:8: The declaration 'e24KC2PhiBelowLeaf33233__c2__c2__c2__c1__c0' contains '__', which does not follow the mathlib naming conventions. Consider using single underscores instead.

Note: This linter can be disabled with `set_option linter.style.nameCheck false`
ÔÜá [3872/3958] Replayed GerverSofa.KernelOnly.PartE.E24KC5Direct_e24KC2PhiBelowLeaf33233__c2__c2__c2__c1__c1_4_00395
warning: GerverSofa/KernelOnly/PartE/E24KC5Direct_e24KC2PhiBelowLeaf33233__c2__c2__c2__c1__c1_4_00395.lean:10:8: The declaration 'e24KC2PhiBelowLeaf33233__c2__c2__c2__c1__c1' contains '__', which does not follow the mathlib naming conventions. Consider using single underscores instead.

Note: This linter can be disabled with `set_option linter.style.nameCheck false`
ÔÜá [3873/3958] Replayed GerverSofa.KernelOnly.PartE.E24KC5Direct_e24KC2PhiBelowLeaf33233__c2__c2__c2__c1__c2_4_00396
warning: GerverSofa/KernelOnly/PartE/E24KC5Direct_e24KC2PhiBelowLeaf33233__c2__c2__c2__c1__c2_4_00396.lean:10:8: The declaration 'e24KC2PhiBelowLeaf33233__c2__c2__c2__c1__c2' contains '__', which does not follow the mathlib naming conventions. Consider using single underscores instead.

Note: This linter can be disabled with `set_option linter.style.nameCheck false`
ÔÜá [3874/3958] Replayed GerverSofa.KernelOnly.PartE.E24KC5Direct_e24KC2PhiBelowLeaf33233__c2__c2__c2__c1__c3_4_00397
warning: GerverSofa/KernelOnly/PartE/E24KC5Direct_e24KC2PhiBelowLeaf33233__c2__c2__c2__c1__c3_4_00397.lean:10:8: The declaration 'e24KC2PhiBelowLeaf33233__c2__c2__c2__c1__c3' contains '__', which does not follow the mathlib naming conventions. Consider using single underscores instead.

Note: This linter can be disabled with `set_option linter.style.nameCheck false`
ÔÜá [3875/3958] Replayed GerverSofa.KernelOnly.PartE.E24KC5Join_e24KC2PhiBelowLeaf33233__c2__c2__c2__c1_5_00398
warning: GerverSofa/KernelOnly/PartE/E24KC5Join_e24KC2PhiBelowLeaf33233__c2__c2__c2__c1_5_00398.lean:11:8: The declaration 'e24KC2PhiBelowLeaf33233__c2__c2__c2__c1' contains '__', which does not follow the mathlib naming conventions. Consider using single underscores instead.

Note: This linter can be disabled with `set_option linter.style.nameCheck false`
ÔÜá [3876/3958] Replayed GerverSofa.KernelOnly.PartE.E24KC5Join_e24KC2PhiBelowLeaf33233__c2__c2__c2_6_00401
warning: GerverSofa/KernelOnly/PartE/E24KC5Join_e24KC2PhiBelowLeaf33233__c2__c2__c2_6_00401.lean:11:8: The declaration 'e24KC2PhiBelowLeaf33233__c2__c2__c2' contains '__', which does not follow the mathlib naming conventions. Consider using single underscores instead.

Note: This linter can be disabled with `set_option linter.style.nameCheck false`
ÔÜá [3877/3958] Replayed GerverSofa.KernelOnly.PartE.E24KC5Direct_e24KC2PhiBelowLeaf33233__c2__c2__c3__c1_5_00409
warning: GerverSofa/KernelOnly/PartE/E24KC5Direct_e24KC2PhiBelowLeaf33233__c2__c2__c3__c1_5_00409.lean:10:8: The declaration 'e24KC2PhiBelowLeaf33233__c2__c2__c3__c1' contains '__', which does not follow the mathlib naming conventions. Consider using single underscores instead.

Note: This linter can be disabled with `set_option linter.style.nameCheck false`
ÔÜá [3878/3958] Replayed GerverSofa.KernelOnly.PartE.E24KC5Direct_e24KC2PhiBelowLeaf33233__c2__c2__c3__c0__c0_4_00404
warning: GerverSofa/KernelOnly/PartE/E24KC5Direct_e24KC2PhiBelowLeaf33233__c2__c2__c3__c0__c0_4_00404.lean:10:8: The declaration 'e24KC2PhiBelowLeaf33233__c2__c2__c3__c0__c0' contains '__', which does not follow the mathlib naming conventions. Consider using single underscores instead.

Note: This linter can be disabled with `set_option linter.style.nameCheck false`
ÔÜá [3879/3958] Replayed GerverSofa.KernelOnly.PartE.E24KC5Direct_e24KC2PhiBelowLeaf33233__c2__c2__c3__c0__c1_4_00405
warning: GerverSofa/KernelOnly/PartE/E24KC5Direct_e24KC2PhiBelowLeaf33233__c2__c2__c3__c0__c1_4_00405.lean:10:8: The declaration 'e24KC2PhiBelowLeaf33233__c2__c2__c3__c0__c1' contains '__', which does not follow the mathlib naming conventions. Consider using single underscores instead.

Note: This linter can be disabled with `set_option linter.style.nameCheck false`
ÔÜá [3880/3958] Replayed GerverSofa.KernelOnly.PartE.E24KC5Direct_e24KC2PhiBelowLeaf33233__c2__c2__c3__c0__c2_4_00406
warning: GerverSofa/KernelOnly/PartE/E24KC5Direct_e24KC2PhiBelowLeaf33233__c2__c2__c3__c0__c2_4_00406.lean:10:8: The declaration 'e24KC2PhiBelowLeaf33233__c2__c2__c3__c0__c2' contains '__', which does not follow the mathlib naming conventions. Consider using single underscores instead.

Note: This linter can be disabled with `set_option linter.style.nameCheck false`
ÔÜá [3881/3958] Replayed GerverSofa.KernelOnly.PartE.E24KC5Direct_e24KC2PhiBelowLeaf33233__c2__c2__c3__c0__c3_4_00407
warning: GerverSofa/KernelOnly/PartE/E24KC5Direct_e24KC2PhiBelowLeaf33233__c2__c2__c3__c0__c3_4_00407.lean:10:8: The declaration 'e24KC2PhiBelowLeaf33233__c2__c2__c3__c0__c3' contains '__', which does not follow the mathlib naming conventions. Consider using single underscores instead.

Note: This linter can be disabled with `set_option linter.style.nameCheck false`
ÔÜá [3882/3958] Replayed GerverSofa.KernelOnly.PartE.E24KC5Join_e24KC2PhiBelowLeaf33233__c2__c2__c3__c0_5_00408
warning: GerverSofa/KernelOnly/PartE/E24KC5Join_e24KC2PhiBelowLeaf33233__c2__c2__c3__c0_5_00408.lean:11:8: The declaration 'e24KC2PhiBelowLeaf33233__c2__c2__c3__c0' contains '__', which does not follow the mathlib naming conventions. Consider using single underscores instead.

Note: This linter can be disabled with `set_option linter.style.nameCheck false`
ÔÜá [3883/3958] Replayed GerverSofa.KernelOnly.PartE.E24KC5Direct_e24KC2PhiBelowLeaf33233__c2__c2__c3__c2__c0_4_00411
warning: GerverSofa/KernelOnly/PartE/E24KC5Direct_e24KC2PhiBelowLeaf33233__c2__c2__c3__c2__c0_4_00411.lean:10:8: The declaration 'e24KC2PhiBelowLeaf33233__c2__c2__c3__c2__c0' contains '__', which does not follow the mathlib naming conventions. Consider using single underscores instead.

Note: This linter can be disabled with `set_option linter.style.nameCheck false`
ÔÜá [3884/3958] Replayed GerverSofa.KernelOnly.PartE.E24KC5Direct_e24KC2PhiBelowLeaf33233__c2__c2__c3__c2__c2_4_00428
warning: GerverSofa/KernelOnly/PartE/E24KC5Direct_e24KC2PhiBelowLeaf33233__c2__c2__c3__c2__c2_4_00428.lean:10:8: The declaration 'e24KC2PhiBelowLeaf33233__c2__c2__c3__c2__c2' contains '__', which does not follow the mathlib naming conventions. Consider using single underscores instead.

Note: This linter can be disabled with `set_option linter.style.nameCheck false`
ÔÜá [3885/3958] Replayed GerverSofa.KernelOnly.PartE.E24KC5Direct_e24KC2PhiBelowLeaf33233__c2__c2__c3__c2__c1__c0_3_00413
warning: GerverSofa/KernelOnly/PartE/E24KC5Direct_e24KC2PhiBelowLeaf33233__c2__c2__c3__c2__c1__c0_3_00413.lean:10:8: The declaration 'e24KC2PhiBelowLeaf33233__c2__c2__c3__c2__c1__c0' contains '__', which does not follow the mathlib naming conventions. Consider using single underscores instead.

Note: This linter can be disabled with `set_option linter.style.nameCheck false`
ÔÜá [3886/3958] Replayed GerverSofa.KernelOnly.PartE.E24KC5Direct_e24KC2PhiBelowLeaf33233__c2__c2__c3__c2__c1__c1_3_00414
warning: GerverSofa/KernelOnly/PartE/E24KC5Direct_e24KC2PhiBelowLeaf33233__c2__c2__c3__c2__c1__c1_3_00414.lean:10:8: The declaration 'e24KC2PhiBelowLeaf33233__c2__c2__c3__c2__c1__c1' contains '__', which does not follow the mathlib naming conventions. Consider using single underscores instead.

Note: This linter can be disabled with `set_option linter.style.nameCheck false`
ÔÜá [3887/3958] Replayed GerverSofa.KernelOnly.PartE.E24KC5Direct_e24KC2PhiBelowLeaf33233__c2__c2__c3__c2__c1__c3_3_00426
warning: GerverSofa/KernelOnly/PartE/E24KC5Direct_e24KC2PhiBelowLeaf33233__c2__c2__c3__c2__c1__c3_3_00426.lean:10:8: The declaration 'e24KC2PhiBelowLeaf33233__c2__c2__c3__c2__c1__c3' contains '__', which does not follow the mathlib naming conventions. Consider using single underscores instead.

Note: This linter can be disabled with `set_option linter.style.nameCheck false`
ÔÜá [3888/3958] Replayed GerverSofa.KernelOnly.PartE.E24KC5Direct_e24KC2PhiBelowLeaf33233__c2__c2__c3__c2__c1__c2__c1_2_00422
warning: GerverSofa/KernelOnly/PartE/E24KC5Direct_e24KC2PhiBelowLeaf33233__c2__c2__c3__c2__c1__c2__c1_2_00422.lean:10:8: The declaration 'e24KC2PhiBelowLeaf33233__c2__c2__c3__c2__c1__c2__c1' contains '__', which does not follow the mathlib naming conventions. Consider using single underscores instead.

Note: This linter can be disabled with `set_option linter.style.nameCheck false`
ÔÜá [3889/3958] Replayed GerverSofa.KernelOnly.PartE.E24KC5Direct_e24KC2PhiBelowLeaf33233__c2__c2__c3__c2__c1__c2__c2_2_00423
warning: GerverSofa/KernelOnly/PartE/E24KC5Direct_e24KC2PhiBelowLeaf33233__c2__c2__c3__c2__c1__c2__c2_2_00423.lean:10:8: The declaration 'e24KC2PhiBelowLeaf33233__c2__c2__c3__c2__c1__c2__c2' contains '__', which does not follow the mathlib naming conventions. Consider using single underscores instead.

Note: This linter can be disabled with `set_option linter.style.nameCheck false`
ÔÜá [3890/3958] Replayed GerverSofa.KernelOnly.PartE.E24KC5Direct_e24KC2PhiBelowLeaf33233__c2__c2__c3__c2__c1__c2__c3_2_00424
warning: GerverSofa/KernelOnly/PartE/E24KC5Direct_e24KC2PhiBelowLeaf33233__c2__c2__c3__c2__c1__c2__c3_2_00424.lean:10:8: The declaration 'e24KC2PhiBelowLeaf33233__c2__c2__c3__c2__c1__c2__c3' contains '__', which does not follow the mathlib naming conventions. Consider using single underscores instead.

Note: This linter can be disabled with `set_option linter.style.nameCheck false`
ÔÜá [3891/3958] Replayed GerverSofa.KernelOnly.PartE.E24KC5Direct_e24KC2PhiBelowLeaf33233__c2__c2__c3__c2__c1__c2__c0__c0_1_00417
warning: GerverSofa/KernelOnly/PartE/E24KC5Direct_e24KC2PhiBelowLeaf33233__c2__c2__c3__c2__c1__c2__c0__c0_1_00417.lean:10:8: The declaration 'e24KC2PhiBelowLeaf33233__c2__c2__c3__c2__c1__c2__c0__c0' contains '__', which does not follow the mathlib naming conventions. Consider using single underscores instead.

Note: This linter can be disabled with `set_option linter.style.nameCheck false`
ÔÜá [3892/3958] Replayed GerverSofa.KernelOnly.PartE.E24KC5Direct_e24KC2PhiBelowLeaf33233__c2__c2__c3__c2__c1__c2__c0__c1_1_00418
warning: GerverSofa/KernelOnly/PartE/E24KC5Direct_e24KC2PhiBelowLeaf33233__c2__c2__c3__c2__c1__c2__c0__c1_1_00418.lean:10:8: The declaration 'e24KC2PhiBelowLeaf33233__c2__c2__c3__c2__c1__c2__c0__c1' contains '__', which does not follow the mathlib naming conventions. Consider using single underscores instead.

Note: This linter can be disabled with `set_option linter.style.nameCheck false`
ÔÜá [3893/3958] Replayed GerverSofa.KernelOnly.PartE.E24KC5Direct_e24KC2PhiBelowLeaf33233__c2__c2__c3__c2__c1__c2__c0__c2_1_00419
warning: GerverSofa/KernelOnly/PartE/E24KC5Direct_e24KC2PhiBelowLeaf33233__c2__c2__c3__c2__c1__c2__c0__c2_1_00419.lean:10:8: The declaration 'e24KC2PhiBelowLeaf33233__c2__c2__c3__c2__c1__c2__c0__c2' contains '__', which does not follow the mathlib naming conventions. Consider using single underscores instead.

Note: This linter can be disabled with `set_option linter.style.nameCheck false`
ÔÜá [3894/3958] Replayed GerverSofa.KernelOnly.PartE.E24KC5Direct_e24KC2PhiBelowLeaf33233__c2__c2__c3__c2__c1__c2__c0__c3_1_00420
warning: GerverSofa/KernelOnly/PartE/E24KC5Direct_e24KC2PhiBelowLeaf33233__c2__c2__c3__c2__c1__c2__c0__c3_1_00420.lean:10:8: The declaration 'e24KC2PhiBelowLeaf33233__c2__c2__c3__c2__c1__c2__c0__c3' contains '__', which does not follow the mathlib naming conventions. Consider using single underscores instead.

Note: This linter can be disabled with `set_option linter.style.nameCheck false`
ÔÜá [3895/3958] Replayed GerverSofa.KernelOnly.PartE.E24KC5Join_e24KC2PhiBelowLeaf33233__c2__c2__c3__c2__c1__c2__c0_2_00421
warning: GerverSofa/KernelOnly/PartE/E24KC5Join_e24KC2PhiBelowLeaf33233__c2__c2__c3__c2__c1__c2__c0_2_00421.lean:11:8: The declaration 'e24KC2PhiBelowLeaf33233__c2__c2__c3__c2__c1__c2__c0' contains '__', which does not follow the mathlib naming conventions. Consider using single underscores instead.

Note: This linter can be disabled with `set_option linter.style.nameCheck false`
ÔÜá [3896/3958] Replayed GerverSofa.KernelOnly.PartE.E24KC5Join_e24KC2PhiBelowLeaf33233__c2__c2__c3__c2__c1__c2_3_00425
warning: GerverSofa/KernelOnly/PartE/E24KC5Join_e24KC2PhiBelowLeaf33233__c2__c2__c3__c2__c1__c2_3_00425.lean:11:8: The declaration 'e24KC2PhiBelowLeaf33233__c2__c2__c3__c2__c1__c2' contains '__', which does not follow the mathlib naming conventions. Consider using single underscores instead.

Note: This linter can be disabled with `set_option linter.style.nameCheck false`
ÔÜá [3897/3958] Replayed GerverSofa.KernelOnly.PartE.E24KC5Join_e24KC2PhiBelowLeaf33233__c2__c2__c3__c2__c1_4_00427
warning: GerverSofa/KernelOnly/PartE/E24KC5Join_e24KC2PhiBelowLeaf33233__c2__c2__c3__c2__c1_4_00427.lean:11:8: The declaration 'e24KC2PhiBelowLeaf33233__c2__c2__c3__c2__c1' contains '__', which does not follow the mathlib naming conventions. Consider using single underscores instead.

Note: This linter can be disabled with `set_option linter.style.nameCheck false`
ÔÜá [3898/3958] Replayed GerverSofa.KernelOnly.PartE.E24KC5Direct_e24KC2PhiBelowLeaf33233__c2__c2__c3__c2__c3__c0_3_00430
warning: GerverSofa/KernelOnly/PartE/E24KC5Direct_e24KC2PhiBelowLeaf33233__c2__c2__c3__c2__c3__c0_3_00430.lean:10:8: The declaration 'e24KC2PhiBelowLeaf33233__c2__c2__c3__c2__c3__c0' contains '__', which does not follow the mathlib naming conventions. Consider using single underscores instead.

Note: This linter can be disabled with `set_option linter.style.nameCheck false`
ÔÜá [3899/3958] Replayed GerverSofa.KernelOnly.PartE.E24KC5Direct_e24KC2PhiBelowLeaf33233__c2__c2__c3__c2__c3__c1_3_00431
warning: GerverSofa/KernelOnly/PartE/E24KC5Direct_e24KC2PhiBelowLeaf33233__c2__c2__c3__c2__c3__c1_3_00431.lean:10:8: The declaration 'e24KC2PhiBelowLeaf33233__c2__c2__c3__c2__c3__c1' contains '__', which does not follow the mathlib naming conventions. Consider using single underscores instead.

Note: This linter can be disabled with `set_option linter.style.nameCheck false`
ÔÜá [3900/3958] Replayed GerverSofa.KernelOnly.PartE.E24KC5Direct_e24KC2PhiBelowLeaf33233__c2__c2__c3__c2__c3__c2_3_00432
warning: GerverSofa/KernelOnly/PartE/E24KC5Direct_e24KC2PhiBelowLeaf33233__c2__c2__c3__c2__c3__c2_3_00432.lean:10:8: The declaration 'e24KC2PhiBelowLeaf33233__c2__c2__c3__c2__c3__c2' contains '__', which does not follow the mathlib naming conventions. Consider using single underscores instead.

Note: This linter can be disabled with `set_option linter.style.nameCheck false`
ÔÜá [3901/3958] Replayed GerverSofa.KernelOnly.PartE.E24KC5Direct_e24KC2PhiBelowLeaf33233__c2__c2__c3__c2__c3__c3_3_00433
warning: GerverSofa/KernelOnly/PartE/E24KC5Direct_e24KC2PhiBelowLeaf33233__c2__c2__c3__c2__c3__c3_3_00433.lean:10:8: The declaration 'e24KC2PhiBelowLeaf33233__c2__c2__c3__c2__c3__c3' contains '__', which does not follow the mathlib naming conventions. Consider using single underscores instead.

Note: This linter can be disabled with `set_option linter.style.nameCheck false`
ÔÜá [3902/3958] Replayed GerverSofa.KernelOnly.PartE.E24KC5Join_e24KC2PhiBelowLeaf33233__c2__c2__c3__c2__c3_4_00434
warning: GerverSofa/KernelOnly/PartE/E24KC5Join_e24KC2PhiBelowLeaf33233__c2__c2__c3__c2__c3_4_00434.lean:11:8: The declaration 'e24KC2PhiBelowLeaf33233__c2__c2__c3__c2__c3' contains '__', which does not follow the mathlib naming conventions. Consider using single underscores instead.

Note: This linter can be disabled with `set_option linter.style.nameCheck false`
ÔÜá [3903/3958] Replayed GerverSofa.KernelOnly.PartE.E24KC5Join_e24KC2PhiBelowLeaf33233__c2__c2__c3__c2_5_00435
warning: GerverSofa/KernelOnly/PartE/E24KC5Join_e24KC2PhiBelowLeaf33233__c2__c2__c3__c2_5_00435.lean:11:8: The declaration 'e24KC2PhiBelowLeaf33233__c2__c2__c3__c2' contains '__', which does not follow the mathlib naming conventions. Consider using single underscores instead.

Note: This linter can be disabled with `set_option linter.style.nameCheck false`
ÔÜá [3904/3958] Replayed GerverSofa.KernelOnly.PartE.E24KC5Direct_e24KC2PhiBelowLeaf33233__c2__c2__c3__c3__c0_4_00437
warning: GerverSofa/KernelOnly/PartE/E24KC5Direct_e24KC2PhiBelowLeaf33233__c2__c2__c3__c3__c0_4_00437.lean:10:8: The declaration 'e24KC2PhiBelowLeaf33233__c2__c2__c3__c3__c0' contains '__', which does not follow the mathlib naming conventions. Consider using single underscores instead.

Note: This linter can be disabled with `set_option linter.style.nameCheck false`
ÔÜá [3905/3958] Replayed GerverSofa.KernelOnly.PartE.E24KC5Direct_e24KC2PhiBelowLeaf33233__c2__c2__c3__c3__c1_4_00438
warning: GerverSofa/KernelOnly/PartE/E24KC5Direct_e24KC2PhiBelowLeaf33233__c2__c2__c3__c3__c1_4_00438.lean:10:8: The declaration 'e24KC2PhiBelowLeaf33233__c2__c2__c3__c3__c1' contains '__', which does not follow the mathlib naming conventions. Consider using single underscores instead.

Note: This linter can be disabled with `set_option linter.style.nameCheck false`
ÔÜá [3906/3958] Replayed GerverSofa.KernelOnly.PartE.E24KC5Direct_e24KC2PhiBelowLeaf33233__c2__c2__c3__c3__c3_4_00445
warning: GerverSofa/KernelOnly/PartE/E24KC5Direct_e24KC2PhiBelowLeaf33233__c2__c2__c3__c3__c3_4_00445.lean:10:8: The declaration 'e24KC2PhiBelowLeaf33233__c2__c2__c3__c3__c3' contains '__', which does not follow the mathlib naming conventions. Consider using single underscores instead.

Note: This linter can be disabled with `set_option linter.style.nameCheck false`
ÔÜá [3907/3958] Replayed GerverSofa.KernelOnly.PartE.E24KC5Direct_e24KC2PhiBelowLeaf33233__c2__c2__c3__c3__c2__c0_3_00440
warning: GerverSofa/KernelOnly/PartE/E24KC5Direct_e24KC2PhiBelowLeaf33233__c2__c2__c3__c3__c2__c0_3_00440.lean:10:8: The declaration 'e24KC2PhiBelowLeaf33233__c2__c2__c3__c3__c2__c0' contains '__', which does not follow the mathlib naming conventions. Consider using single underscores instead.

Note: This linter can be disabled with `set_option linter.style.nameCheck false`
ÔÜá [3908/3958] Replayed GerverSofa.KernelOnly.PartE.E24KC5Direct_e24KC2PhiBelowLeaf33233__c2__c2__c3__c3__c2__c1_3_00441
warning: GerverSofa/KernelOnly/PartE/E24KC5Direct_e24KC2PhiBelowLeaf33233__c2__c2__c3__c3__c2__c1_3_00441.lean:10:8: The declaration 'e24KC2PhiBelowLeaf33233__c2__c2__c3__c3__c2__c1' contains '__', which does not follow the mathlib naming conventions. Consider using single underscores instead.

Note: This linter can be disabled with `set_option linter.style.nameCheck false`
ÔÜá [3909/3958] Replayed GerverSofa.KernelOnly.PartE.E24KC5Direct_e24KC2PhiBelowLeaf33233__c2__c2__c3__c3__c2__c2_3_00442
warning: GerverSofa/KernelOnly/PartE/E24KC5Direct_e24KC2PhiBelowLeaf33233__c2__c2__c3__c3__c2__c2_3_00442.lean:10:8: The declaration 'e24KC2PhiBelowLeaf33233__c2__c2__c3__c3__c2__c2' contains '__', which does not follow the mathlib naming conventions. Consider using single underscores instead.

Note: This linter can be disabled with `set_option linter.style.nameCheck false`
ÔÜá [3910/3958] Replayed GerverSofa.KernelOnly.PartE.E24KC5Direct_e24KC2PhiBelowLeaf33233__c2__c2__c3__c3__c2__c3_3_00443
warning: GerverSofa/KernelOnly/PartE/E24KC5Direct_e24KC2PhiBelowLeaf33233__c2__c2__c3__c3__c2__c3_3_00443.lean:10:8: The declaration 'e24KC2PhiBelowLeaf33233__c2__c2__c3__c3__c2__c3' contains '__', which does not follow the mathlib naming conventions. Consider using single underscores instead.

Note: This linter can be disabled with `set_option linter.style.nameCheck false`
ÔÜá [3911/3958] Replayed GerverSofa.KernelOnly.PartE.E24KC5Join_e24KC2PhiBelowLeaf33233__c2__c2__c3__c3__c2_4_00444
warning: GerverSofa/KernelOnly/PartE/E24KC5Join_e24KC2PhiBelowLeaf33233__c2__c2__c3__c3__c2_4_00444.lean:11:8: The declaration 'e24KC2PhiBelowLeaf33233__c2__c2__c3__c3__c2' contains '__', which does not follow the mathlib naming conventions. Consider using single underscores instead.

Note: This linter can be disabled with `set_option linter.style.nameCheck false`
ÔÜá [3912/3958] Replayed GerverSofa.KernelOnly.PartE.E24KC5Join_e24KC2PhiBelowLeaf33233__c2__c2__c3__c3_5_00446
warning: GerverSofa/KernelOnly/PartE/E24KC5Join_e24KC2PhiBelowLeaf33233__c2__c2__c3__c3_5_00446.lean:11:8: The declaration 'e24KC2PhiBelowLeaf33233__c2__c2__c3__c3' contains '__', which does not follow the mathlib naming conventions. Consider using single underscores instead.

Note: This linter can be disabled with `set_option linter.style.nameCheck false`
ÔÜá [3913/3958] Replayed GerverSofa.KernelOnly.PartE.E24KC5Join_e24KC2PhiBelowLeaf33233__c2__c2__c3_6_00447
warning: GerverSofa/KernelOnly/PartE/E24KC5Join_e24KC2PhiBelowLeaf33233__c2__c2__c3_6_00447.lean:11:8: The declaration 'e24KC2PhiBelowLeaf33233__c2__c2__c3' contains '__', which does not follow the mathlib naming conventions. Consider using single underscores instead.

Note: This linter can be disabled with `set_option linter.style.nameCheck false`
ÔÜá [3914/3958] Replayed GerverSofa.KernelOnly.PartE.E24KC5Join_e24KC2PhiBelowLeaf33233__c2__c2_7_00448
warning: GerverSofa/KernelOnly/PartE/E24KC5Join_e24KC2PhiBelowLeaf33233__c2__c2_7_00448.lean:11:8: The declaration 'e24KC2PhiBelowLeaf33233__c2__c2' contains '__', which does not follow the mathlib naming conventions. Consider using single underscores instead.

Note: This linter can be disabled with `set_option linter.style.nameCheck false`
ÔÜá [3915/3958] Replayed GerverSofa.KernelOnly.PartE.E24KC5Direct_e24KC2PhiBelowLeaf33233__c2__c3__c0_6_00450
warning: GerverSofa/KernelOnly/PartE/E24KC5Direct_e24KC2PhiBelowLeaf33233__c2__c3__c0_6_00450.lean:10:8: The declaration 'e24KC2PhiBelowLeaf33233__c2__c3__c0' contains '__', which does not follow the mathlib naming conventions. Consider using single underscores instead.

Note: This linter can be disabled with `set_option linter.style.nameCheck false`
ÔÜá [3916/3958] Replayed GerverSofa.KernelOnly.PartE.E24KC5Direct_e24KC2PhiBelowLeaf33233__c2__c3__c1_6_00451
warning: GerverSofa/KernelOnly/PartE/E24KC5Direct_e24KC2PhiBelowLeaf33233__c2__c3__c1_6_00451.lean:10:8: The declaration 'e24KC2PhiBelowLeaf33233__c2__c3__c1' contains '__', which does not follow the mathlib naming conventions. Consider using single underscores instead.

Note: This linter can be disabled with `set_option linter.style.nameCheck false`
ÔÜá [3917/3958] Replayed GerverSofa.KernelOnly.PartE.E24KC5Direct_e24KC2PhiBelowLeaf33233__c2__c3__c3_6_00458
warning: GerverSofa/KernelOnly/PartE/E24KC5Direct_e24KC2PhiBelowLeaf33233__c2__c3__c3_6_00458.lean:10:8: The declaration 'e24KC2PhiBelowLeaf33233__c2__c3__c3' contains '__', which does not follow the mathlib naming conventions. Consider using single underscores instead.

Note: This linter can be disabled with `set_option linter.style.nameCheck false`
ÔÜá [3918/3958] Replayed GerverSofa.KernelOnly.PartE.E24KC5Direct_e24KC2PhiBelowLeaf33233__c2__c3__c2__c0_5_00453
warning: GerverSofa/KernelOnly/PartE/E24KC5Direct_e24KC2PhiBelowLeaf33233__c2__c3__c2__c0_5_00453.lean:10:8: The declaration 'e24KC2PhiBelowLeaf33233__c2__c3__c2__c0' contains '__', which does not follow the mathlib naming conventions. Consider using single underscores instead.

Note: This linter can be disabled with `set_option linter.style.nameCheck false`
ÔÜá [3919/3958] Replayed GerverSofa.KernelOnly.PartE.E24KC5Direct_e24KC2PhiBelowLeaf33233__c2__c3__c2__c1_5_00454
warning: GerverSofa/KernelOnly/PartE/E24KC5Direct_e24KC2PhiBelowLeaf33233__c2__c3__c2__c1_5_00454.lean:10:8: The declaration 'e24KC2PhiBelowLeaf33233__c2__c3__c2__c1' contains '__', which does not follow the mathlib naming conventions. Consider using single underscores instead.

Note: This linter can be disabled with `set_option linter.style.nameCheck false`
ÔÜá [3920/3958] Replayed GerverSofa.KernelOnly.PartE.E24KC5Direct_e24KC2PhiBelowLeaf33233__c2__c3__c2__c2_5_00455
warning: GerverSofa/KernelOnly/PartE/E24KC5Direct_e24KC2PhiBelowLeaf33233__c2__c3__c2__c2_5_00455.lean:10:8: The declaration 'e24KC2PhiBelowLeaf33233__c2__c3__c2__c2' contains '__', which does not follow the mathlib naming conventions. Consider using single underscores instead.

Note: This linter can be disabled with `set_option linter.style.nameCheck false`
ÔÜá [3921/3958] Replayed GerverSofa.KernelOnly.PartE.E24KC5Direct_e24KC2PhiBelowLeaf33233__c2__c3__c2__c3_5_00456
warning: GerverSofa/KernelOnly/PartE/E24KC5Direct_e24KC2PhiBelowLeaf33233__c2__c3__c2__c3_5_00456.lean:10:8: The declaration 'e24KC2PhiBelowLeaf33233__c2__c3__c2__c3' contains '__', which does not follow the mathlib naming conventions. Consider using single underscores instead.

Note: This linter can be disabled with `set_option linter.style.nameCheck false`
ÔÜá [3922/3958] Replayed GerverSofa.KernelOnly.PartE.E24KC5Join_e24KC2PhiBelowLeaf33233__c2__c3__c2_6_00457
warning: GerverSofa/KernelOnly/PartE/E24KC5Join_e24KC2PhiBelowLeaf33233__c2__c3__c2_6_00457.lean:11:8: The declaration 'e24KC2PhiBelowLeaf33233__c2__c3__c2' contains '__', which does not follow the mathlib naming conventions. Consider using single underscores instead.

Note: This linter can be disabled with `set_option linter.style.nameCheck false`
ÔÜá [3923/3958] Replayed GerverSofa.KernelOnly.PartE.E24KC5Join_e24KC2PhiBelowLeaf33233__c2__c3_7_00459
warning: GerverSofa/KernelOnly/PartE/E24KC5Join_e24KC2PhiBelowLeaf33233__c2__c3_7_00459.lean:11:8: The declaration 'e24KC2PhiBelowLeaf33233__c2__c3' contains '__', which does not follow the mathlib naming conventions. Consider using single underscores instead.

Note: This linter can be disabled with `set_option linter.style.nameCheck false`
ÔÜá [3924/3958] Replayed GerverSofa.KernelOnly.PartE.E24KC5Join_e24KC2PhiBelowLeaf33233__c2_8_00460
warning: GerverSofa/KernelOnly/PartE/E24KC5Join_e24KC2PhiBelowLeaf33233__c2_8_00460.lean:11:8: The declaration 'e24KC2PhiBelowLeaf33233__c2' contains '__', which does not follow the mathlib naming conventions. Consider using single underscores instead.

Note: This linter can be disabled with `set_option linter.style.nameCheck false`
ÔÜá [3953/3958] Replayed GerverSofa.KernelOnly.PartE.E24KC5Direct_e24KC2PhiAboveLeaf1101101__c2_8_00109
warning: GerverSofa/KernelOnly/PartE/E24KC5Direct_e24KC2PhiAboveLeaf1101101__c2_8_00109.lean:10:8: The declaration 'e24KC2PhiAboveLeaf1101101__c2' contains '__', which does not follow the mathlib naming conventions. Consider using single underscores instead.

Note: This linter can be disabled with `set_option linter.style.nameCheck false`
ÔÜá [3954/3958] Replayed GerverSofa.KernelOnly.PartE.E24KC5Direct_e24KC2PhiAboveLeaf1101101__c3_8_00110
warning: GerverSofa/KernelOnly/PartE/E24KC5Direct_e24KC2PhiAboveLeaf1101101__c3_8_00110.lean:10:8: The declaration 'e24KC2PhiAboveLeaf1101101__c3' contains '__', which does not follow the mathlib naming conventions. Consider using single underscores instead.

Note: This linter can be disabled with `set_option linter.style.nameCheck false`
ÔÜá [3955/3958] Replayed GerverSofa.KernelOnly.PartE.E24KC5Direct_e24KC2PhiAboveLeaf1101101__c0__c2_7_00075
warning: GerverSofa/KernelOnly/PartE/E24KC5Direct_e24KC2PhiAboveLeaf1101101__c0__c2_7_00075.lean:10:8: The declaration 'e24KC2PhiAboveLeaf1101101__c0__c2' contains '__', which does not follow the mathlib naming conventions. Consider using single underscores instead.

Note: This linter can be disabled with `set_option linter.style.nameCheck false`
ÔÜá [3956/3958] Replayed GerverSofa.KernelOnly.PartE.E24KC5Direct_e24KC2PhiAboveLeaf1101101__c0__c3_7_00076
warning: GerverSofa/KernelOnly/PartE/E24KC5Direct_e24KC2PhiAboveLeaf1101101__c0__c3_7_00076.lean:10:8: The declaration 'e24KC2PhiAboveLeaf1101101__c0__c3' contains '__', which does not follow the mathlib naming conventions. Consider using single underscores instead.

Note: This linter can be disabled with `set_option linter.style.nameCheck false`
ÔÜá [3957/4166] Replayed GerverSofa.KernelOnly.PartE.E24KC5Direct_e24KC2PhiAboveLeaf1101101__c0__c0__c2_6_00046
warning: GerverSofa/KernelOnly/PartE/E24KC5Direct_e24KC2PhiAboveLeaf1101101__c0__c0__c2_6_00046.lean:10:8: The declaration 'e24KC2PhiAboveLeaf1101101__c0__c0__c2' contains '__', which does not follow the mathlib naming conventions. Consider using single underscores instead.

Note: This linter can be disabled with `set_option linter.style.nameCheck false`
ÔÜá [3958/4166] Replayed GerverSofa.KernelOnly.PartE.E24KC5Direct_e24KC2PhiAboveLeaf1101101__c0__c0__c3_6_00047
warning: GerverSofa/KernelOnly/PartE/E24KC5Direct_e24KC2PhiAboveLeaf1101101__c0__c0__c3_6_00047.lean:10:8: The declaration 'e24KC2PhiAboveLeaf1101101__c0__c0__c3' contains '__', which does not follow the mathlib naming conventions. Consider using single underscores instead.

Note: This linter can be disabled with `set_option linter.style.nameCheck false`
ÔÜá [3959/4166] Replayed GerverSofa.KernelOnly.PartE.E24KC5Direct_e24KC2PhiAboveLeaf1101101__c0__c0__c0__c0_5_00025
warning: GerverSofa/KernelOnly/PartE/E24KC5Direct_e24KC2PhiAboveLeaf1101101__c0__c0__c0__c0_5_00025.lean:10:8: The declaration 'e24KC2PhiAboveLeaf1101101__c0__c0__c0__c0' contains '__', which does not follow the mathlib naming conventions. Consider using single underscores instead.

Note: This linter can be disabled with `set_option linter.style.nameCheck false`
ÔÜá [3960/4166] Replayed GerverSofa.KernelOnly.PartE.E24KC5Direct_e24KC2PhiAboveLeaf1101101__c0__c0__c0__c1_5_00026
warning: GerverSofa/KernelOnly/PartE/E24KC5Direct_e24KC2PhiAboveLeaf1101101__c0__c0__c0__c1_5_00026.lean:10:8: The declaration 'e24KC2PhiAboveLeaf1101101__c0__c0__c0__c1' contains '__', which does not follow the mathlib naming conventions. Consider using single underscores instead.

Note: This linter can be disabled with `set_option linter.style.nameCheck false`
ÔÜá [3961/4166] Replayed GerverSofa.KernelOnly.PartE.E24KC5Direct_e24KC2PhiAboveLeaf1101101__c0__c0__c0__c2_5_00027
warning: GerverSofa/KernelOnly/PartE/E24KC5Direct_e24KC2PhiAboveLeaf1101101__c0__c0__c0__c2_5_00027.lean:10:8: The declaration 'e24KC2PhiAboveLeaf1101101__c0__c0__c0__c2' contains '__', which does not follow the mathlib naming conventions. Consider using single underscores instead.

Note: This linter can be disabled with `set_option linter.style.nameCheck false`
ÔÜá [3962/4166] Replayed GerverSofa.KernelOnly.PartE.E24KC5Direct_e24KC2PhiAboveLeaf1101101__c0__c0__c0__c3_5_00028
warning: GerverSofa/KernelOnly/PartE/E24KC5Direct_e24KC2PhiAboveLeaf1101101__c0__c0__c0__c3_5_00028.lean:10:8: The declaration 'e24KC2PhiAboveLeaf1101101__c0__c0__c0__c3' contains '__', which does not follow the mathlib naming conventions. Consider using single underscores instead.

Note: This linter can be disabled with `set_option linter.style.nameCheck false`
ÔÜá [3963/4166] Replayed GerverSofa.KernelOnly.PartE.E24KC5Join_e24KC2PhiAboveLeaf1101101__c0__c0__c0_6_00029
warning: GerverSofa/KernelOnly/PartE/E24KC5Join_e24KC2PhiAboveLeaf1101101__c0__c0__c0_6_00029.lean:11:8: The declaration 'e24KC2PhiAboveLeaf1101101__c0__c0__c0' contains '__', which does not follow the mathlib naming conventions. Consider using single underscores instead.

Note: This linter can be disabled with `set_option linter.style.nameCheck false`
ÔÜá [3964/4166] Replayed GerverSofa.KernelOnly.PartE.E24KC5Direct_e24KC2PhiAboveLeaf1101101__c0__c0__c1__c2_5_00043
warning: GerverSofa/KernelOnly/PartE/E24KC5Direct_e24KC2PhiAboveLeaf1101101__c0__c0__c1__c2_5_00043.lean:10:8: The declaration 'e24KC2PhiAboveLeaf1101101__c0__c0__c1__c2' contains '__', which does not follow the mathlib naming conventions. Consider using single underscores instead.

Note: This linter can be disabled with `set_option linter.style.nameCheck false`
ÔÜá [3965/4166] Replayed GerverSofa.KernelOnly.PartE.E24KC5Direct_e24KC2PhiAboveLeaf1101101__c0__c0__c1__c3_5_00044
warning: GerverSofa/KernelOnly/PartE/E24KC5Direct_e24KC2PhiAboveLeaf1101101__c0__c0__c1__c3_5_00044.lean:10:8: The declaration 'e24KC2PhiAboveLeaf1101101__c0__c0__c1__c3' contains '__', which does not follow the mathlib naming conventions. Consider using single underscores instead.

Note: This linter can be disabled with `set_option linter.style.nameCheck false`
ÔÜá [3966/4166] Replayed GerverSofa.KernelOnly.PartE.E24KC5Direct_e24KC2PhiAboveLeaf1101101__c0__c0__c1__c0__c0_4_00032
warning: GerverSofa/KernelOnly/PartE/E24KC5Direct_e24KC2PhiAboveLeaf1101101__c0__c0__c1__c0__c0_4_00032.lean:10:8: The declaration 'e24KC2PhiAboveLeaf1101101__c0__c0__c1__c0__c0' contains '__', which does not follow the mathlib naming conventions. Consider using single underscores instead.

Note: This linter can be disabled with `set_option linter.style.nameCheck false`
ÔÜá [3967/4166] Replayed GerverSofa.KernelOnly.PartE.E24KC5Direct_e24KC2PhiAboveLeaf1101101__c0__c0__c1__c0__c1_4_00033
warning: GerverSofa/KernelOnly/PartE/E24KC5Direct_e24KC2PhiAboveLeaf1101101__c0__c0__c1__c0__c1_4_00033.lean:10:8: The declaration 'e24KC2PhiAboveLeaf1101101__c0__c0__c1__c0__c1' contains '__', which does not follow the mathlib naming conventions. Consider using single underscores instead.

Note: This linter can be disabled with `set_option linter.style.nameCheck false`
ÔÜá [3968/4166] Replayed GerverSofa.KernelOnly.PartE.E24KC5Direct_e24KC2PhiAboveLeaf1101101__c0__c0__c1__c0__c2_4_00034
warning: GerverSofa/KernelOnly/PartE/E24KC5Direct_e24KC2PhiAboveLeaf1101101__c0__c0__c1__c0__c2_4_00034.lean:10:8: The declaration 'e24KC2PhiAboveLeaf1101101__c0__c0__c1__c0__c2' contains '__', which does not follow the mathlib naming conventions. Consider using single underscores instead.

Note: This linter can be disabled with `set_option linter.style.nameCheck false`
ÔÜá [3969/4166] Replayed GerverSofa.KernelOnly.PartE.E24KC5Direct_e24KC2PhiAboveLeaf1101101__c0__c0__c1__c0__c3_4_00035
warning: GerverSofa/KernelOnly/PartE/E24KC5Direct_e24KC2PhiAboveLeaf1101101__c0__c0__c1__c0__c3_4_00035.lean:10:8: The declaration 'e24KC2PhiAboveLeaf1101101__c0__c0__c1__c0__c3' contains '__', which does not follow the mathlib naming conventions. Consider using single underscores instead.

Note: This linter can be disabled with `set_option linter.style.nameCheck false`
ÔÜá [3970/4166] Replayed GerverSofa.KernelOnly.PartE.E24KC5Join_e24KC2PhiAboveLeaf1101101__c0__c0__c1__c0_5_00036
warning: GerverSofa/KernelOnly/PartE/E24KC5Join_e24KC2PhiAboveLeaf1101101__c0__c0__c1__c0_5_00036.lean:11:8: The declaration 'e24KC2PhiAboveLeaf1101101__c0__c0__c1__c0' contains '__', which does not follow the mathlib naming conventions. Consider using single underscores instead.

Note: This linter can be disabled with `set_option linter.style.nameCheck false`
ÔÜá [3971/4166] Replayed GerverSofa.KernelOnly.PartE.E24KC5Direct_e24KC2PhiAboveLeaf1101101__c0__c0__c1__c1__c0_4_00038
warning: GerverSofa/KernelOnly/PartE/E24KC5Direct_e24KC2PhiAboveLeaf1101101__c0__c0__c1__c1__c0_4_00038.lean:10:8: The declaration 'e24KC2PhiAboveLeaf1101101__c0__c0__c1__c1__c0' contains '__', which does not follow the mathlib naming conventions. Consider using single underscores instead.

Note: This linter can be disabled with `set_option linter.style.nameCheck false`
ÔÜá [3972/4166] Replayed GerverSofa.KernelOnly.PartE.E24KC5Direct_e24KC2PhiAboveLeaf1101101__c0__c0__c1__c1__c1_4_00039
warning: GerverSofa/KernelOnly/PartE/E24KC5Direct_e24KC2PhiAboveLeaf1101101__c0__c0__c1__c1__c1_4_00039.lean:10:8: The declaration 'e24KC2PhiAboveLeaf1101101__c0__c0__c1__c1__c1' contains '__', which does not follow the mathlib naming conventions. Consider using single underscores instead.

Note: This linter can be disabled with `set_option linter.style.nameCheck false`
ÔÜá [3973/4166] Replayed GerverSofa.KernelOnly.PartE.E24KC5Direct_e24KC2PhiAboveLeaf1101101__c0__c0__c1__c1__c2_4_00040
warning: GerverSofa/KernelOnly/PartE/E24KC5Direct_e24KC2PhiAboveLeaf1101101__c0__c0__c1__c1__c2_4_00040.lean:10:8: The declaration 'e24KC2PhiAboveLeaf1101101__c0__c0__c1__c1__c2' contains '__', which does not follow the mathlib naming conventions. Consider using single underscores instead.

Note: This linter can be disabled with `set_option linter.style.nameCheck false`
ÔÜá [3974/4166] Replayed GerverSofa.KernelOnly.PartE.E24KC5Direct_e24KC2PhiAboveLeaf1101101__c0__c0__c1__c1__c3_4_00041
warning: GerverSofa/KernelOnly/PartE/E24KC5Direct_e24KC2PhiAboveLeaf1101101__c0__c0__c1__c1__c3_4_00041.lean:10:8: The declaration 'e24KC2PhiAboveLeaf1101101__c0__c0__c1__c1__c3' contains '__', which does not follow the mathlib naming conventions. Consider using single underscores instead.

Note: This linter can be disabled with `set_option linter.style.nameCheck false`
ÔÜá [3975/4166] Replayed GerverSofa.KernelOnly.PartE.E24KC5Join_e24KC2PhiAboveLeaf1101101__c0__c0__c1__c1_5_00042
warning: GerverSofa/KernelOnly/PartE/E24KC5Join_e24KC2PhiAboveLeaf1101101__c0__c0__c1__c1_5_00042.lean:11:8: The declaration 'e24KC2PhiAboveLeaf1101101__c0__c0__c1__c1' contains '__', which does not follow the mathlib naming conventions. Consider using single underscores instead.

Note: This linter can be disabled with `set_option linter.style.nameCheck false`
ÔÜá [3976/4166] Replayed GerverSofa.KernelOnly.PartE.E24KC5Join_e24KC2PhiAboveLeaf1101101__c0__c0__c1_6_00045
warning: GerverSofa/KernelOnly/PartE/E24KC5Join_e24KC2PhiAboveLeaf1101101__c0__c0__c1_6_00045.lean:11:8: The declaration 'e24KC2PhiAboveLeaf1101101__c0__c0__c1' contains '__', which does not follow the mathlib naming conventions. Consider using single underscores instead.

Note: This linter can be disabled with `set_option linter.style.nameCheck false`
ÔÜá [3977/4166] Replayed GerverSofa.KernelOnly.PartE.E24KC5Join_e24KC2PhiAboveLeaf1101101__c0__c0_7_00048
warning: GerverSofa/KernelOnly/PartE/E24KC5Join_e24KC2PhiAboveLeaf1101101__c0__c0_7_00048.lean:11:8: The declaration 'e24KC2PhiAboveLeaf1101101__c0__c0' contains '__', which does not follow the mathlib naming conventions. Consider using single underscores instead.

Note: This linter can be disabled with `set_option linter.style.nameCheck false`
ÔÜá [3978/4166] Replayed GerverSofa.KernelOnly.PartE.E24KC5Direct_e24KC2PhiAboveLeaf1101101__c0__c1__c2_6_00072
warning: GerverSofa/KernelOnly/PartE/E24KC5Direct_e24KC2PhiAboveLeaf1101101__c0__c1__c2_6_00072.lean:10:8: The declaration 'e24KC2PhiAboveLeaf1101101__c0__c1__c2' contains '__', which does not follow the mathlib naming conventions. Consider using single underscores instead.

Note: This linter can be disabled with `set_option linter.style.nameCheck false`
ÔÜá [3979/4166] Replayed GerverSofa.KernelOnly.PartE.E24KC5Direct_e24KC2PhiAboveLeaf1101101__c0__c1__c3_6_00073
warning: GerverSofa/KernelOnly/PartE/E24KC5Direct_e24KC2PhiAboveLeaf1101101__c0__c1__c3_6_00073.lean:10:8: The declaration 'e24KC2PhiAboveLeaf1101101__c0__c1__c3' contains '__', which does not follow the mathlib naming conventions. Consider using single underscores instead.

Note: This linter can be disabled with `set_option linter.style.nameCheck false`
ÔÜá [3980/4166] Replayed GerverSofa.KernelOnly.PartE.E24KC5Direct_e24KC2PhiAboveLeaf1101101__c0__c1__c0__c2_5_00063
warning: GerverSofa/KernelOnly/PartE/E24KC5Direct_e24KC2PhiAboveLeaf1101101__c0__c1__c0__c2_5_00063.lean:10:8: The declaration 'e24KC2PhiAboveLeaf1101101__c0__c1__c0__c2' contains '__', which does not follow the mathlib naming conventions. Consider using single underscores instead.

Note: This linter can be disabled with `set_option linter.style.nameCheck false`
ÔÜá [3981/4166] Replayed GerverSofa.KernelOnly.PartE.E24KC5Direct_e24KC2PhiAboveLeaf1101101__c0__c1__c0__c3_5_00064
warning: GerverSofa/KernelOnly/PartE/E24KC5Direct_e24KC2PhiAboveLeaf1101101__c0__c1__c0__c3_5_00064.lean:10:8: The declaration 'e24KC2PhiAboveLeaf1101101__c0__c1__c0__c3' contains '__', which does not follow the mathlib naming conventions. Consider using single underscores instead.

Note: This linter can be disabled with `set_option linter.style.nameCheck false`
ÔÜá [3982/4166] Replayed GerverSofa.KernelOnly.PartE.E24KC5Direct_e24KC2PhiAboveLeaf1101101__c0__c1__c0__c0__c0_4_00052
warning: GerverSofa/KernelOnly/PartE/E24KC5Direct_e24KC2PhiAboveLeaf1101101__c0__c1__c0__c0__c0_4_00052.lean:10:8: The declaration 'e24KC2PhiAboveLeaf1101101__c0__c1__c0__c0__c0' contains '__', which does not follow the mathlib naming conventions. Consider using single underscores instead.

Note: This linter can be disabled with `set_option linter.style.nameCheck false`
ÔÜá [3983/4166] Replayed GerverSofa.KernelOnly.PartE.E24KC5Direct_e24KC2PhiAboveLeaf1101101__c0__c1__c0__c0__c1_4_00053
warning: GerverSofa/KernelOnly/PartE/E24KC5Direct_e24KC2PhiAboveLeaf1101101__c0__c1__c0__c0__c1_4_00053.lean:10:8: The declaration 'e24KC2PhiAboveLeaf1101101__c0__c1__c0__c0__c1' contains '__', which does not follow the mathlib naming conventions. Consider using single underscores instead.

Note: This linter can be disabled with `set_option linter.style.nameCheck false`
ÔÜá [3984/4166] Replayed GerverSofa.KernelOnly.PartE.E24KC5Direct_e24KC2PhiAboveLeaf1101101__c0__c1__c0__c0__c2_4_00054
warning: GerverSofa/KernelOnly/PartE/E24KC5Direct_e24KC2PhiAboveLeaf1101101__c0__c1__c0__c0__c2_4_00054.lean:10:8: The declaration 'e24KC2PhiAboveLeaf1101101__c0__c1__c0__c0__c2' contains '__', which does not follow the mathlib naming conventions. Consider using single underscores instead.

Note: This linter can be disabled with `set_option linter.style.nameCheck false`
ÔÜá [3985/4166] Replayed GerverSofa.KernelOnly.PartE.E24KC5Direct_e24KC2PhiAboveLeaf1101101__c0__c1__c0__c0__c3_4_00055
warning: GerverSofa/KernelOnly/PartE/E24KC5Direct_e24KC2PhiAboveLeaf1101101__c0__c1__c0__c0__c3_4_00055.lean:10:8: The declaration 'e24KC2PhiAboveLeaf1101101__c0__c1__c0__c0__c3' contains '__', which does not follow the mathlib naming conventions. Consider using single underscores instead.

Note: This linter can be disabled with `set_option linter.style.nameCheck false`
ÔÜá [3986/4166] Replayed GerverSofa.KernelOnly.PartE.E24KC5Join_e24KC2PhiAboveLeaf1101101__c0__c1__c0__c0_5_00056
warning: GerverSofa/KernelOnly/PartE/E24KC5Join_e24KC2PhiAboveLeaf1101101__c0__c1__c0__c0_5_00056.lean:11:8: The declaration 'e24KC2PhiAboveLeaf1101101__c0__c1__c0__c0' contains '__', which does not follow the mathlib naming conventions. Consider using single underscores instead.

Note: This linter can be disabled with `set_option linter.style.nameCheck false`
ÔÜá [3987/4166] Replayed GerverSofa.KernelOnly.PartE.E24KC5Direct_e24KC2PhiAboveLeaf1101101__c0__c1__c0__c1__c0_4_00058
warning: GerverSofa/KernelOnly/PartE/E24KC5Direct_e24KC2PhiAboveLeaf1101101__c0__c1__c0__c1__c0_4_00058.lean:10:8: The declaration 'e24KC2PhiAboveLeaf1101101__c0__c1__c0__c1__c0' contains '__', which does not follow the mathlib naming conventions. Consider using single underscores instead.

Note: This linter can be disabled with `set_option linter.style.nameCheck false`
ÔÜá [3988/4166] Replayed GerverSofa.KernelOnly.PartE.E24KC5Direct_e24KC2PhiAboveLeaf1101101__c0__c1__c0__c1__c1_4_00059
warning: GerverSofa/KernelOnly/PartE/E24KC5Direct_e24KC2PhiAboveLeaf1101101__c0__c1__c0__c1__c1_4_00059.lean:10:8: The declaration 'e24KC2PhiAboveLeaf1101101__c0__c1__c0__c1__c1' contains '__', which does not follow the mathlib naming conventions. Consider using single underscores instead.

Note: This linter can be disabled with `set_option linter.style.nameCheck false`
ÔÜá [3989/4166] Replayed GerverSofa.KernelOnly.PartE.E24KC5Direct_e24KC2PhiAboveLeaf1101101__c0__c1__c0__c1__c2_4_00060
warning: GerverSofa/KernelOnly/PartE/E24KC5Direct_e24KC2PhiAboveLeaf1101101__c0__c1__c0__c1__c2_4_00060.lean:10:8: The declaration 'e24KC2PhiAboveLeaf1101101__c0__c1__c0__c1__c2' contains '__', which does not follow the mathlib naming conventions. Consider using single underscores instead.

Note: This linter can be disabled with `set_option linter.style.nameCheck false`
ÔÜá [3990/4166] Replayed GerverSofa.KernelOnly.PartE.E24KC5Direct_e24KC2PhiAboveLeaf1101101__c0__c1__c0__c1__c3_4_00061
warning: GerverSofa/KernelOnly/PartE/E24KC5Direct_e24KC2PhiAboveLeaf1101101__c0__c1__c0__c1__c3_4_00061.lean:10:8: The declaration 'e24KC2PhiAboveLeaf1101101__c0__c1__c0__c1__c3' contains '__', which does not follow the mathlib naming conventions. Consider using single underscores instead.

Note: This linter can be disabled with `set_option linter.style.nameCheck false`
ÔÜá [3991/4166] Replayed GerverSofa.KernelOnly.PartE.E24KC5Join_e24KC2PhiAboveLeaf1101101__c0__c1__c0__c1_5_00062
warning: GerverSofa/KernelOnly/PartE/E24KC5Join_e24KC2PhiAboveLeaf1101101__c0__c1__c0__c1_5_00062.lean:11:8: The declaration 'e24KC2PhiAboveLeaf1101101__c0__c1__c0__c1' contains '__', which does not follow the mathlib naming conventions. Consider using single underscores instead.

Note: This linter can be disabled with `set_option linter.style.nameCheck false`
ÔÜá [3992/4166] Replayed GerverSofa.KernelOnly.PartE.E24KC5Join_e24KC2PhiAboveLeaf1101101__c0__c1__c0_6_00065
warning: GerverSofa/KernelOnly/PartE/E24KC5Join_e24KC2PhiAboveLeaf1101101__c0__c1__c0_6_00065.lean:11:8: The declaration 'e24KC2PhiAboveLeaf1101101__c0__c1__c0' contains '__', which does not follow the mathlib naming conventions. Consider using single underscores instead.

Note: This linter can be disabled with `set_option linter.style.nameCheck false`
ÔÜá [3993/4166] Replayed GerverSofa.KernelOnly.PartE.E24KC5Direct_e24KC2PhiAboveLeaf1101101__c0__c1__c1__c0_5_00067
warning: GerverSofa/KernelOnly/PartE/E24KC5Direct_e24KC2PhiAboveLeaf1101101__c0__c1__c1__c0_5_00067.lean:10:8: The declaration 'e24KC2PhiAboveLeaf1101101__c0__c1__c1__c0' contains '__', which does not follow the mathlib naming conventions. Consider using single underscores instead.

Note: This linter can be disabled with `set_option linter.style.nameCheck false`
ÔÜá [3994/4166] Replayed GerverSofa.KernelOnly.PartE.E24KC5Direct_e24KC2PhiAboveLeaf1101101__c0__c1__c1__c1_5_00068
warning: GerverSofa/KernelOnly/PartE/E24KC5Direct_e24KC2PhiAboveLeaf1101101__c0__c1__c1__c1_5_00068.lean:10:8: The declaration 'e24KC2PhiAboveLeaf1101101__c0__c1__c1__c1' contains '__', which does not follow the mathlib naming conventions. Consider using single underscores instead.

Note: This linter can be disabled with `set_option linter.style.nameCheck false`
ÔÜá [3995/4166] Replayed GerverSofa.KernelOnly.PartE.E24KC5Direct_e24KC2PhiAboveLeaf1101101__c0__c1__c1__c2_5_00069
warning: GerverSofa/KernelOnly/PartE/E24KC5Direct_e24KC2PhiAboveLeaf1101101__c0__c1__c1__c2_5_00069.lean:10:8: The declaration 'e24KC2PhiAboveLeaf1101101__c0__c1__c1__c2' contains '__', which does not follow the mathlib naming conventions. Consider using single underscores instead.

Note: This linter can be disabled with `set_option linter.style.nameCheck false`
ÔÜá [3996/4166] Replayed GerverSofa.KernelOnly.PartE.E24KC5Direct_e24KC2PhiAboveLeaf1101101__c0__c1__c1__c3_5_00070
warning: GerverSofa/KernelOnly/PartE/E24KC5Direct_e24KC2PhiAboveLeaf1101101__c0__c1__c1__c3_5_00070.lean:10:8: The declaration 'e24KC2PhiAboveLeaf1101101__c0__c1__c1__c3' contains '__', which does not follow the mathlib naming conventions. Consider using single underscores instead.

Note: This linter can be disabled with `set_option linter.style.nameCheck false`
ÔÜá [3997/4166] Replayed GerverSofa.KernelOnly.PartE.E24KC5Join_e24KC2PhiAboveLeaf1101101__c0__c1__c1_6_00071
warning: GerverSofa/KernelOnly/PartE/E24KC5Join_e24KC2PhiAboveLeaf1101101__c0__c1__c1_6_00071.lean:11:8: The declaration 'e24KC2PhiAboveLeaf1101101__c0__c1__c1' contains '__', which does not follow the mathlib naming conventions. Consider using single underscores instead.

Note: This linter can be disabled with `set_option linter.style.nameCheck false`
ÔÜá [3998/4166] Replayed GerverSofa.KernelOnly.PartE.E24KC5Join_e24KC2PhiAboveLeaf1101101__c0__c1_7_00074
warning: GerverSofa/KernelOnly/PartE/E24KC5Join_e24KC2PhiAboveLeaf1101101__c0__c1_7_00074.lean:11:8: The declaration 'e24KC2PhiAboveLeaf1101101__c0__c1' contains '__', which does not follow the mathlib naming conventions. Consider using single underscores instead.

Note: This linter can be disabled with `set_option linter.style.nameCheck false`
ÔÜá [3999/4166] Replayed GerverSofa.KernelOnly.PartE.E24KC5Join_e24KC2PhiAboveLeaf1101101__c0_8_00077
warning: GerverSofa/KernelOnly/PartE/E24KC5Join_e24KC2PhiAboveLeaf1101101__c0_8_00077.lean:11:8: The declaration 'e24KC2PhiAboveLeaf1101101__c0' contains '__', which does not follow the mathlib naming conventions. Consider using single underscores instead.

Note: This linter can be disabled with `set_option linter.style.nameCheck false`
ÔÜá [4000/4166] Replayed GerverSofa.KernelOnly.PartE.E24KC5Direct_e24KC2PhiAboveLeaf1101101__c1__c2_7_00106
warning: GerverSofa/KernelOnly/PartE/E24KC5Direct_e24KC2PhiAboveLeaf1101101__c1__c2_7_00106.lean:10:8: The declaration 'e24KC2PhiAboveLeaf1101101__c1__c2' contains '__', which does not follow the mathlib naming conventions. Consider using single underscores instead.

Note: This linter can be disabled with `set_option linter.style.nameCheck false`
ÔÜá [4001/4166] Replayed GerverSofa.KernelOnly.PartE.E24KC5Direct_e24KC2PhiAboveLeaf1101101__c1__c3_7_00107
warning: GerverSofa/KernelOnly/PartE/E24KC5Direct_e24KC2PhiAboveLeaf1101101__c1__c3_7_00107.lean:10:8: The declaration 'e24KC2PhiAboveLeaf1101101__c1__c3' contains '__', which does not follow the mathlib naming conventions. Consider using single underscores instead.

Note: This linter can be disabled with `set_option linter.style.nameCheck false`
ÔÜá [4002/4166] Replayed GerverSofa.KernelOnly.PartE.E24KC5Direct_e24KC2PhiAboveLeaf1101101__c1__c0__c2_6_00092
warning: GerverSofa/KernelOnly/PartE/E24KC5Direct_e24KC2PhiAboveLeaf1101101__c1__c0__c2_6_00092.lean:10:8: The declaration 'e24KC2PhiAboveLeaf1101101__c1__c0__c2' contains '__', which does not follow the mathlib naming conventions. Consider using single underscores instead.

Note: This linter can be disabled with `set_option linter.style.nameCheck false`
ÔÜá [4003/4166] Replayed GerverSofa.KernelOnly.PartE.E24KC5Direct_e24KC2PhiAboveLeaf1101101__c1__c0__c3_6_00093
warning: GerverSofa/KernelOnly/PartE/E24KC5Direct_e24KC2PhiAboveLeaf1101101__c1__c0__c3_6_00093.lean:10:8: The declaration 'e24KC2PhiAboveLeaf1101101__c1__c0__c3' contains '__', which does not follow the mathlib naming conventions. Consider using single underscores instead.

Note: This linter can be disabled with `set_option linter.style.nameCheck false`
ÔÜá [4004/4166] Replayed GerverSofa.KernelOnly.PartE.E24KC5Direct_e24KC2PhiAboveLeaf1101101__c1__c0__c0__c0_5_00081
warning: GerverSofa/KernelOnly/PartE/E24KC5Direct_e24KC2PhiAboveLeaf1101101__c1__c0__c0__c0_5_00081.lean:10:8: The declaration 'e24KC2PhiAboveLeaf1101101__c1__c0__c0__c0' contains '__', which does not follow the mathlib naming conventions. Consider using single underscores instead.

Note: This linter can be disabled with `set_option linter.style.nameCheck false`
ÔÜá [4005/4166] Replayed GerverSofa.KernelOnly.PartE.E24KC5Direct_e24KC2PhiAboveLeaf1101101__c1__c0__c0__c1_5_00082
warning: GerverSofa/KernelOnly/PartE/E24KC5Direct_e24KC2PhiAboveLeaf1101101__c1__c0__c0__c1_5_00082.lean:10:8: The declaration 'e24KC2PhiAboveLeaf1101101__c1__c0__c0__c1' contains '__', which does not follow the mathlib naming conventions. Consider using single underscores instead.

Note: This linter can be disabled with `set_option linter.style.nameCheck false`
ÔÜá [4006/4166] Replayed GerverSofa.KernelOnly.PartE.E24KC5Direct_e24KC2PhiAboveLeaf1101101__c1__c0__c0__c2_5_00083
warning: GerverSofa/KernelOnly/PartE/E24KC5Direct_e24KC2PhiAboveLeaf1101101__c1__c0__c0__c2_5_00083.lean:10:8: The declaration 'e24KC2PhiAboveLeaf1101101__c1__c0__c0__c2' contains '__', which does not follow the mathlib naming conventions. Consider using single underscores instead.

Note: This linter can be disabled with `set_option linter.style.nameCheck false`
ÔÜá [4007/4166] Replayed GerverSofa.KernelOnly.PartE.E24KC5Direct_e24KC2PhiAboveLeaf1101101__c1__c0__c0__c3_5_00084
warning: GerverSofa/KernelOnly/PartE/E24KC5Direct_e24KC2PhiAboveLeaf1101101__c1__c0__c0__c3_5_00084.lean:10:8: The declaration 'e24KC2PhiAboveLeaf1101101__c1__c0__c0__c3' contains '__', which does not follow the mathlib naming conventions. Consider using single underscores instead.

Note: This linter can be disabled with `set_option linter.style.nameCheck false`
ÔÜá [4008/4166] Replayed GerverSofa.KernelOnly.PartE.E24KC5Join_e24KC2PhiAboveLeaf1101101__c1__c0__c0_6_00085
warning: GerverSofa/KernelOnly/PartE/E24KC5Join_e24KC2PhiAboveLeaf1101101__c1__c0__c0_6_00085.lean:11:8: The declaration 'e24KC2PhiAboveLeaf1101101__c1__c0__c0' contains '__', which does not follow the mathlib naming conventions. Consider using single underscores instead.

Note: This linter can be disabled with `set_option linter.style.nameCheck false`
ÔÜá [4009/4166] Replayed GerverSofa.KernelOnly.PartE.E24KC5Direct_e24KC2PhiAboveLeaf1101101__c1__c0__c1__c0_5_00087
warning: GerverSofa/KernelOnly/PartE/E24KC5Direct_e24KC2PhiAboveLeaf1101101__c1__c0__c1__c0_5_00087.lean:10:8: The declaration 'e24KC2PhiAboveLeaf1101101__c1__c0__c1__c0' contains '__', which does not follow the mathlib naming conventions. Consider using single underscores instead.

Note: This linter can be disabled with `set_option linter.style.nameCheck false`
ÔÜá [4010/4166] Replayed GerverSofa.KernelOnly.PartE.E24KC5Direct_e24KC2PhiAboveLeaf1101101__c1__c0__c1__c1_5_00088
warning: GerverSofa/KernelOnly/PartE/E24KC5Direct_e24KC2PhiAboveLeaf1101101__c1__c0__c1__c1_5_00088.lean:10:8: The declaration 'e24KC2PhiAboveLeaf1101101__c1__c0__c1__c1' contains '__', which does not follow the mathlib naming conventions. Consider using single underscores instead.

Note: This linter can be disabled with `set_option linter.style.nameCheck false`
ÔÜá [4011/4166] Replayed GerverSofa.KernelOnly.PartE.E24KC5Direct_e24KC2PhiAboveLeaf1101101__c1__c0__c1__c2_5_00089
warning: GerverSofa/KernelOnly/PartE/E24KC5Direct_e24KC2PhiAboveLeaf1101101__c1__c0__c1__c2_5_00089.lean:10:8: The declaration 'e24KC2PhiAboveLeaf1101101__c1__c0__c1__c2' contains '__', which does not follow the mathlib naming conventions. Consider using single underscores instead.

Note: This linter can be disabled with `set_option linter.style.nameCheck false`
ÔÜá [4012/4166] Replayed GerverSofa.KernelOnly.PartE.E24KC5Direct_e24KC2PhiAboveLeaf1101101__c1__c0__c1__c3_5_00090
warning: GerverSofa/KernelOnly/PartE/E24KC5Direct_e24KC2PhiAboveLeaf1101101__c1__c0__c1__c3_5_00090.lean:10:8: The declaration 'e24KC2PhiAboveLeaf1101101__c1__c0__c1__c3' contains '__', which does not follow the mathlib naming conventions. Consider using single underscores instead.

Note: This linter can be disabled with `set_option linter.style.nameCheck false`
ÔÜá [4013/4166] Replayed GerverSofa.KernelOnly.PartE.E24KC5Join_e24KC2PhiAboveLeaf1101101__c1__c0__c1_6_00091
warning: GerverSofa/KernelOnly/PartE/E24KC5Join_e24KC2PhiAboveLeaf1101101__c1__c0__c1_6_00091.lean:11:8: The declaration 'e24KC2PhiAboveLeaf1101101__c1__c0__c1' contains '__', which does not follow the mathlib naming conventions. Consider using single underscores instead.

Note: This linter can be disabled with `set_option linter.style.nameCheck false`
ÔÜá [4014/4166] Replayed GerverSofa.KernelOnly.PartE.E24KC5Join_e24KC2PhiAboveLeaf1101101__c1__c0_7_00094
warning: GerverSofa/KernelOnly/PartE/E24KC5Join_e24KC2PhiAboveLeaf1101101__c1__c0_7_00094.lean:11:8: The declaration 'e24KC2PhiAboveLeaf1101101__c1__c0' contains '__', which does not follow the mathlib naming conventions. Consider using single underscores instead.

Note: This linter can be disabled with `set_option linter.style.nameCheck false`
ÔÜá [4015/4166] Replayed GerverSofa.KernelOnly.PartE.E24KC5Direct_e24KC2PhiAboveLeaf1101101__c1__c1__c1_6_00102
warning: GerverSofa/KernelOnly/PartE/E24KC5Direct_e24KC2PhiAboveLeaf1101101__c1__c1__c1_6_00102.lean:10:8: The declaration 'e24KC2PhiAboveLeaf1101101__c1__c1__c1' contains '__', which does not follow the mathlib naming conventions. Consider using single underscores instead.

Note: This linter can be disabled with `set_option linter.style.nameCheck false`
ÔÜá [4016/4166] Replayed GerverSofa.KernelOnly.PartE.E24KC5Direct_e24KC2PhiAboveLeaf1101101__c1__c1__c2_6_00103
warning: GerverSofa/KernelOnly/PartE/E24KC5Direct_e24KC2PhiAboveLeaf1101101__c1__c1__c2_6_00103.lean:10:8: The declaration 'e24KC2PhiAboveLeaf1101101__c1__c1__c2' contains '__', which does not follow the mathlib naming conventions. Consider using single underscores instead.

Note: This linter can be disabled with `set_option linter.style.nameCheck false`
ÔÜá [4017/4166] Replayed GerverSofa.KernelOnly.PartE.E24KC5Direct_e24KC2PhiAboveLeaf1101101__c1__c1__c3_6_00104
warning: GerverSofa/KernelOnly/PartE/E24KC5Direct_e24KC2PhiAboveLeaf1101101__c1__c1__c3_6_00104.lean:10:8: The declaration 'e24KC2PhiAboveLeaf1101101__c1__c1__c3' contains '__', which does not follow the mathlib naming conventions. Consider using single underscores instead.

Note: This linter can be disabled with `set_option linter.style.nameCheck false`
ÔÜá [4018/4166] Replayed GerverSofa.KernelOnly.PartE.E24KC5Direct_e24KC2PhiAboveLeaf1101101__c1__c1__c0__c0_5_00097
warning: GerverSofa/KernelOnly/PartE/E24KC5Direct_e24KC2PhiAboveLeaf1101101__c1__c1__c0__c0_5_00097.lean:10:8: The declaration 'e24KC2PhiAboveLeaf1101101__c1__c1__c0__c0' contains '__', which does not follow the mathlib naming conventions. Consider using single underscores instead.

Note: This linter can be disabled with `set_option linter.style.nameCheck false`
ÔÜá [4019/4166] Replayed GerverSofa.KernelOnly.PartE.E24KC5Direct_e24KC2PhiAboveLeaf1101101__c1__c1__c0__c1_5_00098
warning: GerverSofa/KernelOnly/PartE/E24KC5Direct_e24KC2PhiAboveLeaf1101101__c1__c1__c0__c1_5_00098.lean:10:8: The declaration 'e24KC2PhiAboveLeaf1101101__c1__c1__c0__c1' contains '__', which does not follow the mathlib naming conventions. Consider using single underscores instead.

Note: This linter can be disabled with `set_option linter.style.nameCheck false`
ÔÜá [4020/4166] Replayed GerverSofa.KernelOnly.PartE.E24KC5Direct_e24KC2PhiAboveLeaf1101101__c1__c1__c0__c2_5_00099
warning: GerverSofa/KernelOnly/PartE/E24KC5Direct_e24KC2PhiAboveLeaf1101101__c1__c1__c0__c2_5_00099.lean:10:8: The declaration 'e24KC2PhiAboveLeaf1101101__c1__c1__c0__c2' contains '__', which does not follow the mathlib naming conventions. Consider using single underscores instead.

Note: This linter can be disabled with `set_option linter.style.nameCheck false`
ÔÜá [4021/4166] Replayed GerverSofa.KernelOnly.PartE.E24KC5Direct_e24KC2PhiAboveLeaf1101101__c1__c1__c0__c3_5_00100
warning: GerverSofa/KernelOnly/PartE/E24KC5Direct_e24KC2PhiAboveLeaf1101101__c1__c1__c0__c3_5_00100.lean:10:8: The declaration 'e24KC2PhiAboveLeaf1101101__c1__c1__c0__c3' contains '__', which does not follow the mathlib naming conventions. Consider using single underscores instead.

Note: This linter can be disabled with `set_option linter.style.nameCheck false`
ÔÜá [4022/4166] Replayed GerverSofa.KernelOnly.PartE.E24KC5Join_e24KC2PhiAboveLeaf1101101__c1__c1__c0_6_00101
warning: GerverSofa/KernelOnly/PartE/E24KC5Join_e24KC2PhiAboveLeaf1101101__c1__c1__c0_6_00101.lean:11:8: The declaration 'e24KC2PhiAboveLeaf1101101__c1__c1__c0' contains '__', which does not follow the mathlib naming conventions. Consider using single underscores instead.

Note: This linter can be disabled with `set_option linter.style.nameCheck false`
ÔÜá [4023/4166] Replayed GerverSofa.KernelOnly.PartE.E24KC5Join_e24KC2PhiAboveLeaf1101101__c1__c1_7_00105
warning: GerverSofa/KernelOnly/PartE/E24KC5Join_e24KC2PhiAboveLeaf1101101__c1__c1_7_00105.lean:11:8: The declaration 'e24KC2PhiAboveLeaf1101101__c1__c1' contains '__', which does not follow the mathlib naming conventions. Consider using single underscores instead.

Note: This linter can be disabled with `set_option linter.style.nameCheck false`
ÔÜá [4024/4166] Replayed GerverSofa.KernelOnly.PartE.E24KC5Join_e24KC2PhiAboveLeaf1101101__c1_8_00108
warning: GerverSofa/KernelOnly/PartE/E24KC5Join_e24KC2PhiAboveLeaf1101101__c1_8_00108.lean:11:8: The declaration 'e24KC2PhiAboveLeaf1101101__c1' contains '__', which does not follow the mathlib naming conventions. Consider using single underscores instead.

Note: This linter can be disabled with `set_option linter.style.nameCheck false`
ÔÜá [4026/4166] Replayed GerverSofa.KernelOnly.PartE.E24KC5Direct_e24KC2PhiAboveLeaf1101110__c2_8_00143
warning: GerverSofa/KernelOnly/PartE/E24KC5Direct_e24KC2PhiAboveLeaf1101110__c2_8_00143.lean:10:8: The declaration 'e24KC2PhiAboveLeaf1101110__c2' contains '__', which does not follow the mathlib naming conventions. Consider using single underscores instead.

Note: This linter can be disabled with `set_option linter.style.nameCheck false`
ÔÜá [4027/4166] Replayed GerverSofa.KernelOnly.PartE.E24KC5Direct_e24KC2PhiAboveLeaf1101110__c3_8_00144
warning: GerverSofa/KernelOnly/PartE/E24KC5Direct_e24KC2PhiAboveLeaf1101110__c3_8_00144.lean:10:8: The declaration 'e24KC2PhiAboveLeaf1101110__c3' contains '__', which does not follow the mathlib naming conventions. Consider using single underscores instead.

Note: This linter can be disabled with `set_option linter.style.nameCheck false`
ÔÜá [4028/4166] Replayed GerverSofa.KernelOnly.PartE.E24KC5Direct_e24KC2PhiAboveLeaf1101110__c0__c2_7_00134
warning: GerverSofa/KernelOnly/PartE/E24KC5Direct_e24KC2PhiAboveLeaf1101110__c0__c2_7_00134.lean:10:8: The declaration 'e24KC2PhiAboveLeaf1101110__c0__c2' contains '__', which does not follow the mathlib naming conventions. Consider using single underscores instead.

Note: This linter can be disabled with `set_option linter.style.nameCheck false`
ÔÜá [4029/4166] Replayed GerverSofa.KernelOnly.PartE.E24KC5Direct_e24KC2PhiAboveLeaf1101110__c0__c3_7_00135
warning: GerverSofa/KernelOnly/PartE/E24KC5Direct_e24KC2PhiAboveLeaf1101110__c0__c3_7_00135.lean:10:8: The declaration 'e24KC2PhiAboveLeaf1101110__c0__c3' contains '__', which does not follow the mathlib naming conventions. Consider using single underscores instead.

Note: This linter can be disabled with `set_option linter.style.nameCheck false`
ÔÜá [4030/4166] Replayed GerverSofa.KernelOnly.PartE.E24KC5Direct_e24KC2PhiAboveLeaf1101110__c0__c0__c0_6_00118
warning: GerverSofa/KernelOnly/PartE/E24KC5Direct_e24KC2PhiAboveLeaf1101110__c0__c0__c0_6_00118.lean:10:8: The declaration 'e24KC2PhiAboveLeaf1101110__c0__c0__c0' contains '__', which does not follow the mathlib naming conventions. Consider using single underscores instead.

Note: This linter can be disabled with `set_option linter.style.nameCheck false`
ÔÜá [4031/4166] Replayed GerverSofa.KernelOnly.PartE.E24KC5Direct_e24KC2PhiAboveLeaf1101110__c0__c0__c1_6_00119
warning: GerverSofa/KernelOnly/PartE/E24KC5Direct_e24KC2PhiAboveLeaf1101110__c0__c0__c1_6_00119.lean:10:8: The declaration 'e24KC2PhiAboveLeaf1101110__c0__c0__c1' contains '__', which does not follow the mathlib naming conventions. Consider using single underscores instead.

Note: This linter can be disabled with `set_option linter.style.nameCheck false`
ÔÜá [4032/4166] Replayed GerverSofa.KernelOnly.PartE.E24KC5Direct_e24KC2PhiAboveLeaf1101110__c0__c0__c2_6_00120
warning: GerverSofa/KernelOnly/PartE/E24KC5Direct_e24KC2PhiAboveLeaf1101110__c0__c0__c2_6_00120.lean:10:8: The declaration 'e24KC2PhiAboveLeaf1101110__c0__c0__c2' contains '__', which does not follow the mathlib naming conventions. Consider using single underscores instead.

Note: This linter can be disabled with `set_option linter.style.nameCheck false`
ÔÜá [4033/4166] Replayed GerverSofa.KernelOnly.PartE.E24KC5Direct_e24KC2PhiAboveLeaf1101110__c0__c0__c3_6_00121
warning: GerverSofa/KernelOnly/PartE/E24KC5Direct_e24KC2PhiAboveLeaf1101110__c0__c0__c3_6_00121.lean:10:8: The declaration 'e24KC2PhiAboveLeaf1101110__c0__c0__c3' contains '__', which does not follow the mathlib naming conventions. Consider using single underscores instead.

Note: This linter can be disabled with `set_option linter.style.nameCheck false`
ÔÜá [4034/4166] Replayed GerverSofa.KernelOnly.PartE.E24KC5Join_e24KC2PhiAboveLeaf1101110__c0__c0_7_00122
warning: GerverSofa/KernelOnly/PartE/E24KC5Join_e24KC2PhiAboveLeaf1101110__c0__c0_7_00122.lean:11:8: The declaration 'e24KC2PhiAboveLeaf1101110__c0__c0' contains '__', which does not follow the mathlib naming conventions. Consider using single underscores instead.

Note: This linter can be disabled with `set_option linter.style.nameCheck false`
ÔÜá [4035/4166] Replayed GerverSofa.KernelOnly.PartE.E24KC5Direct_e24KC2PhiAboveLeaf1101110__c0__c1__c1_6_00130
warning: GerverSofa/KernelOnly/PartE/E24KC5Direct_e24KC2PhiAboveLeaf1101110__c0__c1__c1_6_00130.lean:10:8: The declaration 'e24KC2PhiAboveLeaf1101110__c0__c1__c1' contains '__', which does not follow the mathlib naming conventions. Consider using single underscores instead.

Note: This linter can be disabled with `set_option linter.style.nameCheck false`
ÔÜá [4036/4166] Replayed GerverSofa.KernelOnly.PartE.E24KC5Direct_e24KC2PhiAboveLeaf1101110__c0__c1__c2_6_00131
warning: GerverSofa/KernelOnly/PartE/E24KC5Direct_e24KC2PhiAboveLeaf1101110__c0__c1__c2_6_00131.lean:10:8: The declaration 'e24KC2PhiAboveLeaf1101110__c0__c1__c2' contains '__', which does not follow the mathlib naming conventions. Consider using single underscores instead.

Note: This linter can be disabled with `set_option linter.style.nameCheck false`
ÔÜá [4037/4166] Replayed GerverSofa.KernelOnly.PartE.E24KC5Direct_e24KC2PhiAboveLeaf1101110__c0__c1__c3_6_00132
warning: GerverSofa/KernelOnly/PartE/E24KC5Direct_e24KC2PhiAboveLeaf1101110__c0__c1__c3_6_00132.lean:10:8: The declaration 'e24KC2PhiAboveLeaf1101110__c0__c1__c3' contains '__', which does not follow the mathlib naming conventions. Consider using single underscores instead.

Note: This linter can be disabled with `set_option linter.style.nameCheck false`
ÔÜá [4038/4166] Replayed GerverSofa.KernelOnly.PartE.E24KC5Direct_e24KC2PhiAboveLeaf1101110__c0__c1__c0__c0_5_00125
warning: GerverSofa/KernelOnly/PartE/E24KC5Direct_e24KC2PhiAboveLeaf1101110__c0__c1__c0__c0_5_00125.lean:10:8: The declaration 'e24KC2PhiAboveLeaf1101110__c0__c1__c0__c0' contains '__', which does not follow the mathlib naming conventions. Consider using single underscores instead.

Note: This linter can be disabled with `set_option linter.style.nameCheck false`
ÔÜá [4039/4166] Replayed GerverSofa.KernelOnly.PartE.E24KC5Direct_e24KC2PhiAboveLeaf1101110__c0__c1__c0__c1_5_00126
warning: GerverSofa/KernelOnly/PartE/E24KC5Direct_e24KC2PhiAboveLeaf1101110__c0__c1__c0__c1_5_00126.lean:10:8: The declaration 'e24KC2PhiAboveLeaf1101110__c0__c1__c0__c1' contains '__', which does not follow the mathlib naming conventions. Consider using single underscores instead.

Note: This linter can be disabled with `set_option linter.style.nameCheck false`
ÔÜá [4040/4166] Replayed GerverSofa.KernelOnly.PartE.E24KC5Direct_e24KC2PhiAboveLeaf1101110__c0__c1__c0__c2_5_00127
warning: GerverSofa/KernelOnly/PartE/E24KC5Direct_e24KC2PhiAboveLeaf1101110__c0__c1__c0__c2_5_00127.lean:10:8: The declaration 'e24KC2PhiAboveLeaf1101110__c0__c1__c0__c2' contains '__', which does not follow the mathlib naming conventions. Consider using single underscores instead.

Note: This linter can be disabled with `set_option linter.style.nameCheck false`
ÔÜá [4041/4166] Replayed GerverSofa.KernelOnly.PartE.E24KC5Direct_e24KC2PhiAboveLeaf1101110__c0__c1__c0__c3_5_00128
warning: GerverSofa/KernelOnly/PartE/E24KC5Direct_e24KC2PhiAboveLeaf1101110__c0__c1__c0__c3_5_00128.lean:10:8: The declaration 'e24KC2PhiAboveLeaf1101110__c0__c1__c0__c3' contains '__', which does not follow the mathlib naming conventions. Consider using single underscores instead.

Note: This linter can be disabled with `set_option linter.style.nameCheck false`
ÔÜá [4042/4166] Replayed GerverSofa.KernelOnly.PartE.E24KC5Join_e24KC2PhiAboveLeaf1101110__c0__c1__c0_6_00129
warning: GerverSofa/KernelOnly/PartE/E24KC5Join_e24KC2PhiAboveLeaf1101110__c0__c1__c0_6_00129.lean:11:8: The declaration 'e24KC2PhiAboveLeaf1101110__c0__c1__c0' contains '__', which does not follow the mathlib naming conventions. Consider using single underscores instead.

Note: This linter can be disabled with `set_option linter.style.nameCheck false`
ÔÜá [4043/4166] Replayed GerverSofa.KernelOnly.PartE.E24KC5Join_e24KC2PhiAboveLeaf1101110__c0__c1_7_00133
warning: GerverSofa/KernelOnly/PartE/E24KC5Join_e24KC2PhiAboveLeaf1101110__c0__c1_7_00133.lean:11:8: The declaration 'e24KC2PhiAboveLeaf1101110__c0__c1' contains '__', which does not follow the mathlib naming conventions. Consider using single underscores instead.

Note: This linter can be disabled with `set_option linter.style.nameCheck false`
ÔÜá [4044/4166] Replayed GerverSofa.KernelOnly.PartE.E24KC5Join_e24KC2PhiAboveLeaf1101110__c0_8_00136
warning: GerverSofa/KernelOnly/PartE/E24KC5Join_e24KC2PhiAboveLeaf1101110__c0_8_00136.lean:11:8: The declaration 'e24KC2PhiAboveLeaf1101110__c0' contains '__', which does not follow the mathlib naming conventions. Consider using single underscores instead.

Note: This linter can be disabled with `set_option linter.style.nameCheck false`
ÔÜá [4045/4166] Replayed GerverSofa.KernelOnly.PartE.E24KC5Direct_e24KC2PhiAboveLeaf1101110__c1__c0_7_00138
warning: GerverSofa/KernelOnly/PartE/E24KC5Direct_e24KC2PhiAboveLeaf1101110__c1__c0_7_00138.lean:10:8: The declaration 'e24KC2PhiAboveLeaf1101110__c1__c0' contains '__', which does not follow the mathlib naming conventions. Consider using single underscores instead.

Note: This linter can be disabled with `set_option linter.style.nameCheck false`
ÔÜá [4046/4166] Replayed GerverSofa.KernelOnly.PartE.E24KC5Direct_e24KC2PhiAboveLeaf1101110__c1__c1_7_00139
warning: GerverSofa/KernelOnly/PartE/E24KC5Direct_e24KC2PhiAboveLeaf1101110__c1__c1_7_00139.lean:10:8: The declaration 'e24KC2PhiAboveLeaf1101110__c1__c1' contains '__', which does not follow the mathlib naming conventions. Consider using single underscores instead.

Note: This linter can be disabled with `set_option linter.style.nameCheck false`
ÔÜá [4047/4166] Replayed GerverSofa.KernelOnly.PartE.E24KC5Direct_e24KC2PhiAboveLeaf1101110__c1__c2_7_00140
warning: GerverSofa/KernelOnly/PartE/E24KC5Direct_e24KC2PhiAboveLeaf1101110__c1__c2_7_00140.lean:10:8: The declaration 'e24KC2PhiAboveLeaf1101110__c1__c2' contains '__', which does not follow the mathlib naming conventions. Consider using single underscores instead.

Note: This linter can be disabled with `set_option linter.style.nameCheck false`
ÔÜá [4048/4166] Replayed GerverSofa.KernelOnly.PartE.E24KC5Direct_e24KC2PhiAboveLeaf1101110__c1__c3_7_00141
warning: GerverSofa/KernelOnly/PartE/E24KC5Direct_e24KC2PhiAboveLeaf1101110__c1__c3_7_00141.lean:10:8: The declaration 'e24KC2PhiAboveLeaf1101110__c1__c3' contains '__', which does not follow the mathlib naming conventions. Consider using single underscores instead.

Note: This linter can be disabled with `set_option linter.style.nameCheck false`
ÔÜá [4049/4166] Replayed GerverSofa.KernelOnly.PartE.E24KC5Join_e24KC2PhiAboveLeaf1101110__c1_8_00142
warning: GerverSofa/KernelOnly/PartE/E24KC5Join_e24KC2PhiAboveLeaf1101110__c1_8_00142.lean:11:8: The declaration 'e24KC2PhiAboveLeaf1101110__c1' contains '__', which does not follow the mathlib naming conventions. Consider using single underscores instead.

Note: This linter can be disabled with `set_option linter.style.nameCheck false`
ÔÜá [4051/4166] Replayed GerverSofa.KernelOnly.PartE.E24KC5Direct_e24KC2PhiAboveLeaf1101111__c2_8_00166
warning: GerverSofa/KernelOnly/PartE/E24KC5Direct_e24KC2PhiAboveLeaf1101111__c2_8_00166.lean:10:8: The declaration 'e24KC2PhiAboveLeaf1101111__c2' contains '__', which does not follow the mathlib naming conventions. Consider using single underscores instead.

Note: This linter can be disabled with `set_option linter.style.nameCheck false`
ÔÜá [4052/4166] Replayed GerverSofa.KernelOnly.PartE.E24KC5Direct_e24KC2PhiAboveLeaf1101111__c3_8_00167
warning: GerverSofa/KernelOnly/PartE/E24KC5Direct_e24KC2PhiAboveLeaf1101111__c3_8_00167.lean:10:8: The declaration 'e24KC2PhiAboveLeaf1101111__c3' contains '__', which does not follow the mathlib naming conventions. Consider using single underscores instead.

Note: This linter can be disabled with `set_option linter.style.nameCheck false`
ÔÜá [4053/4166] Replayed GerverSofa.KernelOnly.PartE.E24KC5Direct_e24KC2PhiAboveLeaf1101111__c0__c0_7_00150
warning: GerverSofa/KernelOnly/PartE/E24KC5Direct_e24KC2PhiAboveLeaf1101111__c0__c0_7_00150.lean:10:8: The declaration 'e24KC2PhiAboveLeaf1101111__c0__c0' contains '__', which does not follow the mathlib naming conventions. Consider using single underscores instead.

Note: This linter can be disabled with `set_option linter.style.nameCheck false`
ÔÜá [4054/4166] Replayed GerverSofa.KernelOnly.PartE.E24KC5Direct_e24KC2PhiAboveLeaf1101111__c0__c2_7_00157
warning: GerverSofa/KernelOnly/PartE/E24KC5Direct_e24KC2PhiAboveLeaf1101111__c0__c2_7_00157.lean:10:8: The declaration 'e24KC2PhiAboveLeaf1101111__c0__c2' contains '__', which does not follow the mathlib naming conventions. Consider using single underscores instead.

Note: This linter can be disabled with `set_option linter.style.nameCheck false`
ÔÜá [4055/4166] Replayed GerverSofa.KernelOnly.PartE.E24KC5Direct_e24KC2PhiAboveLeaf1101111__c0__c3_7_00158
warning: GerverSofa/KernelOnly/PartE/E24KC5Direct_e24KC2PhiAboveLeaf1101111__c0__c3_7_00158.lean:10:8: The declaration 'e24KC2PhiAboveLeaf1101111__c0__c3' contains '__', which does not follow the mathlib naming conventions. Consider using single underscores instead.

Note: This linter can be disabled with `set_option linter.style.nameCheck false`
ÔÜá [4056/4166] Replayed GerverSofa.KernelOnly.PartE.E24KC5Direct_e24KC2PhiAboveLeaf1101111__c0__c1__c0_6_00152
warning: GerverSofa/KernelOnly/PartE/E24KC5Direct_e24KC2PhiAboveLeaf1101111__c0__c1__c0_6_00152.lean:10:8: The declaration 'e24KC2PhiAboveLeaf1101111__c0__c1__c0' contains '__', which does not follow the mathlib naming conventions. Consider using single underscores instead.

Note: This linter can be disabled with `set_option linter.style.nameCheck false`
ÔÜá [4057/4166] Replayed GerverSofa.KernelOnly.PartE.E24KC5Direct_e24KC2PhiAboveLeaf1101111__c0__c1__c1_6_00153
warning: GerverSofa/KernelOnly/PartE/E24KC5Direct_e24KC2PhiAboveLeaf1101111__c0__c1__c1_6_00153.lean:10:8: The declaration 'e24KC2PhiAboveLeaf1101111__c0__c1__c1' contains '__', which does not follow the mathlib naming conventions. Consider using single underscores instead.

Note: This linter can be disabled with `set_option linter.style.nameCheck false`
ÔÜá [4058/4166] Replayed GerverSofa.KernelOnly.PartE.E24KC5Direct_e24KC2PhiAboveLeaf1101111__c0__c1__c2_6_00154
warning: GerverSofa/KernelOnly/PartE/E24KC5Direct_e24KC2PhiAboveLeaf1101111__c0__c1__c2_6_00154.lean:10:8: The declaration 'e24KC2PhiAboveLeaf1101111__c0__c1__c2' contains '__', which does not follow the mathlib naming conventions. Consider using single underscores instead.

Note: This linter can be disabled with `set_option linter.style.nameCheck false`
ÔÜá [4059/4166] Replayed GerverSofa.KernelOnly.PartE.E24KC5Direct_e24KC2PhiAboveLeaf1101111__c0__c1__c3_6_00155
warning: GerverSofa/KernelOnly/PartE/E24KC5Direct_e24KC2PhiAboveLeaf1101111__c0__c1__c3_6_00155.lean:10:8: The declaration 'e24KC2PhiAboveLeaf1101111__c0__c1__c3' contains '__', which does not follow the mathlib naming conventions. Consider using single underscores instead.

Note: This linter can be disabled with `set_option linter.style.nameCheck false`
ÔÜá [4060/4166] Replayed GerverSofa.KernelOnly.PartE.E24KC5Join_e24KC2PhiAboveLeaf1101111__c0__c1_7_00156
warning: GerverSofa/KernelOnly/PartE/E24KC5Join_e24KC2PhiAboveLeaf1101111__c0__c1_7_00156.lean:11:8: The declaration 'e24KC2PhiAboveLeaf1101111__c0__c1' contains '__', which does not follow the mathlib naming conventions. Consider using single underscores instead.

Note: This linter can be disabled with `set_option linter.style.nameCheck false`
ÔÜá [4061/4166] Replayed GerverSofa.KernelOnly.PartE.E24KC5Join_e24KC2PhiAboveLeaf1101111__c0_8_00159
warning: GerverSofa/KernelOnly/PartE/E24KC5Join_e24KC2PhiAboveLeaf1101111__c0_8_00159.lean:11:8: The declaration 'e24KC2PhiAboveLeaf1101111__c0' contains '__', which does not follow the mathlib naming conventions. Consider using single underscores instead.

Note: This linter can be disabled with `set_option linter.style.nameCheck false`
ÔÜá [4062/4166] Replayed GerverSofa.KernelOnly.PartE.E24KC5Direct_e24KC2PhiAboveLeaf1101111__c1__c0_7_00161
warning: GerverSofa/KernelOnly/PartE/E24KC5Direct_e24KC2PhiAboveLeaf1101111__c1__c0_7_00161.lean:10:8: The declaration 'e24KC2PhiAboveLeaf1101111__c1__c0' contains '__', which does not follow the mathlib naming conventions. Consider using single underscores instead.

Note: This linter can be disabled with `set_option linter.style.nameCheck false`
ÔÜá [4063/4166] Replayed GerverSofa.KernelOnly.PartE.E24KC5Direct_e24KC2PhiAboveLeaf1101111__c1__c1_7_00162
warning: GerverSofa/KernelOnly/PartE/E24KC5Direct_e24KC2PhiAboveLeaf1101111__c1__c1_7_00162.lean:10:8: The declaration 'e24KC2PhiAboveLeaf1101111__c1__c1' contains '__', which does not follow the mathlib naming conventions. Consider using single underscores instead.

Note: This linter can be disabled with `set_option linter.style.nameCheck false`
ÔÜá [4064/4166] Replayed GerverSofa.KernelOnly.PartE.E24KC5Direct_e24KC2PhiAboveLeaf1101111__c1__c2_7_00163
warning: GerverSofa/KernelOnly/PartE/E24KC5Direct_e24KC2PhiAboveLeaf1101111__c1__c2_7_00163.lean:10:8: The declaration 'e24KC2PhiAboveLeaf1101111__c1__c2' contains '__', which does not follow the mathlib naming conventions. Consider using single underscores instead.

Note: This linter can be disabled with `set_option linter.style.nameCheck false`
ÔÜá [4065/4166] Replayed GerverSofa.KernelOnly.PartE.E24KC5Direct_e24KC2PhiAboveLeaf1101111__c1__c3_7_00164
warning: GerverSofa/KernelOnly/PartE/E24KC5Direct_e24KC2PhiAboveLeaf1101111__c1__c3_7_00164.lean:10:8: The declaration 'e24KC2PhiAboveLeaf1101111__c1__c3' contains '__', which does not follow the mathlib naming conventions. Consider using single underscores instead.

Note: This linter can be disabled with `set_option linter.style.nameCheck false`
ÔÜá [4066/4166] Replayed GerverSofa.KernelOnly.PartE.E24KC5Join_e24KC2PhiAboveLeaf1101111__c1_8_00165
warning: GerverSofa/KernelOnly/PartE/E24KC5Join_e24KC2PhiAboveLeaf1101111__c1_8_00165.lean:11:8: The declaration 'e24KC2PhiAboveLeaf1101111__c1' contains '__', which does not follow the mathlib naming conventions. Consider using single underscores instead.

Note: This linter can be disabled with `set_option linter.style.nameCheck false`
ÔÜá [4068/4166] Replayed GerverSofa.KernelOnly.PartE.E24KC5Direct_e24KC2PhiAboveLeaf1110000__c1_8_00179
warning: GerverSofa/KernelOnly/PartE/E24KC5Direct_e24KC2PhiAboveLeaf1110000__c1_8_00179.lean:10:8: The declaration 'e24KC2PhiAboveLeaf1110000__c1' contains '__', which does not follow the mathlib naming conventions. Consider using single underscores instead.

Note: This linter can be disabled with `set_option linter.style.nameCheck false`
ÔÜá [4069/4166] Replayed GerverSofa.KernelOnly.PartE.E24KC5Direct_e24KC2PhiAboveLeaf1110000__c2_8_00180
warning: GerverSofa/KernelOnly/PartE/E24KC5Direct_e24KC2PhiAboveLeaf1110000__c2_8_00180.lean:10:8: The declaration 'e24KC2PhiAboveLeaf1110000__c2' contains '__', which does not follow the mathlib naming conventions. Consider using single underscores instead.

Note: This linter can be disabled with `set_option linter.style.nameCheck false`
ÔÜá [4070/4166] Replayed GerverSofa.KernelOnly.PartE.E24KC5Direct_e24KC2PhiAboveLeaf1110000__c3_8_00181
warning: GerverSofa/KernelOnly/PartE/E24KC5Direct_e24KC2PhiAboveLeaf1110000__c3_8_00181.lean:10:8: The declaration 'e24KC2PhiAboveLeaf1110000__c3' contains '__', which does not follow the mathlib naming conventions. Consider using single underscores instead.

Note: This linter can be disabled with `set_option linter.style.nameCheck false`
ÔÜá [4071/4166] Replayed GerverSofa.KernelOnly.PartE.E24KC5Direct_e24KC2PhiAboveLeaf1110000__c0__c0_7_00174
warning: GerverSofa/KernelOnly/PartE/E24KC5Direct_e24KC2PhiAboveLeaf1110000__c0__c0_7_00174.lean:10:8: The declaration 'e24KC2PhiAboveLeaf1110000__c0__c0' contains '__', which does not follow the mathlib naming conventions. Consider using single underscores instead.

Note: This linter can be disabled with `set_option linter.style.nameCheck false`
ÔÜá [4072/4166] Replayed GerverSofa.KernelOnly.PartE.E24KC5Direct_e24KC2PhiAboveLeaf1110000__c0__c1_7_00175
warning: GerverSofa/KernelOnly/PartE/E24KC5Direct_e24KC2PhiAboveLeaf1110000__c0__c1_7_00175.lean:10:8: The declaration 'e24KC2PhiAboveLeaf1110000__c0__c1' contains '__', which does not follow the mathlib naming conventions. Consider using single underscores instead.

Note: This linter can be disabled with `set_option linter.style.nameCheck false`
ÔÜá [4073/4166] Replayed GerverSofa.KernelOnly.PartE.E24KC5Direct_e24KC2PhiAboveLeaf1110000__c0__c2_7_00176
warning: GerverSofa/KernelOnly/PartE/E24KC5Direct_e24KC2PhiAboveLeaf1110000__c0__c2_7_00176.lean:10:8: The declaration 'e24KC2PhiAboveLeaf1110000__c0__c2' contains '__', which does not follow the mathlib naming conventions. Consider using single underscores instead.

Note: This linter can be disabled with `set_option linter.style.nameCheck false`
ÔÜá [4074/4166] Replayed GerverSofa.KernelOnly.PartE.E24KC5Direct_e24KC2PhiAboveLeaf1110000__c0__c3_7_00177
warning: GerverSofa/KernelOnly/PartE/E24KC5Direct_e24KC2PhiAboveLeaf1110000__c0__c3_7_00177.lean:10:8: The declaration 'e24KC2PhiAboveLeaf1110000__c0__c3' contains '__', which does not follow the mathlib naming conventions. Consider using single underscores instead.

Note: This linter can be disabled with `set_option linter.style.nameCheck false`
ÔÜá [4075/4166] Replayed GerverSofa.KernelOnly.PartE.E24KC5Join_e24KC2PhiAboveLeaf1110000__c0_8_00178
warning: GerverSofa/KernelOnly/PartE/E24KC5Join_e24KC2PhiAboveLeaf1110000__c0_8_00178.lean:11:8: The declaration 'e24KC2PhiAboveLeaf1110000__c0' contains '__', which does not follow the mathlib naming conventions. Consider using single underscores instead.

Note: This linter can be disabled with `set_option linter.style.nameCheck false`
ÔÜá [4077/4166] Replayed GerverSofa.KernelOnly.PartE.E24KC5Direct_e24KC2PhiAboveLeaf1110001__c0_8_00187
warning: GerverSofa/KernelOnly/PartE/E24KC5Direct_e24KC2PhiAboveLeaf1110001__c0_8_00187.lean:10:8: The declaration 'e24KC2PhiAboveLeaf1110001__c0' contains '__', which does not follow the mathlib naming conventions. Consider using single underscores instead.

Note: This linter can be disabled with `set_option linter.style.nameCheck false`
ÔÜá [4078/4166] Replayed GerverSofa.KernelOnly.PartE.E24KC5Direct_e24KC2PhiAboveLeaf1110001__c1_8_00188
warning: GerverSofa/KernelOnly/PartE/E24KC5Direct_e24KC2PhiAboveLeaf1110001__c1_8_00188.lean:10:8: The declaration 'e24KC2PhiAboveLeaf1110001__c1' contains '__', which does not follow the mathlib naming conventions. Consider using single underscores instead.

Note: This linter can be disabled with `set_option linter.style.nameCheck false`
ÔÜá [4079/4166] Replayed GerverSofa.KernelOnly.PartE.E24KC5Direct_e24KC2PhiAboveLeaf1110001__c2_8_00189
warning: GerverSofa/KernelOnly/PartE/E24KC5Direct_e24KC2PhiAboveLeaf1110001__c2_8_00189.lean:10:8: The declaration 'e24KC2PhiAboveLeaf1110001__c2' contains '__', which does not follow the mathlib naming conventions. Consider using single underscores instead.

Note: This linter can be disabled with `set_option linter.style.nameCheck false`
ÔÜá [4080/4166] Replayed GerverSofa.KernelOnly.PartE.E24KC5Direct_e24KC2PhiAboveLeaf1110001__c3_8_00190
warning: GerverSofa/KernelOnly/PartE/E24KC5Direct_e24KC2PhiAboveLeaf1110001__c3_8_00190.lean:10:8: The declaration 'e24KC2PhiAboveLeaf1110001__c3' contains '__', which does not follow the mathlib naming conventions. Consider using single underscores instead.

Note: This linter can be disabled with `set_option linter.style.nameCheck false`
ÔÜá [4082/4166] Replayed GerverSofa.KernelOnly.PartE.E24KC5Direct_e24KC2PhiAboveLeaf1110010__c0_8_00196
warning: GerverSofa/KernelOnly/PartE/E24KC5Direct_e24KC2PhiAboveLeaf1110010__c0_8_00196.lean:10:8: The declaration 'e24KC2PhiAboveLeaf1110010__c0' contains '__', which does not follow the mathlib naming conventions. Consider using single underscores instead.

Note: This linter can be disabled with `set_option linter.style.nameCheck false`
ÔÜá [4083/4166] Replayed GerverSofa.KernelOnly.PartE.E24KC5Direct_e24KC2PhiAboveLeaf1110010__c1_8_00197
warning: GerverSofa/KernelOnly/PartE/E24KC5Direct_e24KC2PhiAboveLeaf1110010__c1_8_00197.lean:10:8: The declaration 'e24KC2PhiAboveLeaf1110010__c1' contains '__', which does not follow the mathlib naming conventions. Consider using single underscores instead.

Note: This linter can be disabled with `set_option linter.style.nameCheck false`
ÔÜá [4084/4166] Replayed GerverSofa.KernelOnly.PartE.E24KC5Direct_e24KC2PhiAboveLeaf1110010__c2_8_00198
warning: GerverSofa/KernelOnly/PartE/E24KC5Direct_e24KC2PhiAboveLeaf1110010__c2_8_00198.lean:10:8: The declaration 'e24KC2PhiAboveLeaf1110010__c2' contains '__', which does not follow the mathlib naming conventions. Consider using single underscores instead.

Note: This linter can be disabled with `set_option linter.style.nameCheck false`
ÔÜá [4085/4166] Replayed GerverSofa.KernelOnly.PartE.E24KC5Direct_e24KC2PhiAboveLeaf1110010__c3_8_00199
warning: GerverSofa/KernelOnly/PartE/E24KC5Direct_e24KC2PhiAboveLeaf1110010__c3_8_00199.lean:10:8: The declaration 'e24KC2PhiAboveLeaf1110010__c3' contains '__', which does not follow the mathlib naming conventions. Consider using single underscores instead.

Note: This linter can be disabled with `set_option linter.style.nameCheck false`
ÔÜá [4087/4166] Replayed GerverSofa.KernelOnly.PartE.E24KC5Direct_e24KC2PhiAboveLeaf1110011__c0_8_00204
warning: GerverSofa/KernelOnly/PartE/E24KC5Direct_e24KC2PhiAboveLeaf1110011__c0_8_00204.lean:10:8: The declaration 'e24KC2PhiAboveLeaf1110011__c0' contains '__', which does not follow the mathlib naming conventions. Consider using single underscores instead.

Note: This linter can be disabled with `set_option linter.style.nameCheck false`
ÔÜá [4088/4166] Replayed GerverSofa.KernelOnly.PartE.E24KC5Direct_e24KC2PhiAboveLeaf1110011__c1_8_00205
warning: GerverSofa/KernelOnly/PartE/E24KC5Direct_e24KC2PhiAboveLeaf1110011__c1_8_00205.lean:10:8: The declaration 'e24KC2PhiAboveLeaf1110011__c1' contains '__', which does not follow the mathlib naming conventions. Consider using single underscores instead.

Note: This linter can be disabled with `set_option linter.style.nameCheck false`
ÔÜá [4089/4166] Replayed GerverSofa.KernelOnly.PartE.E24KC5Direct_e24KC2PhiAboveLeaf1110011__c2_8_00206
warning: GerverSofa/KernelOnly/PartE/E24KC5Direct_e24KC2PhiAboveLeaf1110011__c2_8_00206.lean:10:8: The declaration 'e24KC2PhiAboveLeaf1110011__c2' contains '__', which does not follow the mathlib naming conventions. Consider using single underscores instead.

Note: This linter can be disabled with `set_option linter.style.nameCheck false`
ÔÜá [4090/4166] Replayed GerverSofa.KernelOnly.PartE.E24KC5Direct_e24KC2PhiAboveLeaf1110011__c3_8_00207
warning: GerverSofa/KernelOnly/PartE/E24KC5Direct_e24KC2PhiAboveLeaf1110011__c3_8_00207.lean:10:8: The declaration 'e24KC2PhiAboveLeaf1110011__c3' contains '__', which does not follow the mathlib naming conventions. Consider using single underscores instead.

Note: This linter can be disabled with `set_option linter.style.nameCheck false`
ÔÜá [4100/4166] Replayed GerverSofa.KernelOnly.PartE.E24KC6R4Subtree_01d19858ee032aa8
warning: GerverSofa/KernelOnly/PartE/E24KC6R4Subtree_01d19858ee032aa8.lean:11:8: The declaration 'e24KC2ThetaBelowLeaf111133113__c0__c1__c0' contains '__', which does not follow the mathlib naming conventions. Consider using single underscores instead.

Note: This linter can be disabled with `set_option linter.style.nameCheck false`
ÔÜá [4101/4166] Replayed GerverSofa.KernelOnly.PartE.E24KC6R4Subtree_639075a28aed7212
warning: GerverSofa/KernelOnly/PartE/E24KC6R4Subtree_639075a28aed7212.lean:11:8: The declaration 'e24KC2ThetaBelowLeaf111133113__c0__c1__c3' contains '__', which does not follow the mathlib naming conventions. Consider using single underscores instead.

Note: This linter can be disabled with `set_option linter.style.nameCheck false`
ÔÜá [4102/4166] Replayed GerverSofa.KernelOnly.PartE.E24KC6R4Subtree_8dd4d0d86bb3ff9f
warning: GerverSofa/KernelOnly/PartE/E24KC6R4Subtree_8dd4d0d86bb3ff9f.lean:11:8: The declaration 'e24KC2ThetaBelowLeaf111133113__c0__c1__c1' contains '__', which does not follow the mathlib naming conventions. Consider using single underscores instead.

Note: This linter can be disabled with `set_option linter.style.nameCheck false`
ÔÜá [4103/4166] Replayed GerverSofa.KernelOnly.PartE.E24KC6R4Subtree_e07cf48cb1b589f9
warning: GerverSofa/KernelOnly/PartE/E24KC6R4Subtree_e07cf48cb1b589f9.lean:11:8: The declaration 'e24KC2ThetaBelowLeaf111133113__c0__c1__c2' contains '__', which does not follow the mathlib naming conventions. Consider using single underscores instead.

Note: This linter can be disabled with `set_option linter.style.nameCheck false`
ÔÜá [4104/4166] Replayed GerverSofa.KernelOnly.PartE.E24KC6R4Join_a1daf15b91aa7155
warning: GerverSofa/KernelOnly/PartE/E24KC6R4Join_a1daf15b91aa7155.lean:12:8: The declaration 'e24KC2ThetaBelowLeaf111133113__c0__c1' contains '__', which does not follow the mathlib naming conventions. Consider using single underscores instead.

Note: This linter can be disabled with `set_option linter.style.nameCheck false`
ÔÜá [4105/4166] Replayed GerverSofa.KernelOnly.PartE.E24KC6R4Subtree_70c72a172c9cfd93
warning: GerverSofa/KernelOnly/PartE/E24KC6R4Subtree_70c72a172c9cfd93.lean:11:8: The declaration 'e24KC2ThetaBelowLeaf111133113__c0__c0' contains '__', which does not follow the mathlib naming conventions. Consider using single underscores instead.

Note: This linter can be disabled with `set_option linter.style.nameCheck false`
ÔÜá [4106/4166] Replayed GerverSofa.KernelOnly.PartE.E24KC6R4Subtree_f553a12d6978535b
warning: GerverSofa/KernelOnly/PartE/E24KC6R4Subtree_f553a12d6978535b.lean:11:8: The declaration 'e24KC2ThetaBelowLeaf111133113__c0__c3' contains '__', which does not follow the mathlib naming conventions. Consider using single underscores instead.

Note: This linter can be disabled with `set_option linter.style.nameCheck false`
ÔÜá [4107/4166] Replayed GerverSofa.KernelOnly.PartE.E24KC6R4Subtree_f9a00b60dcd28a42
warning: GerverSofa/KernelOnly/PartE/E24KC6R4Subtree_f9a00b60dcd28a42.lean:11:8: The declaration 'e24KC2ThetaBelowLeaf111133113__c0__c2' contains '__', which does not follow the mathlib naming conventions. Consider using single underscores instead.

Note: This linter can be disabled with `set_option linter.style.nameCheck false`
ÔÜá [4108/4166] Replayed GerverSofa.KernelOnly.PartE.E24KC6R4Join_68100c5f054c8ea2
warning: GerverSofa/KernelOnly/PartE/E24KC6R4Join_68100c5f054c8ea2.lean:12:8: The declaration 'e24KC2ThetaBelowLeaf111133113__c0' contains '__', which does not follow the mathlib naming conventions. Consider using single underscores instead.

Note: This linter can be disabled with `set_option linter.style.nameCheck false`
ÔÜá [4109/4166] Replayed GerverSofa.KernelOnly.PartE.E24KC6R4Subtree_60715e5435db178e
warning: GerverSofa/KernelOnly/PartE/E24KC6R4Subtree_60715e5435db178e.lean:11:8: The declaration 'e24KC2ThetaBelowLeaf111133113__c1__c0__c1__c2' contains '__', which does not follow the mathlib naming conventions. Consider using single underscores instead.

Note: This linter can be disabled with `set_option linter.style.nameCheck false`
ÔÜá [4110/4166] Replayed GerverSofa.KernelOnly.PartE.E24KC6R4Subtree_81ebe3f900bc76a5
warning: GerverSofa/KernelOnly/PartE/E24KC6R4Subtree_81ebe3f900bc76a5.lean:11:8: The declaration 'e24KC2ThetaBelowLeaf111133113__c1__c0__c1__c1' contains '__', which does not follow the mathlib naming conventions. Consider using single underscores instead.

Note: This linter can be disabled with `set_option linter.style.nameCheck false`
ÔÜá [4111/4166] Replayed GerverSofa.KernelOnly.PartE.E24KC6R4Subtree_e91aff9c114b660b
warning: GerverSofa/KernelOnly/PartE/E24KC6R4Subtree_e91aff9c114b660b.lean:11:8: The declaration 'e24KC2ThetaBelowLeaf111133113__c1__c0__c1__c0' contains '__', which does not follow the mathlib naming conventions. Consider using single underscores instead.

Note: This linter can be disabled with `set_option linter.style.nameCheck false`
ÔÜá [4112/4166] Replayed GerverSofa.KernelOnly.PartE.E24KC6R4Subtree_f60ae8a1c3b6076a
warning: GerverSofa/KernelOnly/PartE/E24KC6R4Subtree_f60ae8a1c3b6076a.lean:11:8: The declaration 'e24KC2ThetaBelowLeaf111133113__c1__c0__c1__c3' contains '__', which does not follow the mathlib naming conventions. Consider using single underscores instead.

Note: This linter can be disabled with `set_option linter.style.nameCheck false`
ÔÜá [4113/4166] Replayed GerverSofa.KernelOnly.PartE.E24KC6R4Join_978735cf4a10b0c4
warning: GerverSofa/KernelOnly/PartE/E24KC6R4Join_978735cf4a10b0c4.lean:12:8: The declaration 'e24KC2ThetaBelowLeaf111133113__c1__c0__c1' contains '__', which does not follow the mathlib naming conventions. Consider using single underscores instead.

Note: This linter can be disabled with `set_option linter.style.nameCheck false`
ÔÜá [4114/4166] Replayed GerverSofa.KernelOnly.PartE.E24KC6R4Subtree_1974d41b8023f47d
warning: GerverSofa/KernelOnly/PartE/E24KC6R4Subtree_1974d41b8023f47d.lean:11:8: The declaration 'e24KC2ThetaBelowLeaf111133113__c1__c0__c0__c0' contains '__', which does not follow the mathlib naming conventions. Consider using single underscores instead.

Note: This linter can be disabled with `set_option linter.style.nameCheck false`
ÔÜá [4115/4166] Replayed GerverSofa.KernelOnly.PartE.E24KC6R4Subtree_c8b63043186f1b44
warning: GerverSofa/KernelOnly/PartE/E24KC6R4Subtree_c8b63043186f1b44.lean:11:8: The declaration 'e24KC2ThetaBelowLeaf111133113__c1__c0__c0__c1' contains '__', which does not follow the mathlib naming conventions. Consider using single underscores instead.

Note: This linter can be disabled with `set_option linter.style.nameCheck false`
ÔÜá [4116/4166] Replayed GerverSofa.KernelOnly.PartE.E24KC6R4Subtree_cbd4f9934ee17393
warning: GerverSofa/KernelOnly/PartE/E24KC6R4Subtree_cbd4f9934ee17393.lean:11:8: The declaration 'e24KC2ThetaBelowLeaf111133113__c1__c0__c0__c2' contains '__', which does not follow the mathlib naming conventions. Consider using single underscores instead.

Note: This linter can be disabled with `set_option linter.style.nameCheck false`
ÔÜá [4117/4166] Replayed GerverSofa.KernelOnly.PartE.E24KC6R4Subtree_e1aad79037162af3
warning: GerverSofa/KernelOnly/PartE/E24KC6R4Subtree_e1aad79037162af3.lean:11:8: The declaration 'e24KC2ThetaBelowLeaf111133113__c1__c0__c0__c3' contains '__', which does not follow the mathlib naming conventions. Consider using single underscores instead.

Note: This linter can be disabled with `set_option linter.style.nameCheck false`
ÔÜá [4118/4166] Replayed GerverSofa.KernelOnly.PartE.E24KC6R4Join_b6430364d883da5c
warning: GerverSofa/KernelOnly/PartE/E24KC6R4Join_b6430364d883da5c.lean:12:8: The declaration 'e24KC2ThetaBelowLeaf111133113__c1__c0__c0' contains '__', which does not follow the mathlib naming conventions. Consider using single underscores instead.

Note: This linter can be disabled with `set_option linter.style.nameCheck false`
ÔÜá [4119/4166] Replayed GerverSofa.KernelOnly.PartE.E24KC6R4Subtree_19ea3647d9c4385d
warning: GerverSofa/KernelOnly/PartE/E24KC6R4Subtree_19ea3647d9c4385d.lean:11:8: The declaration 'e24KC2ThetaBelowLeaf111133113__c1__c0__c2' contains '__', which does not follow the mathlib naming conventions. Consider using single underscores instead.

Note: This linter can be disabled with `set_option linter.style.nameCheck false`
ÔÜá [4120/4166] Replayed GerverSofa.KernelOnly.PartE.E24KC6R4Subtree_b93b1c054dba72bb
warning: GerverSofa/KernelOnly/PartE/E24KC6R4Subtree_b93b1c054dba72bb.lean:11:8: The declaration 'e24KC2ThetaBelowLeaf111133113__c1__c0__c3' contains '__', which does not follow the mathlib naming conventions. Consider using single underscores instead.

Note: This linter can be disabled with `set_option linter.style.nameCheck false`
ÔÜá [4121/4166] Replayed GerverSofa.KernelOnly.PartE.E24KC6R4Join_af86a73e06a6d340
warning: GerverSofa/KernelOnly/PartE/E24KC6R4Join_af86a73e06a6d340.lean:12:8: The declaration 'e24KC2ThetaBelowLeaf111133113__c1__c0' contains '__', which does not follow the mathlib naming conventions. Consider using single underscores instead.

Note: This linter can be disabled with `set_option linter.style.nameCheck false`
ÔÜá [4122/4166] Replayed GerverSofa.KernelOnly.PartE.E24KC6R4Subtree_31a1bf2506de3a6b
warning: GerverSofa/KernelOnly/PartE/E24KC6R4Subtree_31a1bf2506de3a6b.lean:11:8: The declaration 'e24KC2ThetaBelowLeaf111133113__c1__c1__c1__c2__c2' contains '__', which does not follow the mathlib naming conventions. Consider using single underscores instead.

Note: This linter can be disabled with `set_option linter.style.nameCheck false`
ÔÜá [4123/4166] Replayed GerverSofa.KernelOnly.PartE.E24KC6R4Subtree_55d98d161eaa82bf
warning: GerverSofa/KernelOnly/PartE/E24KC6R4Subtree_55d98d161eaa82bf.lean:11:8: The declaration 'e24KC2ThetaBelowLeaf111133113__c1__c1__c1__c2__c0' contains '__', which does not follow the mathlib naming conventions. Consider using single underscores instead.

Note: This linter can be disabled with `set_option linter.style.nameCheck false`
ÔÜá [4124/4166] Replayed GerverSofa.KernelOnly.PartE.E24KC6R4Subtree_70d61ab175d41a4a
warning: GerverSofa/KernelOnly/PartE/E24KC6R4Subtree_70d61ab175d41a4a.lean:11:8: The declaration 'e24KC2ThetaBelowLeaf111133113__c1__c1__c1__c2__c1' contains '__', which does not follow the mathlib naming conventions. Consider using single underscores instead.

Note: This linter can be disabled with `set_option linter.style.nameCheck false`
ÔÜá [4125/4166] Replayed GerverSofa.KernelOnly.PartE.E24KC6R4Subtree_8b6172e52c41dded
warning: GerverSofa/KernelOnly/PartE/E24KC6R4Subtree_8b6172e52c41dded.lean:11:8: The declaration 'e24KC2ThetaBelowLeaf111133113__c1__c1__c1__c2__c3' contains '__', which does not follow the mathlib naming conventions. Consider using single underscores instead.

Note: This linter can be disabled with `set_option linter.style.nameCheck false`
ÔÜá [4126/4166] Replayed GerverSofa.KernelOnly.PartE.E24KC6R4Join_0f0434a94ae699a2
warning: GerverSofa/KernelOnly/PartE/E24KC6R4Join_0f0434a94ae699a2.lean:12:8: The declaration 'e24KC2ThetaBelowLeaf111133113__c1__c1__c1__c2' contains '__', which does not follow the mathlib naming conventions. Consider using single underscores instead.

Note: This linter can be disabled with `set_option linter.style.nameCheck false`
ÔÜá [4127/4166] Replayed GerverSofa.KernelOnly.PartE.E24KC6R4Subtree_3e7c6f0a436cdb12
warning: GerverSofa/KernelOnly/PartE/E24KC6R4Subtree_3e7c6f0a436cdb12.lean:11:8: The declaration 'e24KC2ThetaBelowLeaf111133113__c1__c1__c1__c3__c1' contains '__', which does not follow the mathlib naming conventions. Consider using single underscores instead.

Note: This linter can be disabled with `set_option linter.style.nameCheck false`
ÔÜá [4128/4166] Replayed GerverSofa.KernelOnly.PartE.E24KC6R4Subtree_89badd31312e459d
warning: GerverSofa/KernelOnly/PartE/E24KC6R4Subtree_89badd31312e459d.lean:11:8: The declaration 'e24KC2ThetaBelowLeaf111133113__c1__c1__c1__c3__c2' contains '__', which does not follow the mathlib naming conventions. Consider using single underscores instead.

Note: This linter can be disabled with `set_option linter.style.nameCheck false`
ÔÜá [4129/4166] Replayed GerverSofa.KernelOnly.PartE.E24KC6R4Subtree_dc47723dc66dfda8
warning: GerverSofa/KernelOnly/PartE/E24KC6R4Subtree_dc47723dc66dfda8.lean:11:8: The declaration 'e24KC2ThetaBelowLeaf111133113__c1__c1__c1__c3__c3' contains '__', which does not follow the mathlib naming conventions. Consider using single underscores instead.

Note: This linter can be disabled with `set_option linter.style.nameCheck false`
ÔÜá [4130/4166] Replayed GerverSofa.KernelOnly.PartE.E24KC6R4Subtree_e8870b13405ffc13
warning: GerverSofa/KernelOnly/PartE/E24KC6R4Subtree_e8870b13405ffc13.lean:11:8: The declaration 'e24KC2ThetaBelowLeaf111133113__c1__c1__c1__c3__c0' contains '__', which does not follow the mathlib naming conventions. Consider using single underscores instead.

Note: This linter can be disabled with `set_option linter.style.nameCheck false`
ÔÜá [4131/4166] Replayed GerverSofa.KernelOnly.PartE.E24KC6R4Join_3b19a6737a79b00f
warning: GerverSofa/KernelOnly/PartE/E24KC6R4Join_3b19a6737a79b00f.lean:12:8: The declaration 'e24KC2ThetaBelowLeaf111133113__c1__c1__c1__c3' contains '__', which does not follow the mathlib naming conventions. Consider using single underscores instead.

Note: This linter can be disabled with `set_option linter.style.nameCheck false`
ÔÜá [4132/4166] Replayed GerverSofa.KernelOnly.PartE.E24KC6R4Subtree_7c075da8e9f0577b
warning: GerverSofa/KernelOnly/PartE/E24KC6R4Subtree_7c075da8e9f0577b.lean:11:8: The declaration 'e24KC2ThetaBelowLeaf111133113__c1__c1__c1__c1' contains '__', which does not follow the mathlib naming conventions. Consider using single underscores instead.

Note: This linter can be disabled with `set_option linter.style.nameCheck false`
ÔÜá [4133/4166] Replayed GerverSofa.KernelOnly.PartE.E24KC6R4Subtree_ffa75b98dddd4b5e
warning: GerverSofa/KernelOnly/PartE/E24KC6R4Subtree_ffa75b98dddd4b5e.lean:11:8: The declaration 'e24KC2ThetaBelowLeaf111133113__c1__c1__c1__c0' contains '__', which does not follow the mathlib naming conventions. Consider using single underscores instead.

Note: This linter can be disabled with `set_option linter.style.nameCheck false`
ÔÜá [4134/4166] Replayed GerverSofa.KernelOnly.PartE.E24KC6R4Join_25ba04fb03bf9d4a
warning: GerverSofa/KernelOnly/PartE/E24KC6R4Join_25ba04fb03bf9d4a.lean:12:8: The declaration 'e24KC2ThetaBelowLeaf111133113__c1__c1__c1' contains '__', which does not follow the mathlib naming conventions. Consider using single underscores instead.

Note: This linter can be disabled with `set_option linter.style.nameCheck false`
ÔÜá [4135/4166] Replayed GerverSofa.KernelOnly.PartE.E24KC6R4Subtree_7734a7147db71699
warning: GerverSofa/KernelOnly/PartE/E24KC6R4Subtree_7734a7147db71699.lean:11:8: The declaration 'e24KC2ThetaBelowLeaf111133113__c1__c1__c0__c2' contains '__', which does not follow the mathlib naming conventions. Consider using single underscores instead.

Note: This linter can be disabled with `set_option linter.style.nameCheck false`
ÔÜá [4136/4166] Replayed GerverSofa.KernelOnly.PartE.E24KC6R4Subtree_77fe1988ff8cd192
warning: GerverSofa/KernelOnly/PartE/E24KC6R4Subtree_77fe1988ff8cd192.lean:11:8: The declaration 'e24KC2ThetaBelowLeaf111133113__c1__c1__c0__c1' contains '__', which does not follow the mathlib naming conventions. Consider using single underscores instead.

Note: This linter can be disabled with `set_option linter.style.nameCheck false`
ÔÜá [4137/4166] Replayed GerverSofa.KernelOnly.PartE.E24KC6R4Subtree_7ae79e99a9b79eaf
warning: GerverSofa/KernelOnly/PartE/E24KC6R4Subtree_7ae79e99a9b79eaf.lean:11:8: The declaration 'e24KC2ThetaBelowLeaf111133113__c1__c1__c0__c0' contains '__', which does not follow the mathlib naming conventions. Consider using single underscores instead.

Note: This linter can be disabled with `set_option linter.style.nameCheck false`
ÔÜá [4138/4166] Replayed GerverSofa.KernelOnly.PartE.E24KC6R4Subtree_7e83efce8bd8caa9
warning: GerverSofa/KernelOnly/PartE/E24KC6R4Subtree_7e83efce8bd8caa9.lean:11:8: The declaration 'e24KC2ThetaBelowLeaf111133113__c1__c1__c0__c3' contains '__', which does not follow the mathlib naming conventions. Consider using single underscores instead.

Note: This linter can be disabled with `set_option linter.style.nameCheck false`
ÔÜá [4139/4166] Replayed GerverSofa.KernelOnly.PartE.E24KC6R4Join_57ced70670a400e2
warning: GerverSofa/KernelOnly/PartE/E24KC6R4Join_57ced70670a400e2.lean:12:8: The declaration 'e24KC2ThetaBelowLeaf111133113__c1__c1__c0' contains '__', which does not follow the mathlib naming conventions. Consider using single underscores instead.

Note: This linter can be disabled with `set_option linter.style.nameCheck false`
ÔÜá [4140/4166] Replayed GerverSofa.KernelOnly.PartE.E24KC6R4Subtree_428fdb9c294c5957
warning: GerverSofa/KernelOnly/PartE/E24KC6R4Subtree_428fdb9c294c5957.lean:11:8: The declaration 'e24KC2ThetaBelowLeaf111133113__c1__c1__c2' contains '__', which does not follow the mathlib naming conventions. Consider using single underscores instead.

Note: This linter can be disabled with `set_option linter.style.nameCheck false`
ÔÜá [4141/4166] Replayed GerverSofa.KernelOnly.PartE.E24KC6R4Subtree_8921da6a3153d018
warning: GerverSofa/KernelOnly/PartE/E24KC6R4Subtree_8921da6a3153d018.lean:11:8: The declaration 'e24KC2ThetaBelowLeaf111133113__c1__c1__c3' contains '__', which does not follow the mathlib naming conventions. Consider using single underscores instead.

Note: This linter can be disabled with `set_option linter.style.nameCheck false`
ÔÜá [4142/4166] Replayed GerverSofa.KernelOnly.PartE.E24KC6R4Join_b0c26eb36c2c399d
warning: GerverSofa/KernelOnly/PartE/E24KC6R4Join_b0c26eb36c2c399d.lean:12:8: The declaration 'e24KC2ThetaBelowLeaf111133113__c1__c1' contains '__', which does not follow the mathlib naming conventions. Consider using single underscores instead.

Note: This linter can be disabled with `set_option linter.style.nameCheck false`
ÔÜá [4143/4166] Replayed GerverSofa.KernelOnly.PartE.E24KC6R4Subtree_04c8a4da4d3d19a1
warning: GerverSofa/KernelOnly/PartE/E24KC6R4Subtree_04c8a4da4d3d19a1.lean:11:8: The declaration 'e24KC2ThetaBelowLeaf111133113__c1__c2' contains '__', which does not follow the mathlib naming conventions. Consider using single underscores instead.

Note: This linter can be disabled with `set_option linter.style.nameCheck false`
ÔÜá [4144/4166] Replayed GerverSofa.KernelOnly.PartE.E24KC6R4Subtree_ed73d41bc0ae6f27
warning: GerverSofa/KernelOnly/PartE/E24KC6R4Subtree_ed73d41bc0ae6f27.lean:11:8: The declaration 'e24KC2ThetaBelowLeaf111133113__c1__c3' contains '__', which does not follow the mathlib naming conventions. Consider using single underscores instead.

Note: This linter can be disabled with `set_option linter.style.nameCheck false`
ÔÜá [4145/4166] Replayed GerverSofa.KernelOnly.PartE.E24KC6R4Join_c502233200399653
warning: GerverSofa/KernelOnly/PartE/E24KC6R4Join_c502233200399653.lean:12:8: The declaration 'e24KC2ThetaBelowLeaf111133113__c1' contains '__', which does not follow the mathlib naming conventions. Consider using single underscores instead.

Note: This linter can be disabled with `set_option linter.style.nameCheck false`
ÔÜá [4146/4166] Replayed GerverSofa.KernelOnly.PartE.E24KC6R4Subtree_4417485270da2542
warning: GerverSofa/KernelOnly/PartE/E24KC6R4Subtree_4417485270da2542.lean:11:8: The declaration 'e24KC2ThetaBelowLeaf111133113__c2' contains '__', which does not follow the mathlib naming conventions. Consider using single underscores instead.

Note: This linter can be disabled with `set_option linter.style.nameCheck false`
ÔÜá [4147/4166] Replayed GerverSofa.KernelOnly.PartE.E24KC6R4Subtree_91992483bb6a8f04
warning: GerverSofa/KernelOnly/PartE/E24KC6R4Subtree_91992483bb6a8f04.lean:11:8: The declaration 'e24KC2ThetaBelowLeaf111133113__c3' contains '__', which does not follow the mathlib naming conventions. Consider using single underscores instead.

Note: This linter can be disabled with `set_option linter.style.nameCheck false`
ÔÜá [4169/4391] Replayed GerverSofa.KernelOnly.PartE.E24KC5Direct_e24KC2ThetaAboveLeaf0000220020__c1__c2_7_00028
warning: GerverSofa/KernelOnly/PartE/E24KC5Direct_e24KC2ThetaAboveLeaf0000220020__c1__c2_7_00028.lean:10:8: The declaration 'e24KC2ThetaAboveLeaf0000220020__c1__c2' contains '__', which does not follow the mathlib naming conventions. Consider using single underscores instead.

Note: This linter can be disabled with `set_option linter.style.nameCheck false`
ÔÜá [4170/4391] Replayed GerverSofa.KernelOnly.PartE.E24KC5Direct_e24KC2ThetaAboveLeaf0000220020__c1__c3_7_00029
warning: GerverSofa/KernelOnly/PartE/E24KC5Direct_e24KC2ThetaAboveLeaf0000220020__c1__c3_7_00029.lean:10:8: The declaration 'e24KC2ThetaAboveLeaf0000220020__c1__c3' contains '__', which does not follow the mathlib naming conventions. Consider using single underscores instead.

Note: This linter can be disabled with `set_option linter.style.nameCheck false`
ÔÜá [4171/4391] Replayed GerverSofa.KernelOnly.PartE.E24KC5Direct_e24KC2ThetaAboveLeaf0000220020__c0__c2_7_00601
warning: GerverSofa/KernelOnly/PartE/E24KC5Direct_e24KC2ThetaAboveLeaf0000220020__c0__c2_7_00601.lean:10:8: The declaration 'e24KC2ThetaAboveLeaf0000220020__c0__c2' contains '__', which does not follow the mathlib naming conventions. Consider using single underscores instead.

Note: This linter can be disabled with `set_option linter.style.nameCheck false`
ÔÜá [4172/4391] Replayed GerverSofa.KernelOnly.PartE.E24KC5Direct_e24KC2ThetaAboveLeaf0000220020__c0__c3_7_00602
warning: GerverSofa/KernelOnly/PartE/E24KC5Direct_e24KC2ThetaAboveLeaf0000220020__c0__c3_7_00602.lean:10:8: The declaration 'e24KC2ThetaAboveLeaf0000220020__c0__c3' contains '__', which does not follow the mathlib naming conventions. Consider using single underscores instead.

Note: This linter can be disabled with `set_option linter.style.nameCheck false`
ÔÜá [4173/4391] Replayed GerverSofa.KernelOnly.PartE.E24KC5Direct_e24KC2ThetaAboveLeaf0000220020__c0__c0__c0_6_00475
warning: GerverSofa/KernelOnly/PartE/E24KC5Direct_e24KC2ThetaAboveLeaf0000220020__c0__c0__c0_6_00475.lean:10:8: The declaration 'e24KC2ThetaAboveLeaf0000220020__c0__c0__c0' contains '__', which does not follow the mathlib naming conventions. Consider using single underscores instead.

Note: This linter can be disabled with `set_option linter.style.nameCheck false`
ÔÜá [4174/4391] Replayed GerverSofa.KernelOnly.PartE.E24KC5Direct_e24KC2ThetaAboveLeaf0000220020__c0__c0__c1_6_00476
warning: GerverSofa/KernelOnly/PartE/E24KC5Direct_e24KC2ThetaAboveLeaf0000220020__c0__c0__c1_6_00476.lean:10:8: The declaration 'e24KC2ThetaAboveLeaf0000220020__c0__c0__c1' contains '__', which does not follow the mathlib naming conventions. Consider using single underscores instead.

Note: This linter can be disabled with `set_option linter.style.nameCheck false`
ÔÜá [4175/4391] Replayed GerverSofa.KernelOnly.PartE.E24KC5Direct_e24KC2ThetaAboveLeaf0000220020__c0__c0__c2__c2_5_00510
warning: GerverSofa/KernelOnly/PartE/E24KC5Direct_e24KC2ThetaAboveLeaf0000220020__c0__c0__c2__c2_5_00510.lean:10:8: The declaration 'e24KC2ThetaAboveLeaf0000220020__c0__c0__c2__c2' contains '__', which does not follow the mathlib naming conventions. Consider using single underscores instead.

Note: This linter can be disabled with `set_option linter.style.nameCheck false`
ÔÜá [4176/4391] Replayed GerverSofa.KernelOnly.PartE.E24KC5Direct_e24KC2ThetaAboveLeaf0000220020__c0__c0__c2__c3_5_00511
warning: GerverSofa/KernelOnly/PartE/E24KC5Direct_e24KC2ThetaAboveLeaf0000220020__c0__c0__c2__c3_5_00511.lean:10:8: The declaration 'e24KC2ThetaAboveLeaf0000220020__c0__c0__c2__c3' contains '__', which does not follow the mathlib naming conventions. Consider using single underscores instead.

Note: This linter can be disabled with `set_option linter.style.nameCheck false`
ÔÜá [4177/4391] Replayed GerverSofa.KernelOnly.PartE.E24KC5Direct_e24KC2ThetaAboveLeaf0000220020__c0__c0__c2__c0__c2_4_00491
warning: GerverSofa/KernelOnly/PartE/E24KC5Direct_e24KC2ThetaAboveLeaf0000220020__c0__c0__c2__c0__c2_4_00491.lean:10:8: The declaration 'e24KC2ThetaAboveLeaf0000220020__c0__c0__c2__c0__c2' contains '__', which does not follow the mathlib naming conventions. Consider using single underscores instead.

Note: This linter can be disabled with `set_option linter.style.nameCheck false`
ÔÜá [4178/4391] Replayed GerverSofa.KernelOnly.PartE.E24KC5Direct_e24KC2ThetaAboveLeaf0000220020__c0__c0__c2__c0__c3_4_00492
warning: GerverSofa/KernelOnly/PartE/E24KC5Direct_e24KC2ThetaAboveLeaf0000220020__c0__c0__c2__c0__c3_4_00492.lean:10:8: The declaration 'e24KC2ThetaAboveLeaf0000220020__c0__c0__c2__c0__c3' contains '__', which does not follow the mathlib naming conventions. Consider using single underscores instead.

Note: This linter can be disabled with `set_option linter.style.nameCheck false`
ÔÜá [4179/4391] Replayed GerverSofa.KernelOnly.PartE.E24KC5Direct_e24KC2ThetaAboveLeaf0000220020__c0__c0__c2__c0__c0__c0_3_00480
warning: GerverSofa/KernelOnly/PartE/E24KC5Direct_e24KC2ThetaAboveLeaf0000220020__c0__c0__c2__c0__c0__c0_3_00480.lean:10:8: The declaration 'e24KC2ThetaAboveLeaf0000220020__c0__c0__c2__c0__c0__c0' contains '__', which does not follow the mathlib naming conventions. Consider using single underscores instead.

Note: This linter can be disabled with `set_option linter.style.nameCheck false`
ÔÜá [4180/4391] Replayed GerverSofa.KernelOnly.PartE.E24KC5Direct_e24KC2ThetaAboveLeaf0000220020__c0__c0__c2__c0__c0__c1_3_00481
warning: GerverSofa/KernelOnly/PartE/E24KC5Direct_e24KC2ThetaAboveLeaf0000220020__c0__c0__c2__c0__c0__c1_3_00481.lean:10:8: The declaration 'e24KC2ThetaAboveLeaf0000220020__c0__c0__c2__c0__c0__c1' contains '__', which does not follow the mathlib naming conventions. Consider using single underscores instead.

Note: This linter can be disabled with `set_option linter.style.nameCheck false`
ÔÜá [4181/4391] Replayed GerverSofa.KernelOnly.PartE.E24KC5Direct_e24KC2ThetaAboveLeaf0000220020__c0__c0__c2__c0__c0__c2_3_00482
warning: GerverSofa/KernelOnly/PartE/E24KC5Direct_e24KC2ThetaAboveLeaf0000220020__c0__c0__c2__c0__c0__c2_3_00482.lean:10:8: The declaration 'e24KC2ThetaAboveLeaf0000220020__c0__c0__c2__c0__c0__c2' contains '__', which does not follow the mathlib naming conventions. Consider using single underscores instead.

Note: This linter can be disabled with `set_option linter.style.nameCheck false`
ÔÜá [4182/4391] Replayed GerverSofa.KernelOnly.PartE.E24KC5Direct_e24KC2ThetaAboveLeaf0000220020__c0__c0__c2__c0__c0__c3_3_00483
warning: GerverSofa/KernelOnly/PartE/E24KC5Direct_e24KC2ThetaAboveLeaf0000220020__c0__c0__c2__c0__c0__c3_3_00483.lean:10:8: The declaration 'e24KC2ThetaAboveLeaf0000220020__c0__c0__c2__c0__c0__c3' contains '__', which does not follow the mathlib naming conventions. Consider using single underscores instead.

Note: This linter can be disabled with `set_option linter.style.nameCheck false`
ÔÜá [4183/4391] Replayed GerverSofa.KernelOnly.PartE.E24KC5Join_e24KC2ThetaAboveLeaf0000220020__c0__c0__c2__c0__c0_4_00484
warning: GerverSofa/KernelOnly/PartE/E24KC5Join_e24KC2ThetaAboveLeaf0000220020__c0__c0__c2__c0__c0_4_00484.lean:11:8: The declaration 'e24KC2ThetaAboveLeaf0000220020__c0__c0__c2__c0__c0' contains '__', which does not follow the mathlib naming conventions. Consider using single underscores instead.

Note: This linter can be disabled with `set_option linter.style.nameCheck false`
ÔÜá [4184/4391] Replayed GerverSofa.KernelOnly.PartE.E24KC5Direct_e24KC2ThetaAboveLeaf0000220020__c0__c0__c2__c0__c1__c0_3_00486
warning: GerverSofa/KernelOnly/PartE/E24KC5Direct_e24KC2ThetaAboveLeaf0000220020__c0__c0__c2__c0__c1__c0_3_00486.lean:10:8: The declaration 'e24KC2ThetaAboveLeaf0000220020__c0__c0__c2__c0__c1__c0' contains '__', which does not follow the mathlib naming conventions. Consider using single underscores instead.

Note: This linter can be disabled with `set_option linter.style.nameCheck false`
ÔÜá [4185/4391] Replayed GerverSofa.KernelOnly.PartE.E24KC5Direct_e24KC2ThetaAboveLeaf0000220020__c0__c0__c2__c0__c1__c1_3_00487
warning: GerverSofa/KernelOnly/PartE/E24KC5Direct_e24KC2ThetaAboveLeaf0000220020__c0__c0__c2__c0__c1__c1_3_00487.lean:10:8: The declaration 'e24KC2ThetaAboveLeaf0000220020__c0__c0__c2__c0__c1__c1' contains '__', which does not follow the mathlib naming conventions. Consider using single underscores instead.

Note: This linter can be disabled with `set_option linter.style.nameCheck false`
ÔÜá [4186/4391] Replayed GerverSofa.KernelOnly.PartE.E24KC5Direct_e24KC2ThetaAboveLeaf0000220020__c0__c0__c2__c0__c1__c2_3_00488
warning: GerverSofa/KernelOnly/PartE/E24KC5Direct_e24KC2ThetaAboveLeaf0000220020__c0__c0__c2__c0__c1__c2_3_00488.lean:10:8: The declaration 'e24KC2ThetaAboveLeaf0000220020__c0__c0__c2__c0__c1__c2' contains '__', which does not follow the mathlib naming conventions. Consider using single underscores instead.

Note: This linter can be disabled with `set_option linter.style.nameCheck false`
ÔÜá [4187/4391] Replayed GerverSofa.KernelOnly.PartE.E24KC5Direct_e24KC2ThetaAboveLeaf0000220020__c0__c0__c2__c0__c1__c3_3_00489
warning: GerverSofa/KernelOnly/PartE/E24KC5Direct_e24KC2ThetaAboveLeaf0000220020__c0__c0__c2__c0__c1__c3_3_00489.lean:10:8: The declaration 'e24KC2ThetaAboveLeaf0000220020__c0__c0__c2__c0__c1__c3' contains '__', which does not follow the mathlib naming conventions. Consider using single underscores instead.

Note: This linter can be disabled with `set_option linter.style.nameCheck false`
ÔÜá [4188/4391] Replayed GerverSofa.KernelOnly.PartE.E24KC5Join_e24KC2ThetaAboveLeaf0000220020__c0__c0__c2__c0__c1_4_00490
warning: GerverSofa/KernelOnly/PartE/E24KC5Join_e24KC2ThetaAboveLeaf0000220020__c0__c0__c2__c0__c1_4_00490.lean:11:8: The declaration 'e24KC2ThetaAboveLeaf0000220020__c0__c0__c2__c0__c1' contains '__', which does not follow the mathlib naming conventions. Consider using single underscores instead.

Note: This linter can be disabled with `set_option linter.style.nameCheck false`
ÔÜá [4189/4391] Replayed GerverSofa.KernelOnly.PartE.E24KC5Join_e24KC2ThetaAboveLeaf0000220020__c0__c0__c2__c0_5_00493
warning: GerverSofa/KernelOnly/PartE/E24KC5Join_e24KC2ThetaAboveLeaf0000220020__c0__c0__c2__c0_5_00493.lean:11:8: The declaration 'e24KC2ThetaAboveLeaf0000220020__c0__c0__c2__c0' contains '__', which does not follow the mathlib naming conventions. Consider using single underscores instead.

Note: This linter can be disabled with `set_option linter.style.nameCheck false`
ÔÜá [4190/4391] Replayed GerverSofa.KernelOnly.PartE.E24KC5Direct_e24KC2ThetaAboveLeaf0000220020__c0__c0__c2__c1__c2_4_00507
warning: GerverSofa/KernelOnly/PartE/E24KC5Direct_e24KC2ThetaAboveLeaf0000220020__c0__c0__c2__c1__c2_4_00507.lean:10:8: The declaration 'e24KC2ThetaAboveLeaf0000220020__c0__c0__c2__c1__c2' contains '__', which does not follow the mathlib naming conventions. Consider using single underscores instead.

Note: This linter can be disabled with `set_option linter.style.nameCheck false`
ÔÜá [4191/4391] Replayed GerverSofa.KernelOnly.PartE.E24KC5Direct_e24KC2ThetaAboveLeaf0000220020__c0__c0__c2__c1__c3_4_00508
warning: GerverSofa/KernelOnly/PartE/E24KC5Direct_e24KC2ThetaAboveLeaf0000220020__c0__c0__c2__c1__c3_4_00508.lean:10:8: The declaration 'e24KC2ThetaAboveLeaf0000220020__c0__c0__c2__c1__c3' contains '__', which does not follow the mathlib naming conventions. Consider using single underscores instead.

Note: This linter can be disabled with `set_option linter.style.nameCheck false`
ÔÜá [4192/4391] Replayed GerverSofa.KernelOnly.PartE.E24KC5Direct_e24KC2ThetaAboveLeaf0000220020__c0__c0__c2__c1__c0__c0_3_00496
warning: GerverSofa/KernelOnly/PartE/E24KC5Direct_e24KC2ThetaAboveLeaf0000220020__c0__c0__c2__c1__c0__c0_3_00496.lean:10:8: The declaration 'e24KC2ThetaAboveLeaf0000220020__c0__c0__c2__c1__c0__c0' contains '__', which does not follow the mathlib naming conventions. Consider using single underscores instead.

Note: This linter can be disabled with `set_option linter.style.nameCheck false`
ÔÜá [4193/4391] Replayed GerverSofa.KernelOnly.PartE.E24KC5Direct_e24KC2ThetaAboveLeaf0000220020__c0__c0__c2__c1__c0__c1_3_00497
warning: GerverSofa/KernelOnly/PartE/E24KC5Direct_e24KC2ThetaAboveLeaf0000220020__c0__c0__c2__c1__c0__c1_3_00497.lean:10:8: The declaration 'e24KC2ThetaAboveLeaf0000220020__c0__c0__c2__c1__c0__c1' contains '__', which does not follow the mathlib naming conventions. Consider using single underscores instead.

Note: This linter can be disabled with `set_option linter.style.nameCheck false`
ÔÜá [4194/4391] Replayed GerverSofa.KernelOnly.PartE.E24KC5Direct_e24KC2ThetaAboveLeaf0000220020__c0__c0__c2__c1__c0__c2_3_00498
warning: GerverSofa/KernelOnly/PartE/E24KC5Direct_e24KC2ThetaAboveLeaf0000220020__c0__c0__c2__c1__c0__c2_3_00498.lean:10:8: The declaration 'e24KC2ThetaAboveLeaf0000220020__c0__c0__c2__c1__c0__c2' contains '__', which does not follow the mathlib naming conventions. Consider using single underscores instead.

Note: This linter can be disabled with `set_option linter.style.nameCheck false`
ÔÜá [4195/4391] Replayed GerverSofa.KernelOnly.PartE.E24KC5Direct_e24KC2ThetaAboveLeaf0000220020__c0__c0__c2__c1__c0__c3_3_00499
warning: GerverSofa/KernelOnly/PartE/E24KC5Direct_e24KC2ThetaAboveLeaf0000220020__c0__c0__c2__c1__c0__c3_3_00499.lean:10:8: The declaration 'e24KC2ThetaAboveLeaf0000220020__c0__c0__c2__c1__c0__c3' contains '__', which does not follow the mathlib naming conventions. Consider using single underscores instead.

Note: This linter can be disabled with `set_option linter.style.nameCheck false`
ÔÜá [4196/4391] Replayed GerverSofa.KernelOnly.PartE.E24KC5Join_e24KC2ThetaAboveLeaf0000220020__c0__c0__c2__c1__c0_4_00500
warning: GerverSofa/KernelOnly/PartE/E24KC5Join_e24KC2ThetaAboveLeaf0000220020__c0__c0__c2__c1__c0_4_00500.lean:11:8: The declaration 'e24KC2ThetaAboveLeaf0000220020__c0__c0__c2__c1__c0' contains '__', which does not follow the mathlib naming conventions. Consider using single underscores instead.

Note: This linter can be disabled with `set_option linter.style.nameCheck false`
ÔÜá [4197/4391] Replayed GerverSofa.KernelOnly.PartE.E24KC5Direct_e24KC2ThetaAboveLeaf0000220020__c0__c0__c2__c1__c1__c0_3_00502
warning: GerverSofa/KernelOnly/PartE/E24KC5Direct_e24KC2ThetaAboveLeaf0000220020__c0__c0__c2__c1__c1__c0_3_00502.lean:10:8: The declaration 'e24KC2ThetaAboveLeaf0000220020__c0__c0__c2__c1__c1__c0' contains '__', which does not follow the mathlib naming conventions. Consider using single underscores instead.

Note: This linter can be disabled with `set_option linter.style.nameCheck false`
ÔÜá [4198/4391] Replayed GerverSofa.KernelOnly.PartE.E24KC5Direct_e24KC2ThetaAboveLeaf0000220020__c0__c0__c2__c1__c1__c1_3_00503
warning: GerverSofa/KernelOnly/PartE/E24KC5Direct_e24KC2ThetaAboveLeaf0000220020__c0__c0__c2__c1__c1__c1_3_00503.lean:10:8: The declaration 'e24KC2ThetaAboveLeaf0000220020__c0__c0__c2__c1__c1__c1' contains '__', which does not follow the mathlib naming conventions. Consider using single underscores instead.

Note: This linter can be disabled with `set_option linter.style.nameCheck false`
ÔÜá [4199/4391] Replayed GerverSofa.KernelOnly.PartE.E24KC5Direct_e24KC2ThetaAboveLeaf0000220020__c0__c0__c2__c1__c1__c2_3_00504
warning: GerverSofa/KernelOnly/PartE/E24KC5Direct_e24KC2ThetaAboveLeaf0000220020__c0__c0__c2__c1__c1__c2_3_00504.lean:10:8: The declaration 'e24KC2ThetaAboveLeaf0000220020__c0__c0__c2__c1__c1__c2' contains '__', which does not follow the mathlib naming conventions. Consider using single underscores instead.

Note: This linter can be disabled with `set_option linter.style.nameCheck false`
ÔÜá [4200/4391] Replayed GerverSofa.KernelOnly.PartE.E24KC5Direct_e24KC2ThetaAboveLeaf0000220020__c0__c0__c2__c1__c1__c3_3_00505
warning: GerverSofa/KernelOnly/PartE/E24KC5Direct_e24KC2ThetaAboveLeaf0000220020__c0__c0__c2__c1__c1__c3_3_00505.lean:10:8: The declaration 'e24KC2ThetaAboveLeaf0000220020__c0__c0__c2__c1__c1__c3' contains '__', which does not follow the mathlib naming conventions. Consider using single underscores instead.

Note: This linter can be disabled with `set_option linter.style.nameCheck false`
ÔÜá [4201/4391] Replayed GerverSofa.KernelOnly.PartE.E24KC5Join_e24KC2ThetaAboveLeaf0000220020__c0__c0__c2__c1__c1_4_00506
warning: GerverSofa/KernelOnly/PartE/E24KC5Join_e24KC2ThetaAboveLeaf0000220020__c0__c0__c2__c1__c1_4_00506.lean:11:8: The declaration 'e24KC2ThetaAboveLeaf0000220020__c0__c0__c2__c1__c1' contains '__', which does not follow the mathlib naming conventions. Consider using single underscores instead.

Note: This linter can be disabled with `set_option linter.style.nameCheck false`
ÔÜá [4202/4391] Replayed GerverSofa.KernelOnly.PartE.E24KC5Join_e24KC2ThetaAboveLeaf0000220020__c0__c0__c2__c1_5_00509
warning: GerverSofa/KernelOnly/PartE/E24KC5Join_e24KC2ThetaAboveLeaf0000220020__c0__c0__c2__c1_5_00509.lean:11:8: The declaration 'e24KC2ThetaAboveLeaf0000220020__c0__c0__c2__c1' contains '__', which does not follow the mathlib naming conventions. Consider using single underscores instead.

Note: This linter can be disabled with `set_option linter.style.nameCheck false`
ÔÜá [4203/4391] Replayed GerverSofa.KernelOnly.PartE.E24KC5Join_e24KC2ThetaAboveLeaf0000220020__c0__c0__c2_6_00512
warning: GerverSofa/KernelOnly/PartE/E24KC5Join_e24KC2ThetaAboveLeaf0000220020__c0__c0__c2_6_00512.lean:11:8: The declaration 'e24KC2ThetaAboveLeaf0000220020__c0__c0__c2' contains '__', which does not follow the mathlib naming conventions. Consider using single underscores instead.

Note: This linter can be disabled with `set_option linter.style.nameCheck false`
ÔÜá [4204/4391] Replayed GerverSofa.KernelOnly.PartE.E24KC5Direct_e24KC2ThetaAboveLeaf0000220020__c0__c0__c3__c2_5_00546
warning: GerverSofa/KernelOnly/PartE/E24KC5Direct_e24KC2ThetaAboveLeaf0000220020__c0__c0__c3__c2_5_00546.lean:10:8: The declaration 'e24KC2ThetaAboveLeaf0000220020__c0__c0__c3__c2' contains '__', which does not follow the mathlib naming conventions. Consider using single underscores instead.

Note: This linter can be disabled with `set_option linter.style.nameCheck false`
ÔÜá [4205/4391] Replayed GerverSofa.KernelOnly.PartE.E24KC5Direct_e24KC2ThetaAboveLeaf0000220020__c0__c0__c3__c3_5_00547
warning: GerverSofa/KernelOnly/PartE/E24KC5Direct_e24KC2ThetaAboveLeaf0000220020__c0__c0__c3__c3_5_00547.lean:10:8: The declaration 'e24KC2ThetaAboveLeaf0000220020__c0__c0__c3__c3' contains '__', which does not follow the mathlib naming conventions. Consider using single underscores instead.

Note: This linter can be disabled with `set_option linter.style.nameCheck false`
ÔÜá [4206/4391] Replayed GerverSofa.KernelOnly.PartE.E24KC5Direct_e24KC2ThetaAboveLeaf0000220020__c0__c0__c3__c0__c2_4_00527
warning: GerverSofa/KernelOnly/PartE/E24KC5Direct_e24KC2ThetaAboveLeaf0000220020__c0__c0__c3__c0__c2_4_00527.lean:10:8: The declaration 'e24KC2ThetaAboveLeaf0000220020__c0__c0__c3__c0__c2' contains '__', which does not follow the mathlib naming conventions. Consider using single underscores instead.

Note: This linter can be disabled with `set_option linter.style.nameCheck false`
ÔÜá [4207/4391] Replayed GerverSofa.KernelOnly.PartE.E24KC5Direct_e24KC2ThetaAboveLeaf0000220020__c0__c0__c3__c0__c3_4_00528
warning: GerverSofa/KernelOnly/PartE/E24KC5Direct_e24KC2ThetaAboveLeaf0000220020__c0__c0__c3__c0__c3_4_00528.lean:10:8: The declaration 'e24KC2ThetaAboveLeaf0000220020__c0__c0__c3__c0__c3' contains '__', which does not follow the mathlib naming conventions. Consider using single underscores instead.

Note: This linter can be disabled with `set_option linter.style.nameCheck false`
ÔÜá [4208/4391] Replayed GerverSofa.KernelOnly.PartE.E24KC5Direct_e24KC2ThetaAboveLeaf0000220020__c0__c0__c3__c0__c0__c0_3_00516
warning: GerverSofa/KernelOnly/PartE/E24KC5Direct_e24KC2ThetaAboveLeaf0000220020__c0__c0__c3__c0__c0__c0_3_00516.lean:10:8: The declaration 'e24KC2ThetaAboveLeaf0000220020__c0__c0__c3__c0__c0__c0' contains '__', which does not follow the mathlib naming conventions. Consider using single underscores instead.

Note: This linter can be disabled with `set_option linter.style.nameCheck false`
ÔÜá [4209/4391] Replayed GerverSofa.KernelOnly.PartE.E24KC5Direct_e24KC2ThetaAboveLeaf0000220020__c0__c0__c3__c0__c0__c1_3_00517
warning: GerverSofa/KernelOnly/PartE/E24KC5Direct_e24KC2ThetaAboveLeaf0000220020__c0__c0__c3__c0__c0__c1_3_00517.lean:10:8: The declaration 'e24KC2ThetaAboveLeaf0000220020__c0__c0__c3__c0__c0__c1' contains '__', which does not follow the mathlib naming conventions. Consider using single underscores instead.

Note: This linter can be disabled with `set_option linter.style.nameCheck false`
ÔÜá [4210/4391] Replayed GerverSofa.KernelOnly.PartE.E24KC5Direct_e24KC2ThetaAboveLeaf0000220020__c0__c0__c3__c0__c0__c2_3_00518
warning: GerverSofa/KernelOnly/PartE/E24KC5Direct_e24KC2ThetaAboveLeaf0000220020__c0__c0__c3__c0__c0__c2_3_00518.lean:10:8: The declaration 'e24KC2ThetaAboveLeaf0000220020__c0__c0__c3__c0__c0__c2' contains '__', which does not follow the mathlib naming conventions. Consider using single underscores instead.

Note: This linter can be disabled with `set_option linter.style.nameCheck false`
ÔÜá [4211/4391] Replayed GerverSofa.KernelOnly.PartE.E24KC5Direct_e24KC2ThetaAboveLeaf0000220020__c0__c0__c3__c0__c0__c3_3_00519
warning: GerverSofa/KernelOnly/PartE/E24KC5Direct_e24KC2ThetaAboveLeaf0000220020__c0__c0__c3__c0__c0__c3_3_00519.lean:10:8: The declaration 'e24KC2ThetaAboveLeaf0000220020__c0__c0__c3__c0__c0__c3' contains '__', which does not follow the mathlib naming conventions. Consider using single underscores instead.

Note: This linter can be disabled with `set_option linter.style.nameCheck false`
ÔÜá [4212/4391] Replayed GerverSofa.KernelOnly.PartE.E24KC5Join_e24KC2ThetaAboveLeaf0000220020__c0__c0__c3__c0__c0_4_00520
warning: GerverSofa/KernelOnly/PartE/E24KC5Join_e24KC2ThetaAboveLeaf0000220020__c0__c0__c3__c0__c0_4_00520.lean:11:8: The declaration 'e24KC2ThetaAboveLeaf0000220020__c0__c0__c3__c0__c0' contains '__', which does not follow the mathlib naming conventions. Consider using single underscores instead.

Note: This linter can be disabled with `set_option linter.style.nameCheck false`
ÔÜá [4213/4391] Replayed GerverSofa.KernelOnly.PartE.E24KC5Direct_e24KC2ThetaAboveLeaf0000220020__c0__c0__c3__c0__c1__c0_3_00522
warning: GerverSofa/KernelOnly/PartE/E24KC5Direct_e24KC2ThetaAboveLeaf0000220020__c0__c0__c3__c0__c1__c0_3_00522.lean:10:8: The declaration 'e24KC2ThetaAboveLeaf0000220020__c0__c0__c3__c0__c1__c0' contains '__', which does not follow the mathlib naming conventions. Consider using single underscores instead.

Note: This linter can be disabled with `set_option linter.style.nameCheck false`
ÔÜá [4214/4391] Replayed GerverSofa.KernelOnly.PartE.E24KC5Direct_e24KC2ThetaAboveLeaf0000220020__c0__c0__c3__c0__c1__c1_3_00523
warning: GerverSofa/KernelOnly/PartE/E24KC5Direct_e24KC2ThetaAboveLeaf0000220020__c0__c0__c3__c0__c1__c1_3_00523.lean:10:8: The declaration 'e24KC2ThetaAboveLeaf0000220020__c0__c0__c3__c0__c1__c1' contains '__', which does not follow the mathlib naming conventions. Consider using single underscores instead.

Note: This linter can be disabled with `set_option linter.style.nameCheck false`
ÔÜá [4215/4391] Replayed GerverSofa.KernelOnly.PartE.E24KC5Direct_e24KC2ThetaAboveLeaf0000220020__c0__c0__c3__c0__c1__c2_3_00524
warning: GerverSofa/KernelOnly/PartE/E24KC5Direct_e24KC2ThetaAboveLeaf0000220020__c0__c0__c3__c0__c1__c2_3_00524.lean:10:8: The declaration 'e24KC2ThetaAboveLeaf0000220020__c0__c0__c3__c0__c1__c2' contains '__', which does not follow the mathlib naming conventions. Consider using single underscores instead.

Note: This linter can be disabled with `set_option linter.style.nameCheck false`
ÔÜá [4216/4391] Replayed GerverSofa.KernelOnly.PartE.E24KC5Direct_e24KC2ThetaAboveLeaf0000220020__c0__c0__c3__c0__c1__c3_3_00525
warning: GerverSofa/KernelOnly/PartE/E24KC5Direct_e24KC2ThetaAboveLeaf0000220020__c0__c0__c3__c0__c1__c3_3_00525.lean:10:8: The declaration 'e24KC2ThetaAboveLeaf0000220020__c0__c0__c3__c0__c1__c3' contains '__', which does not follow the mathlib naming conventions. Consider using single underscores instead.

Note: This linter can be disabled with `set_option linter.style.nameCheck false`
ÔÜá [4217/4391] Replayed GerverSofa.KernelOnly.PartE.E24KC5Join_e24KC2ThetaAboveLeaf0000220020__c0__c0__c3__c0__c1_4_00526
warning: GerverSofa/KernelOnly/PartE/E24KC5Join_e24KC2ThetaAboveLeaf0000220020__c0__c0__c3__c0__c1_4_00526.lean:11:8: The declaration 'e24KC2ThetaAboveLeaf0000220020__c0__c0__c3__c0__c1' contains '__', which does not follow the mathlib naming conventions. Consider using single underscores instead.

Note: This linter can be disabled with `set_option linter.style.nameCheck false`
ÔÜá [4218/4391] Replayed GerverSofa.KernelOnly.PartE.E24KC5Join_e24KC2ThetaAboveLeaf0000220020__c0__c0__c3__c0_5_00529
warning: GerverSofa/KernelOnly/PartE/E24KC5Join_e24KC2ThetaAboveLeaf0000220020__c0__c0__c3__c0_5_00529.lean:11:8: The declaration 'e24KC2ThetaAboveLeaf0000220020__c0__c0__c3__c0' contains '__', which does not follow the mathlib naming conventions. Consider using single underscores instead.

Note: This linter can be disabled with `set_option linter.style.nameCheck false`
ÔÜá [4219/4391] Replayed GerverSofa.KernelOnly.PartE.E24KC5Direct_e24KC2ThetaAboveLeaf0000220020__c0__c0__c3__c1__c2_4_00543
warning: GerverSofa/KernelOnly/PartE/E24KC5Direct_e24KC2ThetaAboveLeaf0000220020__c0__c0__c3__c1__c2_4_00543.lean:10:8: The declaration 'e24KC2ThetaAboveLeaf0000220020__c0__c0__c3__c1__c2' contains '__', which does not follow the mathlib naming conventions. Consider using single underscores instead.

Note: This linter can be disabled with `set_option linter.style.nameCheck false`
ÔÜá [4220/4391] Replayed GerverSofa.KernelOnly.PartE.E24KC5Direct_e24KC2ThetaAboveLeaf0000220020__c0__c0__c3__c1__c3_4_00544
warning: GerverSofa/KernelOnly/PartE/E24KC5Direct_e24KC2ThetaAboveLeaf0000220020__c0__c0__c3__c1__c3_4_00544.lean:10:8: The declaration 'e24KC2ThetaAboveLeaf0000220020__c0__c0__c3__c1__c3' contains '__', which does not follow the mathlib naming conventions. Consider using single underscores instead.

Note: This linter can be disabled with `set_option linter.style.nameCheck false`
ÔÜá [4221/4391] Replayed GerverSofa.KernelOnly.PartE.E24KC5Direct_e24KC2ThetaAboveLeaf0000220020__c0__c0__c3__c1__c0__c0_3_00532
warning: GerverSofa/KernelOnly/PartE/E24KC5Direct_e24KC2ThetaAboveLeaf0000220020__c0__c0__c3__c1__c0__c0_3_00532.lean:10:8: The declaration 'e24KC2ThetaAboveLeaf0000220020__c0__c0__c3__c1__c0__c0' contains '__', which does not follow the mathlib naming conventions. Consider using single underscores instead.

Note: This linter can be disabled with `set_option linter.style.nameCheck false`
ÔÜá [4222/4391] Replayed GerverSofa.KernelOnly.PartE.E24KC5Direct_e24KC2ThetaAboveLeaf0000220020__c0__c0__c3__c1__c0__c1_3_00533
warning: GerverSofa/KernelOnly/PartE/E24KC5Direct_e24KC2ThetaAboveLeaf0000220020__c0__c0__c3__c1__c0__c1_3_00533.lean:10:8: The declaration 'e24KC2ThetaAboveLeaf0000220020__c0__c0__c3__c1__c0__c1' contains '__', which does not follow the mathlib naming conventions. Consider using single underscores instead.

Note: This linter can be disabled with `set_option linter.style.nameCheck false`
ÔÜá [4223/4391] Replayed GerverSofa.KernelOnly.PartE.E24KC5Direct_e24KC2ThetaAboveLeaf0000220020__c0__c0__c3__c1__c0__c2_3_00534
warning: GerverSofa/KernelOnly/PartE/E24KC5Direct_e24KC2ThetaAboveLeaf0000220020__c0__c0__c3__c1__c0__c2_3_00534.lean:10:8: The declaration 'e24KC2ThetaAboveLeaf0000220020__c0__c0__c3__c1__c0__c2' contains '__', which does not follow the mathlib naming conventions. Consider using single underscores instead.

Note: This linter can be disabled with `set_option linter.style.nameCheck false`
ÔÜá [4224/4391] Replayed GerverSofa.KernelOnly.PartE.E24KC5Direct_e24KC2ThetaAboveLeaf0000220020__c0__c0__c3__c1__c0__c3_3_00535
warning: GerverSofa/KernelOnly/PartE/E24KC5Direct_e24KC2ThetaAboveLeaf0000220020__c0__c0__c3__c1__c0__c3_3_00535.lean:10:8: The declaration 'e24KC2ThetaAboveLeaf0000220020__c0__c0__c3__c1__c0__c3' contains '__', which does not follow the mathlib naming conventions. Consider using single underscores instead.

Note: This linter can be disabled with `set_option linter.style.nameCheck false`
ÔÜá [4225/4391] Replayed GerverSofa.KernelOnly.PartE.E24KC5Join_e24KC2ThetaAboveLeaf0000220020__c0__c0__c3__c1__c0_4_00536
warning: GerverSofa/KernelOnly/PartE/E24KC5Join_e24KC2ThetaAboveLeaf0000220020__c0__c0__c3__c1__c0_4_00536.lean:11:8: The declaration 'e24KC2ThetaAboveLeaf0000220020__c0__c0__c3__c1__c0' contains '__', which does not follow the mathlib naming conventions. Consider using single underscores instead.

Note: This linter can be disabled with `set_option linter.style.nameCheck false`
ÔÜá [4226/4391] Replayed GerverSofa.KernelOnly.PartE.E24KC5Direct_e24KC2ThetaAboveLeaf0000220020__c0__c0__c3__c1__c1__c0_3_00538
warning: GerverSofa/KernelOnly/PartE/E24KC5Direct_e24KC2ThetaAboveLeaf0000220020__c0__c0__c3__c1__c1__c0_3_00538.lean:10:8: The declaration 'e24KC2ThetaAboveLeaf0000220020__c0__c0__c3__c1__c1__c0' contains '__', which does not follow the mathlib naming conventions. Consider using single underscores instead.

Note: This linter can be disabled with `set_option linter.style.nameCheck false`
ÔÜá [4227/4391] Replayed GerverSofa.KernelOnly.PartE.E24KC5Direct_e24KC2ThetaAboveLeaf0000220020__c0__c0__c3__c1__c1__c1_3_00539
warning: GerverSofa/KernelOnly/PartE/E24KC5Direct_e24KC2ThetaAboveLeaf0000220020__c0__c0__c3__c1__c1__c1_3_00539.lean:10:8: The declaration 'e24KC2ThetaAboveLeaf0000220020__c0__c0__c3__c1__c1__c1' contains '__', which does not follow the mathlib naming conventions. Consider using single underscores instead.

Note: This linter can be disabled with `set_option linter.style.nameCheck false`
ÔÜá [4228/4391] Replayed GerverSofa.KernelOnly.PartE.E24KC5Direct_e24KC2ThetaAboveLeaf0000220020__c0__c0__c3__c1__c1__c2_3_00540
warning: GerverSofa/KernelOnly/PartE/E24KC5Direct_e24KC2ThetaAboveLeaf0000220020__c0__c0__c3__c1__c1__c2_3_00540.lean:10:8: The declaration 'e24KC2ThetaAboveLeaf0000220020__c0__c0__c3__c1__c1__c2' contains '__', which does not follow the mathlib naming conventions. Consider using single underscores instead.

Note: This linter can be disabled with `set_option linter.style.nameCheck false`
ÔÜá [4229/4391] Replayed GerverSofa.KernelOnly.PartE.E24KC5Direct_e24KC2ThetaAboveLeaf0000220020__c0__c0__c3__c1__c1__c3_3_00541
warning: GerverSofa/KernelOnly/PartE/E24KC5Direct_e24KC2ThetaAboveLeaf0000220020__c0__c0__c3__c1__c1__c3_3_00541.lean:10:8: The declaration 'e24KC2ThetaAboveLeaf0000220020__c0__c0__c3__c1__c1__c3' contains '__', which does not follow the mathlib naming conventions. Consider using single underscores instead.

Note: This linter can be disabled with `set_option linter.style.nameCheck false`
ÔÜá [4230/4391] Replayed GerverSofa.KernelOnly.PartE.E24KC5Join_e24KC2ThetaAboveLeaf0000220020__c0__c0__c3__c1__c1_4_00542
warning: GerverSofa/KernelOnly/PartE/E24KC5Join_e24KC2ThetaAboveLeaf0000220020__c0__c0__c3__c1__c1_4_00542.lean:11:8: The declaration 'e24KC2ThetaAboveLeaf0000220020__c0__c0__c3__c1__c1' contains '__', which does not follow the mathlib naming conventions. Consider using single underscores instead.

Note: This linter can be disabled with `set_option linter.style.nameCheck false`
ÔÜá [4231/4391] Replayed GerverSofa.KernelOnly.PartE.E24KC5Join_e24KC2ThetaAboveLeaf0000220020__c0__c0__c3__c1_5_00545
warning: GerverSofa/KernelOnly/PartE/E24KC5Join_e24KC2ThetaAboveLeaf0000220020__c0__c0__c3__c1_5_00545.lean:11:8: The declaration 'e24KC2ThetaAboveLeaf0000220020__c0__c0__c3__c1' contains '__', which does not follow the mathlib naming conventions. Consider using single underscores instead.

Note: This linter can be disabled with `set_option linter.style.nameCheck false`
ÔÜá [4232/4391] Replayed GerverSofa.KernelOnly.PartE.E24KC5Join_e24KC2ThetaAboveLeaf0000220020__c0__c0__c3_6_00548
warning: GerverSofa/KernelOnly/PartE/E24KC5Join_e24KC2ThetaAboveLeaf0000220020__c0__c0__c3_6_00548.lean:11:8: The declaration 'e24KC2ThetaAboveLeaf0000220020__c0__c0__c3' contains '__', which does not follow the mathlib naming conventions. Consider using single underscores instead.

Note: This linter can be disabled with `set_option linter.style.nameCheck false`
ÔÜá [4233/4391] Replayed GerverSofa.KernelOnly.PartE.E24KC5Join_e24KC2ThetaAboveLeaf0000220020__c0__c0_7_00549
warning: GerverSofa/KernelOnly/PartE/E24KC5Join_e24KC2ThetaAboveLeaf0000220020__c0__c0_7_00549.lean:11:8: The declaration 'e24KC2ThetaAboveLeaf0000220020__c0__c0' contains '__', which does not follow the mathlib naming conventions. Consider using single underscores instead.

Note: This linter can be disabled with `set_option linter.style.nameCheck false`
ÔÜá [4234/4391] Replayed GerverSofa.KernelOnly.PartE.E24KC5Direct_e24KC2ThetaAboveLeaf0000220020__c0__c1__c0_6_00551
warning: GerverSofa/KernelOnly/PartE/E24KC5Direct_e24KC2ThetaAboveLeaf0000220020__c0__c1__c0_6_00551.lean:10:8: The declaration 'e24KC2ThetaAboveLeaf0000220020__c0__c1__c0' contains '__', which does not follow the mathlib naming conventions. Consider using single underscores instead.

Note: This linter can be disabled with `set_option linter.style.nameCheck false`
ÔÜá [4235/4391] Replayed GerverSofa.KernelOnly.PartE.E24KC5Direct_e24KC2ThetaAboveLeaf0000220020__c0__c1__c1_6_00552
warning: GerverSofa/KernelOnly/PartE/E24KC5Direct_e24KC2ThetaAboveLeaf0000220020__c0__c1__c1_6_00552.lean:10:8: The declaration 'e24KC2ThetaAboveLeaf0000220020__c0__c1__c1' contains '__', which does not follow the mathlib naming conventions. Consider using single underscores instead.

Note: This linter can be disabled with `set_option linter.style.nameCheck false`
ÔÜá [4236/4391] Replayed GerverSofa.KernelOnly.PartE.E24KC5Direct_e24KC2ThetaAboveLeaf0000220020__c0__c1__c2__c2_5_00581
warning: GerverSofa/KernelOnly/PartE/E24KC5Direct_e24KC2ThetaAboveLeaf0000220020__c0__c1__c2__c2_5_00581.lean:10:8: The declaration 'e24KC2ThetaAboveLeaf0000220020__c0__c1__c2__c2' contains '__', which does not follow the mathlib naming conventions. Consider using single underscores instead.

Note: This linter can be disabled with `set_option linter.style.nameCheck false`
ÔÜá [4237/4391] Replayed GerverSofa.KernelOnly.PartE.E24KC5Direct_e24KC2ThetaAboveLeaf0000220020__c0__c1__c2__c3_5_00582
warning: GerverSofa/KernelOnly/PartE/E24KC5Direct_e24KC2ThetaAboveLeaf0000220020__c0__c1__c2__c3_5_00582.lean:10:8: The declaration 'e24KC2ThetaAboveLeaf0000220020__c0__c1__c2__c3' contains '__', which does not follow the mathlib naming conventions. Consider using single underscores instead.

Note: This linter can be disabled with `set_option linter.style.nameCheck false`
ÔÜá [4238/4391] Replayed GerverSofa.KernelOnly.PartE.E24KC5Direct_e24KC2ThetaAboveLeaf0000220020__c0__c1__c2__c0__c2_4_00567
warning: GerverSofa/KernelOnly/PartE/E24KC5Direct_e24KC2ThetaAboveLeaf0000220020__c0__c1__c2__c0__c2_4_00567.lean:10:8: The declaration 'e24KC2ThetaAboveLeaf0000220020__c0__c1__c2__c0__c2' contains '__', which does not follow the mathlib naming conventions. Consider using single underscores instead.

Note: This linter can be disabled with `set_option linter.style.nameCheck false`
ÔÜá [4239/4391] Replayed GerverSofa.KernelOnly.PartE.E24KC5Direct_e24KC2ThetaAboveLeaf0000220020__c0__c1__c2__c0__c3_4_00568
warning: GerverSofa/KernelOnly/PartE/E24KC5Direct_e24KC2ThetaAboveLeaf0000220020__c0__c1__c2__c0__c3_4_00568.lean:10:8: The declaration 'e24KC2ThetaAboveLeaf0000220020__c0__c1__c2__c0__c3' contains '__', which does not follow the mathlib naming conventions. Consider using single underscores instead.

Note: This linter can be disabled with `set_option linter.style.nameCheck false`
ÔÜá [4240/4391] Replayed GerverSofa.KernelOnly.PartE.E24KC5Direct_e24KC2ThetaAboveLeaf0000220020__c0__c1__c2__c0__c0__c0_3_00556
warning: GerverSofa/KernelOnly/PartE/E24KC5Direct_e24KC2ThetaAboveLeaf0000220020__c0__c1__c2__c0__c0__c0_3_00556.lean:10:8: The declaration 'e24KC2ThetaAboveLeaf0000220020__c0__c1__c2__c0__c0__c0' contains '__', which does not follow the mathlib naming conventions. Consider using single underscores instead.

Note: This linter can be disabled with `set_option linter.style.nameCheck false`
ÔÜá [4241/4391] Replayed GerverSofa.KernelOnly.PartE.E24KC5Direct_e24KC2ThetaAboveLeaf0000220020__c0__c1__c2__c0__c0__c1_3_00557
warning: GerverSofa/KernelOnly/PartE/E24KC5Direct_e24KC2ThetaAboveLeaf0000220020__c0__c1__c2__c0__c0__c1_3_00557.lean:10:8: The declaration 'e24KC2ThetaAboveLeaf0000220020__c0__c1__c2__c0__c0__c1' contains '__', which does not follow the mathlib naming conventions. Consider using single underscores instead.

Note: This linter can be disabled with `set_option linter.style.nameCheck false`
ÔÜá [4242/4391] Replayed GerverSofa.KernelOnly.PartE.E24KC5Direct_e24KC2ThetaAboveLeaf0000220020__c0__c1__c2__c0__c0__c2_3_00558
warning: GerverSofa/KernelOnly/PartE/E24KC5Direct_e24KC2ThetaAboveLeaf0000220020__c0__c1__c2__c0__c0__c2_3_00558.lean:10:8: The declaration 'e24KC2ThetaAboveLeaf0000220020__c0__c1__c2__c0__c0__c2' contains '__', which does not follow the mathlib naming conventions. Consider using single underscores instead.

Note: This linter can be disabled with `set_option linter.style.nameCheck false`
ÔÜá [4243/4391] Replayed GerverSofa.KernelOnly.PartE.E24KC5Direct_e24KC2ThetaAboveLeaf0000220020__c0__c1__c2__c0__c0__c3_3_00559
warning: GerverSofa/KernelOnly/PartE/E24KC5Direct_e24KC2ThetaAboveLeaf0000220020__c0__c1__c2__c0__c0__c3_3_00559.lean:10:8: The declaration 'e24KC2ThetaAboveLeaf0000220020__c0__c1__c2__c0__c0__c3' contains '__', which does not follow the mathlib naming conventions. Consider using single underscores instead.

Note: This linter can be disabled with `set_option linter.style.nameCheck false`
ÔÜá [4244/4391] Replayed GerverSofa.KernelOnly.PartE.E24KC5Join_e24KC2ThetaAboveLeaf0000220020__c0__c1__c2__c0__c0_4_00560
warning: GerverSofa/KernelOnly/PartE/E24KC5Join_e24KC2ThetaAboveLeaf0000220020__c0__c1__c2__c0__c0_4_00560.lean:11:8: The declaration 'e24KC2ThetaAboveLeaf0000220020__c0__c1__c2__c0__c0' contains '__', which does not follow the mathlib naming conventions. Consider using single underscores instead.

Note: This linter can be disabled with `set_option linter.style.nameCheck false`
ÔÜá [4245/4391] Replayed GerverSofa.KernelOnly.PartE.E24KC5Direct_e24KC2ThetaAboveLeaf0000220020__c0__c1__c2__c0__c1__c0_3_00562
warning: GerverSofa/KernelOnly/PartE/E24KC5Direct_e24KC2ThetaAboveLeaf0000220020__c0__c1__c2__c0__c1__c0_3_00562.lean:10:8: The declaration 'e24KC2ThetaAboveLeaf0000220020__c0__c1__c2__c0__c1__c0' contains '__', which does not follow the mathlib naming conventions. Consider using single underscores instead.

Note: This linter can be disabled with `set_option linter.style.nameCheck false`
ÔÜá [4246/4391] Replayed GerverSofa.KernelOnly.PartE.E24KC5Direct_e24KC2ThetaAboveLeaf0000220020__c0__c1__c2__c0__c1__c1_3_00563
warning: GerverSofa/KernelOnly/PartE/E24KC5Direct_e24KC2ThetaAboveLeaf0000220020__c0__c1__c2__c0__c1__c1_3_00563.lean:10:8: The declaration 'e24KC2ThetaAboveLeaf0000220020__c0__c1__c2__c0__c1__c1' contains '__', which does not follow the mathlib naming conventions. Consider using single underscores instead.

Note: This linter can be disabled with `set_option linter.style.nameCheck false`
ÔÜá [4247/4391] Replayed GerverSofa.KernelOnly.PartE.E24KC5Direct_e24KC2ThetaAboveLeaf0000220020__c0__c1__c2__c0__c1__c2_3_00564
warning: GerverSofa/KernelOnly/PartE/E24KC5Direct_e24KC2ThetaAboveLeaf0000220020__c0__c1__c2__c0__c1__c2_3_00564.lean:10:8: The declaration 'e24KC2ThetaAboveLeaf0000220020__c0__c1__c2__c0__c1__c2' contains '__', which does not follow the mathlib naming conventions. Consider using single underscores instead.

Note: This linter can be disabled with `set_option linter.style.nameCheck false`
ÔÜá [4248/4391] Replayed GerverSofa.KernelOnly.PartE.E24KC5Direct_e24KC2ThetaAboveLeaf0000220020__c0__c1__c2__c0__c1__c3_3_00565
warning: GerverSofa/KernelOnly/PartE/E24KC5Direct_e24KC2ThetaAboveLeaf0000220020__c0__c1__c2__c0__c1__c3_3_00565.lean:10:8: The declaration 'e24KC2ThetaAboveLeaf0000220020__c0__c1__c2__c0__c1__c3' contains '__', which does not follow the mathlib naming conventions. Consider using single underscores instead.

Note: This linter can be disabled with `set_option linter.style.nameCheck false`
ÔÜá [4249/4391] Replayed GerverSofa.KernelOnly.PartE.E24KC5Join_e24KC2ThetaAboveLeaf0000220020__c0__c1__c2__c0__c1_4_00566
warning: GerverSofa/KernelOnly/PartE/E24KC5Join_e24KC2ThetaAboveLeaf0000220020__c0__c1__c2__c0__c1_4_00566.lean:11:8: The declaration 'e24KC2ThetaAboveLeaf0000220020__c0__c1__c2__c0__c1' contains '__', which does not follow the mathlib naming conventions. Consider using single underscores instead.

Note: This linter can be disabled with `set_option linter.style.nameCheck false`
ÔÜá [4250/4391] Replayed GerverSofa.KernelOnly.PartE.E24KC5Join_e24KC2ThetaAboveLeaf0000220020__c0__c1__c2__c0_5_00569
warning: GerverSofa/KernelOnly/PartE/E24KC5Join_e24KC2ThetaAboveLeaf0000220020__c0__c1__c2__c0_5_00569.lean:11:8: The declaration 'e24KC2ThetaAboveLeaf0000220020__c0__c1__c2__c0' contains '__', which does not follow the mathlib naming conventions. Consider using single underscores instead.

Note: This linter can be disabled with `set_option linter.style.nameCheck false`
ÔÜá [4251/4391] Replayed GerverSofa.KernelOnly.PartE.E24KC5Direct_e24KC2ThetaAboveLeaf0000220020__c0__c1__c2__c1__c1_4_00577
warning: GerverSofa/KernelOnly/PartE/E24KC5Direct_e24KC2ThetaAboveLeaf0000220020__c0__c1__c2__c1__c1_4_00577.lean:10:8: The declaration 'e24KC2ThetaAboveLeaf0000220020__c0__c1__c2__c1__c1' contains '__', which does not follow the mathlib naming conventions. Consider using single underscores instead.

Note: This linter can be disabled with `set_option linter.style.nameCheck false`
ÔÜá [4252/4391] Replayed GerverSofa.KernelOnly.PartE.E24KC5Direct_e24KC2ThetaAboveLeaf0000220020__c0__c1__c2__c1__c2_4_00578
warning: GerverSofa/KernelOnly/PartE/E24KC5Direct_e24KC2ThetaAboveLeaf0000220020__c0__c1__c2__c1__c2_4_00578.lean:10:8: The declaration 'e24KC2ThetaAboveLeaf0000220020__c0__c1__c2__c1__c2' contains '__', which does not follow the mathlib naming conventions. Consider using single underscores instead.

Note: This linter can be disabled with `set_option linter.style.nameCheck false`
ÔÜá [4253/4391] Replayed GerverSofa.KernelOnly.PartE.E24KC5Direct_e24KC2ThetaAboveLeaf0000220020__c0__c1__c2__c1__c3_4_00579
warning: GerverSofa/KernelOnly/PartE/E24KC5Direct_e24KC2ThetaAboveLeaf0000220020__c0__c1__c2__c1__c3_4_00579.lean:10:8: The declaration 'e24KC2ThetaAboveLeaf0000220020__c0__c1__c2__c1__c3' contains '__', which does not follow the mathlib naming conventions. Consider using single underscores instead.

Note: This linter can be disabled with `set_option linter.style.nameCheck false`
ÔÜá [4254/4391] Replayed GerverSofa.KernelOnly.PartE.E24KC5Direct_e24KC2ThetaAboveLeaf0000220020__c0__c1__c2__c1__c0__c0_3_00572
warning: GerverSofa/KernelOnly/PartE/E24KC5Direct_e24KC2ThetaAboveLeaf0000220020__c0__c1__c2__c1__c0__c0_3_00572.lean:10:8: The declaration 'e24KC2ThetaAboveLeaf0000220020__c0__c1__c2__c1__c0__c0' contains '__', which does not follow the mathlib naming conventions. Consider using single underscores instead.

Note: This linter can be disabled with `set_option linter.style.nameCheck false`
ÔÜá [4255/4391] Replayed GerverSofa.KernelOnly.PartE.E24KC5Direct_e24KC2ThetaAboveLeaf0000220020__c0__c1__c2__c1__c0__c1_3_00573
warning: GerverSofa/KernelOnly/PartE/E24KC5Direct_e24KC2ThetaAboveLeaf0000220020__c0__c1__c2__c1__c0__c1_3_00573.lean:10:8: The declaration 'e24KC2ThetaAboveLeaf0000220020__c0__c1__c2__c1__c0__c1' contains '__', which does not follow the mathlib naming conventions. Consider using single underscores instead.

Note: This linter can be disabled with `set_option linter.style.nameCheck false`
ÔÜá [4256/4391] Replayed GerverSofa.KernelOnly.PartE.E24KC5Direct_e24KC2ThetaAboveLeaf0000220020__c0__c1__c2__c1__c0__c2_3_00574
warning: GerverSofa/KernelOnly/PartE/E24KC5Direct_e24KC2ThetaAboveLeaf0000220020__c0__c1__c2__c1__c0__c2_3_00574.lean:10:8: The declaration 'e24KC2ThetaAboveLeaf0000220020__c0__c1__c2__c1__c0__c2' contains '__', which does not follow the mathlib naming conventions. Consider using single underscores instead.

Note: This linter can be disabled with `set_option linter.style.nameCheck false`
ÔÜá [4257/4391] Replayed GerverSofa.KernelOnly.PartE.E24KC5Direct_e24KC2ThetaAboveLeaf0000220020__c0__c1__c2__c1__c0__c3_3_00575
warning: GerverSofa/KernelOnly/PartE/E24KC5Direct_e24KC2ThetaAboveLeaf0000220020__c0__c1__c2__c1__c0__c3_3_00575.lean:10:8: The declaration 'e24KC2ThetaAboveLeaf0000220020__c0__c1__c2__c1__c0__c3' contains '__', which does not follow the mathlib naming conventions. Consider using single underscores instead.

Note: This linter can be disabled with `set_option linter.style.nameCheck false`
ÔÜá [4258/4391] Replayed GerverSofa.KernelOnly.PartE.E24KC5Join_e24KC2ThetaAboveLeaf0000220020__c0__c1__c2__c1__c0_4_00576
warning: GerverSofa/KernelOnly/PartE/E24KC5Join_e24KC2ThetaAboveLeaf0000220020__c0__c1__c2__c1__c0_4_00576.lean:11:8: The declaration 'e24KC2ThetaAboveLeaf0000220020__c0__c1__c2__c1__c0' contains '__', which does not follow the mathlib naming conventions. Consider using single underscores instead.

Note: This linter can be disabled with `set_option linter.style.nameCheck false`
ÔÜá [4259/4391] Replayed GerverSofa.KernelOnly.PartE.E24KC5Join_e24KC2ThetaAboveLeaf0000220020__c0__c1__c2__c1_5_00580
warning: GerverSofa/KernelOnly/PartE/E24KC5Join_e24KC2ThetaAboveLeaf0000220020__c0__c1__c2__c1_5_00580.lean:11:8: The declaration 'e24KC2ThetaAboveLeaf0000220020__c0__c1__c2__c1' contains '__', which does not follow the mathlib naming conventions. Consider using single underscores instead.

Note: This linter can be disabled with `set_option linter.style.nameCheck false`
ÔÜá [4260/4391] Replayed GerverSofa.KernelOnly.PartE.E24KC5Join_e24KC2ThetaAboveLeaf0000220020__c0__c1__c2_6_00583
warning: GerverSofa/KernelOnly/PartE/E24KC5Join_e24KC2ThetaAboveLeaf0000220020__c0__c1__c2_6_00583.lean:11:8: The declaration 'e24KC2ThetaAboveLeaf0000220020__c0__c1__c2' contains '__', which does not follow the mathlib naming conventions. Consider using single underscores instead.

Note: This linter can be disabled with `set_option linter.style.nameCheck false`
ÔÜá [4261/4391] Replayed GerverSofa.KernelOnly.PartE.E24KC5Direct_e24KC2ThetaAboveLeaf0000220020__c0__c1__c3__c2_5_00597
warning: GerverSofa/KernelOnly/PartE/E24KC5Direct_e24KC2ThetaAboveLeaf0000220020__c0__c1__c3__c2_5_00597.lean:10:8: The declaration 'e24KC2ThetaAboveLeaf0000220020__c0__c1__c3__c2' contains '__', which does not follow the mathlib naming conventions. Consider using single underscores instead.

Note: This linter can be disabled with `set_option linter.style.nameCheck false`
ÔÜá [4262/4391] Replayed GerverSofa.KernelOnly.PartE.E24KC5Direct_e24KC2ThetaAboveLeaf0000220020__c0__c1__c3__c3_5_00598
warning: GerverSofa/KernelOnly/PartE/E24KC5Direct_e24KC2ThetaAboveLeaf0000220020__c0__c1__c3__c3_5_00598.lean:10:8: The declaration 'e24KC2ThetaAboveLeaf0000220020__c0__c1__c3__c3' contains '__', which does not follow the mathlib naming conventions. Consider using single underscores instead.

Note: This linter can be disabled with `set_option linter.style.nameCheck false`
ÔÜá [4263/4391] Replayed GerverSofa.KernelOnly.PartE.E24KC5Direct_e24KC2ThetaAboveLeaf0000220020__c0__c1__c3__c0__c0_4_00586
warning: GerverSofa/KernelOnly/PartE/E24KC5Direct_e24KC2ThetaAboveLeaf0000220020__c0__c1__c3__c0__c0_4_00586.lean:10:8: The declaration 'e24KC2ThetaAboveLeaf0000220020__c0__c1__c3__c0__c0' contains '__', which does not follow the mathlib naming conventions. Consider using single underscores instead.

Note: This linter can be disabled with `set_option linter.style.nameCheck false`
ÔÜá [4264/4391] Replayed GerverSofa.KernelOnly.PartE.E24KC5Direct_e24KC2ThetaAboveLeaf0000220020__c0__c1__c3__c0__c1_4_00587
warning: GerverSofa/KernelOnly/PartE/E24KC5Direct_e24KC2ThetaAboveLeaf0000220020__c0__c1__c3__c0__c1_4_00587.lean:10:8: The declaration 'e24KC2ThetaAboveLeaf0000220020__c0__c1__c3__c0__c1' contains '__', which does not follow the mathlib naming conventions. Consider using single underscores instead.

Note: This linter can be disabled with `set_option linter.style.nameCheck false`
ÔÜá [4265/4391] Replayed GerverSofa.KernelOnly.PartE.E24KC5Direct_e24KC2ThetaAboveLeaf0000220020__c0__c1__c3__c0__c2_4_00588
warning: GerverSofa/KernelOnly/PartE/E24KC5Direct_e24KC2ThetaAboveLeaf0000220020__c0__c1__c3__c0__c2_4_00588.lean:10:8: The declaration 'e24KC2ThetaAboveLeaf0000220020__c0__c1__c3__c0__c2' contains '__', which does not follow the mathlib naming conventions. Consider using single underscores instead.

Note: This linter can be disabled with `set_option linter.style.nameCheck false`
ÔÜá [4266/4391] Replayed GerverSofa.KernelOnly.PartE.E24KC5Direct_e24KC2ThetaAboveLeaf0000220020__c0__c1__c3__c0__c3_4_00589
warning: GerverSofa/KernelOnly/PartE/E24KC5Direct_e24KC2ThetaAboveLeaf0000220020__c0__c1__c3__c0__c3_4_00589.lean:10:8: The declaration 'e24KC2ThetaAboveLeaf0000220020__c0__c1__c3__c0__c3' contains '__', which does not follow the mathlib naming conventions. Consider using single underscores instead.

Note: This linter can be disabled with `set_option linter.style.nameCheck false`
ÔÜá [4267/4391] Replayed GerverSofa.KernelOnly.PartE.E24KC5Join_e24KC2ThetaAboveLeaf0000220020__c0__c1__c3__c0_5_00590
warning: GerverSofa/KernelOnly/PartE/E24KC5Join_e24KC2ThetaAboveLeaf0000220020__c0__c1__c3__c0_5_00590.lean:11:8: The declaration 'e24KC2ThetaAboveLeaf0000220020__c0__c1__c3__c0' contains '__', which does not follow the mathlib naming conventions. Consider using single underscores instead.

Note: This linter can be disabled with `set_option linter.style.nameCheck false`
ÔÜá [4268/4391] Replayed GerverSofa.KernelOnly.PartE.E24KC5Direct_e24KC2ThetaAboveLeaf0000220020__c0__c1__c3__c1__c0_4_00592
warning: GerverSofa/KernelOnly/PartE/E24KC5Direct_e24KC2ThetaAboveLeaf0000220020__c0__c1__c3__c1__c0_4_00592.lean:10:8: The declaration 'e24KC2ThetaAboveLeaf0000220020__c0__c1__c3__c1__c0' contains '__', which does not follow the mathlib naming conventions. Consider using single underscores instead.

Note: This linter can be disabled with `set_option linter.style.nameCheck false`
ÔÜá [4269/4391] Replayed GerverSofa.KernelOnly.PartE.E24KC5Direct_e24KC2ThetaAboveLeaf0000220020__c0__c1__c3__c1__c1_4_00593
warning: GerverSofa/KernelOnly/PartE/E24KC5Direct_e24KC2ThetaAboveLeaf0000220020__c0__c1__c3__c1__c1_4_00593.lean:10:8: The declaration 'e24KC2ThetaAboveLeaf0000220020__c0__c1__c3__c1__c1' contains '__', which does not follow the mathlib naming conventions. Consider using single underscores instead.

Note: This linter can be disabled with `set_option linter.style.nameCheck false`
ÔÜá [4270/4391] Replayed GerverSofa.KernelOnly.PartE.E24KC5Direct_e24KC2ThetaAboveLeaf0000220020__c0__c1__c3__c1__c2_4_00594
warning: GerverSofa/KernelOnly/PartE/E24KC5Direct_e24KC2ThetaAboveLeaf0000220020__c0__c1__c3__c1__c2_4_00594.lean:10:8: The declaration 'e24KC2ThetaAboveLeaf0000220020__c0__c1__c3__c1__c2' contains '__', which does not follow the mathlib naming conventions. Consider using single underscores instead.

Note: This linter can be disabled with `set_option linter.style.nameCheck false`
ÔÜá [4271/4391] Replayed GerverSofa.KernelOnly.PartE.E24KC5Direct_e24KC2ThetaAboveLeaf0000220020__c0__c1__c3__c1__c3_4_00595
warning: GerverSofa/KernelOnly/PartE/E24KC5Direct_e24KC2ThetaAboveLeaf0000220020__c0__c1__c3__c1__c3_4_00595.lean:10:8: The declaration 'e24KC2ThetaAboveLeaf0000220020__c0__c1__c3__c1__c3' contains '__', which does not follow the mathlib naming conventions. Consider using single underscores instead.

Note: This linter can be disabled with `set_option linter.style.nameCheck false`
ÔÜá [4272/4391] Replayed GerverSofa.KernelOnly.PartE.E24KC5Join_e24KC2ThetaAboveLeaf0000220020__c0__c1__c3__c1_5_00596
warning: GerverSofa/KernelOnly/PartE/E24KC5Join_e24KC2ThetaAboveLeaf0000220020__c0__c1__c3__c1_5_00596.lean:11:8: The declaration 'e24KC2ThetaAboveLeaf0000220020__c0__c1__c3__c1' contains '__', which does not follow the mathlib naming conventions. Consider using single underscores instead.

Note: This linter can be disabled with `set_option linter.style.nameCheck false`
ÔÜá [4273/4391] Replayed GerverSofa.KernelOnly.PartE.E24KC5Join_e24KC2ThetaAboveLeaf0000220020__c0__c1__c3_6_00599
warning: GerverSofa/KernelOnly/PartE/E24KC5Join_e24KC2ThetaAboveLeaf0000220020__c0__c1__c3_6_00599.lean:11:8: The declaration 'e24KC2ThetaAboveLeaf0000220020__c0__c1__c3' contains '__', which does not follow the mathlib naming conventions. Consider using single underscores instead.

Note: This linter can be disabled with `set_option linter.style.nameCheck false`
ÔÜá [4274/4391] Replayed GerverSofa.KernelOnly.PartE.E24KC5Join_e24KC2ThetaAboveLeaf0000220020__c0__c1_7_00600
warning: GerverSofa/KernelOnly/PartE/E24KC5Join_e24KC2ThetaAboveLeaf0000220020__c0__c1_7_00600.lean:11:8: The declaration 'e24KC2ThetaAboveLeaf0000220020__c0__c1' contains '__', which does not follow the mathlib naming conventions. Consider using single underscores instead.

Note: This linter can be disabled with `set_option linter.style.nameCheck false`
ÔÜá [4275/4391] Replayed GerverSofa.KernelOnly.PartE.E24KC5Join_e24KC2ThetaAboveLeaf0000220020__c0_8_00603
warning: GerverSofa/KernelOnly/PartE/E24KC5Join_e24KC2ThetaAboveLeaf0000220020__c0_8_00603.lean:11:8: The declaration 'e24KC2ThetaAboveLeaf0000220020__c0' contains '__', which does not follow the mathlib naming conventions. Consider using single underscores instead.

Note: This linter can be disabled with `set_option linter.style.nameCheck false`
ÔÜá [4276/4391] Replayed GerverSofa.KernelOnly.PartE.E24KC5Direct_e24KC2ThetaAboveLeaf0000220020__c1__c0__c0_6_00606
warning: GerverSofa/KernelOnly/PartE/E24KC5Direct_e24KC2ThetaAboveLeaf0000220020__c1__c0__c0_6_00606.lean:10:8: The declaration 'e24KC2ThetaAboveLeaf0000220020__c1__c0__c0' contains '__', which does not follow the mathlib naming conventions. Consider using single underscores instead.

Note: This linter can be disabled with `set_option linter.style.nameCheck false`
ÔÜá [4277/4391] Replayed GerverSofa.KernelOnly.PartE.E24KC5Direct_e24KC2ThetaAboveLeaf0000220020__c1__c0__c1_6_00607
warning: GerverSofa/KernelOnly/PartE/E24KC5Direct_e24KC2ThetaAboveLeaf0000220020__c1__c0__c1_6_00607.lean:10:8: The declaration 'e24KC2ThetaAboveLeaf0000220020__c1__c0__c1' contains '__', which does not follow the mathlib naming conventions. Consider using single underscores instead.

Note: This linter can be disabled with `set_option linter.style.nameCheck false`
ÔÜá [4278/4391] Replayed GerverSofa.KernelOnly.PartE.E24KC5Direct_e24KC2ThetaAboveLeaf0000220020__c1__c0__c2__c2_5_00621
warning: GerverSofa/KernelOnly/PartE/E24KC5Direct_e24KC2ThetaAboveLeaf0000220020__c1__c0__c2__c2_5_00621.lean:10:8: The declaration 'e24KC2ThetaAboveLeaf0000220020__c1__c0__c2__c2' contains '__', which does not follow the mathlib naming conventions. Consider using single underscores instead.

Note: This linter can be disabled with `set_option linter.style.nameCheck false`
ÔÜá [4279/4391] Replayed GerverSofa.KernelOnly.PartE.E24KC5Direct_e24KC2ThetaAboveLeaf0000220020__c1__c0__c2__c3_5_00622
warning: GerverSofa/KernelOnly/PartE/E24KC5Direct_e24KC2ThetaAboveLeaf0000220020__c1__c0__c2__c3_5_00622.lean:10:8: The declaration 'e24KC2ThetaAboveLeaf0000220020__c1__c0__c2__c3' contains '__', which does not follow the mathlib naming conventions. Consider using single underscores instead.

Note: This linter can be disabled with `set_option linter.style.nameCheck false`
ÔÜá [4280/4391] Replayed GerverSofa.KernelOnly.PartE.E24KC5Direct_e24KC2ThetaAboveLeaf0000220020__c1__c0__c2__c0__c0_4_00610
warning: GerverSofa/KernelOnly/PartE/E24KC5Direct_e24KC2ThetaAboveLeaf0000220020__c1__c0__c2__c0__c0_4_00610.lean:10:8: The declaration 'e24KC2ThetaAboveLeaf0000220020__c1__c0__c2__c0__c0' contains '__', which does not follow the mathlib naming conventions. Consider using single underscores instead.

Note: This linter can be disabled with `set_option linter.style.nameCheck false`
ÔÜá [4281/4391] Replayed GerverSofa.KernelOnly.PartE.E24KC5Direct_e24KC2ThetaAboveLeaf0000220020__c1__c0__c2__c0__c1_4_00611
warning: GerverSofa/KernelOnly/PartE/E24KC5Direct_e24KC2ThetaAboveLeaf0000220020__c1__c0__c2__c0__c1_4_00611.lean:10:8: The declaration 'e24KC2ThetaAboveLeaf0000220020__c1__c0__c2__c0__c1' contains '__', which does not follow the mathlib naming conventions. Consider using single underscores instead.

Note: This linter can be disabled with `set_option linter.style.nameCheck false`
ÔÜá [4282/4391] Replayed GerverSofa.KernelOnly.PartE.E24KC5Direct_e24KC2ThetaAboveLeaf0000220020__c1__c0__c2__c0__c2_4_00612
warning: GerverSofa/KernelOnly/PartE/E24KC5Direct_e24KC2ThetaAboveLeaf0000220020__c1__c0__c2__c0__c2_4_00612.lean:10:8: The declaration 'e24KC2ThetaAboveLeaf0000220020__c1__c0__c2__c0__c2' contains '__', which does not follow the mathlib naming conventions. Consider using single underscores instead.

Note: This linter can be disabled with `set_option linter.style.nameCheck false`
ÔÜá [4283/4391] Replayed GerverSofa.KernelOnly.PartE.E24KC5Direct_e24KC2ThetaAboveLeaf0000220020__c1__c0__c2__c0__c3_4_00613
warning: GerverSofa/KernelOnly/PartE/E24KC5Direct_e24KC2ThetaAboveLeaf0000220020__c1__c0__c2__c0__c3_4_00613.lean:10:8: The declaration 'e24KC2ThetaAboveLeaf0000220020__c1__c0__c2__c0__c3' contains '__', which does not follow the mathlib naming conventions. Consider using single underscores instead.

Note: This linter can be disabled with `set_option linter.style.nameCheck false`
ÔÜá [4284/4391] Replayed GerverSofa.KernelOnly.PartE.E24KC5Join_e24KC2ThetaAboveLeaf0000220020__c1__c0__c2__c0_5_00614
warning: GerverSofa/KernelOnly/PartE/E24KC5Join_e24KC2ThetaAboveLeaf0000220020__c1__c0__c2__c0_5_00614.lean:11:8: The declaration 'e24KC2ThetaAboveLeaf0000220020__c1__c0__c2__c0' contains '__', which does not follow the mathlib naming conventions. Consider using single underscores instead.

Note: This linter can be disabled with `set_option linter.style.nameCheck false`
ÔÜá [4285/4391] Replayed GerverSofa.KernelOnly.PartE.E24KC5Direct_e24KC2ThetaAboveLeaf0000220020__c1__c0__c2__c1__c0_4_00616
warning: GerverSofa/KernelOnly/PartE/E24KC5Direct_e24KC2ThetaAboveLeaf0000220020__c1__c0__c2__c1__c0_4_00616.lean:10:8: The declaration 'e24KC2ThetaAboveLeaf0000220020__c1__c0__c2__c1__c0' contains '__', which does not follow the mathlib naming conventions. Consider using single underscores instead.

Note: This linter can be disabled with `set_option linter.style.nameCheck false`
ÔÜá [4286/4391] Replayed GerverSofa.KernelOnly.PartE.E24KC5Direct_e24KC2ThetaAboveLeaf0000220020__c1__c0__c2__c1__c1_4_00617
warning: GerverSofa/KernelOnly/PartE/E24KC5Direct_e24KC2ThetaAboveLeaf0000220020__c1__c0__c2__c1__c1_4_00617.lean:10:8: The declaration 'e24KC2ThetaAboveLeaf0000220020__c1__c0__c2__c1__c1' contains '__', which does not follow the mathlib naming conventions. Consider using single underscores instead.

Note: This linter can be disabled with `set_option linter.style.nameCheck false`
ÔÜá [4287/4391] Replayed GerverSofa.KernelOnly.PartE.E24KC5Direct_e24KC2ThetaAboveLeaf0000220020__c1__c0__c2__c1__c2_4_00618
warning: GerverSofa/KernelOnly/PartE/E24KC5Direct_e24KC2ThetaAboveLeaf0000220020__c1__c0__c2__c1__c2_4_00618.lean:10:8: The declaration 'e24KC2ThetaAboveLeaf0000220020__c1__c0__c2__c1__c2' contains '__', which does not follow the mathlib naming conventions. Consider using single underscores instead.

Note: This linter can be disabled with `set_option linter.style.nameCheck false`
ÔÜá [4288/4391] Replayed GerverSofa.KernelOnly.PartE.E24KC5Direct_e24KC2ThetaAboveLeaf0000220020__c1__c0__c2__c1__c3_4_00619
warning: GerverSofa/KernelOnly/PartE/E24KC5Direct_e24KC2ThetaAboveLeaf0000220020__c1__c0__c2__c1__c3_4_00619.lean:10:8: The declaration 'e24KC2ThetaAboveLeaf0000220020__c1__c0__c2__c1__c3' contains '__', which does not follow the mathlib naming conventions. Consider using single underscores instead.

Note: This linter can be disabled with `set_option linter.style.nameCheck false`
ÔÜá [4289/4391] Replayed GerverSofa.KernelOnly.PartE.E24KC5Join_e24KC2ThetaAboveLeaf0000220020__c1__c0__c2__c1_5_00620
warning: GerverSofa/KernelOnly/PartE/E24KC5Join_e24KC2ThetaAboveLeaf0000220020__c1__c0__c2__c1_5_00620.lean:11:8: The declaration 'e24KC2ThetaAboveLeaf0000220020__c1__c0__c2__c1' contains '__', which does not follow the mathlib naming conventions. Consider using single underscores instead.

Note: This linter can be disabled with `set_option linter.style.nameCheck false`
ÔÜá [4290/4391] Replayed GerverSofa.KernelOnly.PartE.E24KC5Join_e24KC2ThetaAboveLeaf0000220020__c1__c0__c2_6_00623
warning: GerverSofa/KernelOnly/PartE/E24KC5Join_e24KC2ThetaAboveLeaf0000220020__c1__c0__c2_6_00623.lean:11:8: The declaration 'e24KC2ThetaAboveLeaf0000220020__c1__c0__c2' contains '__', which does not follow the mathlib naming conventions. Consider using single underscores instead.

Note: This linter can be disabled with `set_option linter.style.nameCheck false`
ÔÜá [4291/4391] Replayed GerverSofa.KernelOnly.PartE.E24KC5Direct_e24KC2ThetaAboveLeaf0000220020__c1__c0__c3__c2_5_00637
warning: GerverSofa/KernelOnly/PartE/E24KC5Direct_e24KC2ThetaAboveLeaf0000220020__c1__c0__c3__c2_5_00637.lean:10:8: The declaration 'e24KC2ThetaAboveLeaf0000220020__c1__c0__c3__c2' contains '__', which does not follow the mathlib naming conventions. Consider using single underscores instead.

Note: This linter can be disabled with `set_option linter.style.nameCheck false`
ÔÜá [4292/4391] Replayed GerverSofa.KernelOnly.PartE.E24KC5Direct_e24KC2ThetaAboveLeaf0000220020__c1__c0__c3__c3_5_00638
warning: GerverSofa/KernelOnly/PartE/E24KC5Direct_e24KC2ThetaAboveLeaf0000220020__c1__c0__c3__c3_5_00638.lean:10:8: The declaration 'e24KC2ThetaAboveLeaf0000220020__c1__c0__c3__c3' contains '__', which does not follow the mathlib naming conventions. Consider using single underscores instead.

Note: This linter can be disabled with `set_option linter.style.nameCheck false`
ÔÜá [4293/4391] Replayed GerverSofa.KernelOnly.PartE.E24KC5Direct_e24KC2ThetaAboveLeaf0000220020__c1__c0__c3__c0__c0_4_00626
warning: GerverSofa/KernelOnly/PartE/E24KC5Direct_e24KC2ThetaAboveLeaf0000220020__c1__c0__c3__c0__c0_4_00626.lean:10:8: The declaration 'e24KC2ThetaAboveLeaf0000220020__c1__c0__c3__c0__c0' contains '__', which does not follow the mathlib naming conventions. Consider using single underscores instead.

Note: This linter can be disabled with `set_option linter.style.nameCheck false`
ÔÜá [4294/4391] Replayed GerverSofa.KernelOnly.PartE.E24KC5Direct_e24KC2ThetaAboveLeaf0000220020__c1__c0__c3__c0__c1_4_00627
warning: GerverSofa/KernelOnly/PartE/E24KC5Direct_e24KC2ThetaAboveLeaf0000220020__c1__c0__c3__c0__c1_4_00627.lean:10:8: The declaration 'e24KC2ThetaAboveLeaf0000220020__c1__c0__c3__c0__c1' contains '__', which does not follow the mathlib naming conventions. Consider using single underscores instead.

Note: This linter can be disabled with `set_option linter.style.nameCheck false`
ÔÜá [4295/4391] Replayed GerverSofa.KernelOnly.PartE.E24KC5Direct_e24KC2ThetaAboveLeaf0000220020__c1__c0__c3__c0__c2_4_00628
warning: GerverSofa/KernelOnly/PartE/E24KC5Direct_e24KC2ThetaAboveLeaf0000220020__c1__c0__c3__c0__c2_4_00628.lean:10:8: The declaration 'e24KC2ThetaAboveLeaf0000220020__c1__c0__c3__c0__c2' contains '__', which does not follow the mathlib naming conventions. Consider using single underscores instead.

Note: This linter can be disabled with `set_option linter.style.nameCheck false`
ÔÜá [4296/4391] Replayed GerverSofa.KernelOnly.PartE.E24KC5Direct_e24KC2ThetaAboveLeaf0000220020__c1__c0__c3__c0__c3_4_00629
warning: GerverSofa/KernelOnly/PartE/E24KC5Direct_e24KC2ThetaAboveLeaf0000220020__c1__c0__c3__c0__c3_4_00629.lean:10:8: The declaration 'e24KC2ThetaAboveLeaf0000220020__c1__c0__c3__c0__c3' contains '__', which does not follow the mathlib naming conventions. Consider using single underscores instead.

Note: This linter can be disabled with `set_option linter.style.nameCheck false`
ÔÜá [4297/4391] Replayed GerverSofa.KernelOnly.PartE.E24KC5Join_e24KC2ThetaAboveLeaf0000220020__c1__c0__c3__c0_5_00630
warning: GerverSofa/KernelOnly/PartE/E24KC5Join_e24KC2ThetaAboveLeaf0000220020__c1__c0__c3__c0_5_00630.lean:11:8: The declaration 'e24KC2ThetaAboveLeaf0000220020__c1__c0__c3__c0' contains '__', which does not follow the mathlib naming conventions. Consider using single underscores instead.

Note: This linter can be disabled with `set_option linter.style.nameCheck false`
ÔÜá [4298/4391] Replayed GerverSofa.KernelOnly.PartE.E24KC5Direct_e24KC2ThetaAboveLeaf0000220020__c1__c0__c3__c1__c0_4_00632
warning: GerverSofa/KernelOnly/PartE/E24KC5Direct_e24KC2ThetaAboveLeaf0000220020__c1__c0__c3__c1__c0_4_00632.lean:10:8: The declaration 'e24KC2ThetaAboveLeaf0000220020__c1__c0__c3__c1__c0' contains '__', which does not follow the mathlib naming conventions. Consider using single underscores instead.

Note: This linter can be disabled with `set_option linter.style.nameCheck false`
ÔÜá [4299/4391] Replayed GerverSofa.KernelOnly.PartE.E24KC5Direct_e24KC2ThetaAboveLeaf0000220020__c1__c0__c3__c1__c1_4_00633
warning: GerverSofa/KernelOnly/PartE/E24KC5Direct_e24KC2ThetaAboveLeaf0000220020__c1__c0__c3__c1__c1_4_00633.lean:10:8: The declaration 'e24KC2ThetaAboveLeaf0000220020__c1__c0__c3__c1__c1' contains '__', which does not follow the mathlib naming conventions. Consider using single underscores instead.

Note: This linter can be disabled with `set_option linter.style.nameCheck false`
ÔÜá [4300/4391] Replayed GerverSofa.KernelOnly.PartE.E24KC5Direct_e24KC2ThetaAboveLeaf0000220020__c1__c0__c3__c1__c2_4_00634
warning: GerverSofa/KernelOnly/PartE/E24KC5Direct_e24KC2ThetaAboveLeaf0000220020__c1__c0__c3__c1__c2_4_00634.lean:10:8: The declaration 'e24KC2ThetaAboveLeaf0000220020__c1__c0__c3__c1__c2' contains '__', which does not follow the mathlib naming conventions. Consider using single underscores instead.

Note: This linter can be disabled with `set_option linter.style.nameCheck false`
ÔÜá [4301/4391] Replayed GerverSofa.KernelOnly.PartE.E24KC5Direct_e24KC2ThetaAboveLeaf0000220020__c1__c0__c3__c1__c3_4_00635
warning: GerverSofa/KernelOnly/PartE/E24KC5Direct_e24KC2ThetaAboveLeaf0000220020__c1__c0__c3__c1__c3_4_00635.lean:10:8: The declaration 'e24KC2ThetaAboveLeaf0000220020__c1__c0__c3__c1__c3' contains '__', which does not follow the mathlib naming conventions. Consider using single underscores instead.

Note: This linter can be disabled with `set_option linter.style.nameCheck false`
ÔÜá [4302/4391] Replayed GerverSofa.KernelOnly.PartE.E24KC5Join_e24KC2ThetaAboveLeaf0000220020__c1__c0__c3__c1_5_00636
warning: GerverSofa/KernelOnly/PartE/E24KC5Join_e24KC2ThetaAboveLeaf0000220020__c1__c0__c3__c1_5_00636.lean:11:8: The declaration 'e24KC2ThetaAboveLeaf0000220020__c1__c0__c3__c1' contains '__', which does not follow the mathlib naming conventions. Consider using single underscores instead.

Note: This linter can be disabled with `set_option linter.style.nameCheck false`
ÔÜá [4303/4391] Replayed GerverSofa.KernelOnly.PartE.E24KC5Join_e24KC2ThetaAboveLeaf0000220020__c1__c0__c3_6_00639
warning: GerverSofa/KernelOnly/PartE/E24KC5Join_e24KC2ThetaAboveLeaf0000220020__c1__c0__c3_6_00639.lean:11:8: The declaration 'e24KC2ThetaAboveLeaf0000220020__c1__c0__c3' contains '__', which does not follow the mathlib naming conventions. Consider using single underscores instead.

Note: This linter can be disabled with `set_option linter.style.nameCheck false`
ÔÜá [4304/4391] Replayed GerverSofa.KernelOnly.PartE.E24KC5Join_e24KC2ThetaAboveLeaf0000220020__c1__c0_7_00640
warning: GerverSofa/KernelOnly/PartE/E24KC5Join_e24KC2ThetaAboveLeaf0000220020__c1__c0_7_00640.lean:11:8: The declaration 'e24KC2ThetaAboveLeaf0000220020__c1__c0' contains '__', which does not follow the mathlib naming conventions. Consider using single underscores instead.

Note: This linter can be disabled with `set_option linter.style.nameCheck false`
ÔÜá [4305/4391] Replayed GerverSofa.KernelOnly.PartE.E24KC5Direct_e24KC2ThetaAboveLeaf0000220020__c1__c1__c0_6_00642
warning: GerverSofa/KernelOnly/PartE/E24KC5Direct_e24KC2ThetaAboveLeaf0000220020__c1__c1__c0_6_00642.lean:10:8: The declaration 'e24KC2ThetaAboveLeaf0000220020__c1__c1__c0' contains '__', which does not follow the mathlib naming conventions. Consider using single underscores instead.

Note: This linter can be disabled with `set_option linter.style.nameCheck false`
ÔÜá [4306/4391] Replayed GerverSofa.KernelOnly.PartE.E24KC5Direct_e24KC2ThetaAboveLeaf0000220020__c1__c1__c1_6_00643
warning: GerverSofa/KernelOnly/PartE/E24KC5Direct_e24KC2ThetaAboveLeaf0000220020__c1__c1__c1_6_00643.lean:10:8: The declaration 'e24KC2ThetaAboveLeaf0000220020__c1__c1__c1' contains '__', which does not follow the mathlib naming conventions. Consider using single underscores instead.

Note: This linter can be disabled with `set_option linter.style.nameCheck false`
ÔÜá [4307/4391] Replayed GerverSofa.KernelOnly.PartE.E24KC5Direct_e24KC2ThetaAboveLeaf0000220020__c1__c1__c2__c2_5_00657
warning: GerverSofa/KernelOnly/PartE/E24KC5Direct_e24KC2ThetaAboveLeaf0000220020__c1__c1__c2__c2_5_00657.lean:10:8: The declaration 'e24KC2ThetaAboveLeaf0000220020__c1__c1__c2__c2' contains '__', which does not follow the mathlib naming conventions. Consider using single underscores instead.

Note: This linter can be disabled with `set_option linter.style.nameCheck false`
ÔÜá [4308/4391] Replayed GerverSofa.KernelOnly.PartE.E24KC5Direct_e24KC2ThetaAboveLeaf0000220020__c1__c1__c2__c3_5_00658
warning: GerverSofa/KernelOnly/PartE/E24KC5Direct_e24KC2ThetaAboveLeaf0000220020__c1__c1__c2__c3_5_00658.lean:10:8: The declaration 'e24KC2ThetaAboveLeaf0000220020__c1__c1__c2__c3' contains '__', which does not follow the mathlib naming conventions. Consider using single underscores instead.

Note: This linter can be disabled with `set_option linter.style.nameCheck false`
ÔÜá [4309/4391] Replayed GerverSofa.KernelOnly.PartE.E24KC5Direct_e24KC2ThetaAboveLeaf0000220020__c1__c1__c2__c0__c0_4_00646
warning: GerverSofa/KernelOnly/PartE/E24KC5Direct_e24KC2ThetaAboveLeaf0000220020__c1__c1__c2__c0__c0_4_00646.lean:10:8: The declaration 'e24KC2ThetaAboveLeaf0000220020__c1__c1__c2__c0__c0' contains '__', which does not follow the mathlib naming conventions. Consider using single underscores instead.

Note: This linter can be disabled with `set_option linter.style.nameCheck false`
ÔÜá [4310/4391] Replayed GerverSofa.KernelOnly.PartE.E24KC5Direct_e24KC2ThetaAboveLeaf0000220020__c1__c1__c2__c0__c1_4_00647
warning: GerverSofa/KernelOnly/PartE/E24KC5Direct_e24KC2ThetaAboveLeaf0000220020__c1__c1__c2__c0__c1_4_00647.lean:10:8: The declaration 'e24KC2ThetaAboveLeaf0000220020__c1__c1__c2__c0__c1' contains '__', which does not follow the mathlib naming conventions. Consider using single underscores instead.

Note: This linter can be disabled with `set_option linter.style.nameCheck false`
ÔÜá [4311/4391] Replayed GerverSofa.KernelOnly.PartE.E24KC5Direct_e24KC2ThetaAboveLeaf0000220020__c1__c1__c2__c0__c2_4_00648
warning: GerverSofa/KernelOnly/PartE/E24KC5Direct_e24KC2ThetaAboveLeaf0000220020__c1__c1__c2__c0__c2_4_00648.lean:10:8: The declaration 'e24KC2ThetaAboveLeaf0000220020__c1__c1__c2__c0__c2' contains '__', which does not follow the mathlib naming conventions. Consider using single underscores instead.

Note: This linter can be disabled with `set_option linter.style.nameCheck false`
ÔÜá [4312/4391] Replayed GerverSofa.KernelOnly.PartE.E24KC5Direct_e24KC2ThetaAboveLeaf0000220020__c1__c1__c2__c0__c3_4_00649
warning: GerverSofa/KernelOnly/PartE/E24KC5Direct_e24KC2ThetaAboveLeaf0000220020__c1__c1__c2__c0__c3_4_00649.lean:10:8: The declaration 'e24KC2ThetaAboveLeaf0000220020__c1__c1__c2__c0__c3' contains '__', which does not follow the mathlib naming conventions. Consider using single underscores instead.

Note: This linter can be disabled with `set_option linter.style.nameCheck false`
ÔÜá [4313/4391] Replayed GerverSofa.KernelOnly.PartE.E24KC5Join_e24KC2ThetaAboveLeaf0000220020__c1__c1__c2__c0_5_00650
warning: GerverSofa/KernelOnly/PartE/E24KC5Join_e24KC2ThetaAboveLeaf0000220020__c1__c1__c2__c0_5_00650.lean:11:8: The declaration 'e24KC2ThetaAboveLeaf0000220020__c1__c1__c2__c0' contains '__', which does not follow the mathlib naming conventions. Consider using single underscores instead.

Note: This linter can be disabled with `set_option linter.style.nameCheck false`
ÔÜá [4314/4391] Replayed GerverSofa.KernelOnly.PartE.E24KC5Direct_e24KC2ThetaAboveLeaf0000220020__c1__c1__c2__c1__c0_4_00652
warning: GerverSofa/KernelOnly/PartE/E24KC5Direct_e24KC2ThetaAboveLeaf0000220020__c1__c1__c2__c1__c0_4_00652.lean:10:8: The declaration 'e24KC2ThetaAboveLeaf0000220020__c1__c1__c2__c1__c0' contains '__', which does not follow the mathlib naming conventions. Consider using single underscores instead.

Note: This linter can be disabled with `set_option linter.style.nameCheck false`
ÔÜá [4315/4391] Replayed GerverSofa.KernelOnly.PartE.E24KC5Direct_e24KC2ThetaAboveLeaf0000220020__c1__c1__c2__c1__c1_4_00653
warning: GerverSofa/KernelOnly/PartE/E24KC5Direct_e24KC2ThetaAboveLeaf0000220020__c1__c1__c2__c1__c1_4_00653.lean:10:8: The declaration 'e24KC2ThetaAboveLeaf0000220020__c1__c1__c2__c1__c1' contains '__', which does not follow the mathlib naming conventions. Consider using single underscores instead.

Note: This linter can be disabled with `set_option linter.style.nameCheck false`
ÔÜá [4316/4391] Replayed GerverSofa.KernelOnly.PartE.E24KC5Direct_e24KC2ThetaAboveLeaf0000220020__c1__c1__c2__c1__c2_4_00654
warning: GerverSofa/KernelOnly/PartE/E24KC5Direct_e24KC2ThetaAboveLeaf0000220020__c1__c1__c2__c1__c2_4_00654.lean:10:8: The declaration 'e24KC2ThetaAboveLeaf0000220020__c1__c1__c2__c1__c2' contains '__', which does not follow the mathlib naming conventions. Consider using single underscores instead.

Note: This linter can be disabled with `set_option linter.style.nameCheck false`
ÔÜá [4317/4391] Replayed GerverSofa.KernelOnly.PartE.E24KC5Direct_e24KC2ThetaAboveLeaf0000220020__c1__c1__c2__c1__c3_4_00655
warning: GerverSofa/KernelOnly/PartE/E24KC5Direct_e24KC2ThetaAboveLeaf0000220020__c1__c1__c2__c1__c3_4_00655.lean:10:8: The declaration 'e24KC2ThetaAboveLeaf0000220020__c1__c1__c2__c1__c3' contains '__', which does not follow the mathlib naming conventions. Consider using single underscores instead.

Note: This linter can be disabled with `set_option linter.style.nameCheck false`
ÔÜá [4318/4391] Replayed GerverSofa.KernelOnly.PartE.E24KC5Join_e24KC2ThetaAboveLeaf0000220020__c1__c1__c2__c1_5_00656
warning: GerverSofa/KernelOnly/PartE/E24KC5Join_e24KC2ThetaAboveLeaf0000220020__c1__c1__c2__c1_5_00656.lean:11:8: The declaration 'e24KC2ThetaAboveLeaf0000220020__c1__c1__c2__c1' contains '__', which does not follow the mathlib naming conventions. Consider using single underscores instead.

Note: This linter can be disabled with `set_option linter.style.nameCheck false`
ÔÜá [4319/4391] Replayed GerverSofa.KernelOnly.PartE.E24KC5Join_e24KC2ThetaAboveLeaf0000220020__c1__c1__c2_6_00659
warning: GerverSofa/KernelOnly/PartE/E24KC5Join_e24KC2ThetaAboveLeaf0000220020__c1__c1__c2_6_00659.lean:11:8: The declaration 'e24KC2ThetaAboveLeaf0000220020__c1__c1__c2' contains '__', which does not follow the mathlib naming conventions. Consider using single underscores instead.

Note: This linter can be disabled with `set_option linter.style.nameCheck false`
ÔÜá [4320/4391] Replayed GerverSofa.KernelOnly.PartE.E24KC5Direct_e24KC2ThetaAboveLeaf0000220020__c1__c1__c3__c2_5_00024
warning: GerverSofa/KernelOnly/PartE/E24KC5Direct_e24KC2ThetaAboveLeaf0000220020__c1__c1__c3__c2_5_00024.lean:10:8: The declaration 'e24KC2ThetaAboveLeaf0000220020__c1__c1__c3__c2' contains '__', which does not follow the mathlib naming conventions. Consider using single underscores instead.

Note: This linter can be disabled with `set_option linter.style.nameCheck false`
ÔÜá [4321/4391] Replayed GerverSofa.KernelOnly.PartE.E24KC5Direct_e24KC2ThetaAboveLeaf0000220020__c1__c1__c3__c3_5_00025
warning: GerverSofa/KernelOnly/PartE/E24KC5Direct_e24KC2ThetaAboveLeaf0000220020__c1__c1__c3__c3_5_00025.lean:10:8: The declaration 'e24KC2ThetaAboveLeaf0000220020__c1__c1__c3__c3' contains '__', which does not follow the mathlib naming conventions. Consider using single underscores instead.

Note: This linter can be disabled with `set_option linter.style.nameCheck false`
ÔÜá [4322/4391] Replayed GerverSofa.KernelOnly.PartE.E24KC5Direct_e24KC2ThetaAboveLeaf0000220020__c1__c1__c3__c0__c0_4_00662
warning: GerverSofa/KernelOnly/PartE/E24KC5Direct_e24KC2ThetaAboveLeaf0000220020__c1__c1__c3__c0__c0_4_00662.lean:10:8: The declaration 'e24KC2ThetaAboveLeaf0000220020__c1__c1__c3__c0__c0' contains '__', which does not follow the mathlib naming conventions. Consider using single underscores instead.

Note: This linter can be disabled with `set_option linter.style.nameCheck false`
ÔÜá [4323/4391] Replayed GerverSofa.KernelOnly.PartE.E24KC5Direct_e24KC2ThetaAboveLeaf0000220020__c1__c1__c3__c0__c1_4_00663
warning: GerverSofa/KernelOnly/PartE/E24KC5Direct_e24KC2ThetaAboveLeaf0000220020__c1__c1__c3__c0__c1_4_00663.lean:10:8: The declaration 'e24KC2ThetaAboveLeaf0000220020__c1__c1__c3__c0__c1' contains '__', which does not follow the mathlib naming conventions. Consider using single underscores instead.

Note: This linter can be disabled with `set_option linter.style.nameCheck false`
ÔÜá [4324/4391] Replayed GerverSofa.KernelOnly.PartE.E24KC5Direct_e24KC2ThetaAboveLeaf0000220020__c1__c1__c3__c0__c2_4_00664
warning: GerverSofa/KernelOnly/PartE/E24KC5Direct_e24KC2ThetaAboveLeaf0000220020__c1__c1__c3__c0__c2_4_00664.lean:10:8: The declaration 'e24KC2ThetaAboveLeaf0000220020__c1__c1__c3__c0__c2' contains '__', which does not follow the mathlib naming conventions. Consider using single underscores instead.

Note: This linter can be disabled with `set_option linter.style.nameCheck false`
ÔÜá [4325/4391] Replayed GerverSofa.KernelOnly.PartE.E24KC5Direct_e24KC2ThetaAboveLeaf0000220020__c1__c1__c3__c0__c3_4_00665
warning: GerverSofa/KernelOnly/PartE/E24KC5Direct_e24KC2ThetaAboveLeaf0000220020__c1__c1__c3__c0__c3_4_00665.lean:10:8: The declaration 'e24KC2ThetaAboveLeaf0000220020__c1__c1__c3__c0__c3' contains '__', which does not follow the mathlib naming conventions. Consider using single underscores instead.

Note: This linter can be disabled with `set_option linter.style.nameCheck false`
ÔÜá [4326/4391] Replayed GerverSofa.KernelOnly.PartE.E24KC5Join_e24KC2ThetaAboveLeaf0000220020__c1__c1__c3__c0_5_00666
warning: GerverSofa/KernelOnly/PartE/E24KC5Join_e24KC2ThetaAboveLeaf0000220020__c1__c1__c3__c0_5_00666.lean:11:8: The declaration 'e24KC2ThetaAboveLeaf0000220020__c1__c1__c3__c0' contains '__', which does not follow the mathlib naming conventions. Consider using single underscores instead.

Note: This linter can be disabled with `set_option linter.style.nameCheck false`
ÔÜá [4327/4391] Replayed GerverSofa.KernelOnly.PartE.E24KC5Direct_e24KC2ThetaAboveLeaf0000220020__c1__c1__c3__c1__c0_4_00009
warning: GerverSofa/KernelOnly/PartE/E24KC5Direct_e24KC2ThetaAboveLeaf0000220020__c1__c1__c3__c1__c0_4_00009.lean:10:8: The declaration 'e24KC2ThetaAboveLeaf0000220020__c1__c1__c3__c1__c0' contains '__', which does not follow the mathlib naming conventions. Consider using single underscores instead.

Note: This linter can be disabled with `set_option linter.style.nameCheck false`
ÔÜá [4328/4391] Replayed GerverSofa.KernelOnly.PartE.E24KC5Direct_e24KC2ThetaAboveLeaf0000220020__c1__c1__c3__c1__c1_4_00010
warning: GerverSofa/KernelOnly/PartE/E24KC5Direct_e24KC2ThetaAboveLeaf0000220020__c1__c1__c3__c1__c1_4_00010.lean:10:8: The declaration 'e24KC2ThetaAboveLeaf0000220020__c1__c1__c3__c1__c1' contains '__', which does not follow the mathlib naming conventions. Consider using single underscores instead.

Note: This linter can be disabled with `set_option linter.style.nameCheck false`
ÔÜá [4329/4391] Replayed GerverSofa.KernelOnly.PartE.E24KC5Direct_e24KC2ThetaAboveLeaf0000220020__c1__c1__c3__c1__c2__c0_3_00012
warning: GerverSofa/KernelOnly/PartE/E24KC5Direct_e24KC2ThetaAboveLeaf0000220020__c1__c1__c3__c1__c2__c0_3_00012.lean:10:8: The declaration 'e24KC2ThetaAboveLeaf0000220020__c1__c1__c3__c1__c2__c0' contains '__', which does not follow the mathlib naming conventions. Consider using single underscores instead.

Note: This linter can be disabled with `set_option linter.style.nameCheck false`
ÔÜá [4330/4391] Replayed GerverSofa.KernelOnly.PartE.E24KC5Direct_e24KC2ThetaAboveLeaf0000220020__c1__c1__c3__c1__c2__c1_3_00013
warning: GerverSofa/KernelOnly/PartE/E24KC5Direct_e24KC2ThetaAboveLeaf0000220020__c1__c1__c3__c1__c2__c1_3_00013.lean:10:8: The declaration 'e24KC2ThetaAboveLeaf0000220020__c1__c1__c3__c1__c2__c1' contains '__', which does not follow the mathlib naming conventions. Consider using single underscores instead.

Note: This linter can be disabled with `set_option linter.style.nameCheck false`
ÔÜá [4331/4391] Replayed GerverSofa.KernelOnly.PartE.E24KC5Direct_e24KC2ThetaAboveLeaf0000220020__c1__c1__c3__c1__c2__c2_3_00014
warning: GerverSofa/KernelOnly/PartE/E24KC5Direct_e24KC2ThetaAboveLeaf0000220020__c1__c1__c3__c1__c2__c2_3_00014.lean:10:8: The declaration 'e24KC2ThetaAboveLeaf0000220020__c1__c1__c3__c1__c2__c2' contains '__', which does not follow the mathlib naming conventions. Consider using single underscores instead.

Note: This linter can be disabled with `set_option linter.style.nameCheck false`
ÔÜá [4332/4391] Replayed GerverSofa.KernelOnly.PartE.E24KC5Direct_e24KC2ThetaAboveLeaf0000220020__c1__c1__c3__c1__c2__c3_3_00015
warning: GerverSofa/KernelOnly/PartE/E24KC5Direct_e24KC2ThetaAboveLeaf0000220020__c1__c1__c3__c1__c2__c3_3_00015.lean:10:8: The declaration 'e24KC2ThetaAboveLeaf0000220020__c1__c1__c3__c1__c2__c3' contains '__', which does not follow the mathlib naming conventions. Consider using single underscores instead.

Note: This linter can be disabled with `set_option linter.style.nameCheck false`
ÔÜá [4333/4391] Replayed GerverSofa.KernelOnly.PartE.E24KC5Join_e24KC2ThetaAboveLeaf0000220020__c1__c1__c3__c1__c2_4_00016
warning: GerverSofa/KernelOnly/PartE/E24KC5Join_e24KC2ThetaAboveLeaf0000220020__c1__c1__c3__c1__c2_4_00016.lean:11:8: The declaration 'e24KC2ThetaAboveLeaf0000220020__c1__c1__c3__c1__c2' contains '__', which does not follow the mathlib naming conventions. Consider using single underscores instead.

Note: This linter can be disabled with `set_option linter.style.nameCheck false`
ÔÜá [4334/4391] Replayed GerverSofa.KernelOnly.PartE.E24KC5Direct_e24KC2ThetaAboveLeaf0000220020__c1__c1__c3__c1__c3__c0_3_00018
warning: GerverSofa/KernelOnly/PartE/E24KC5Direct_e24KC2ThetaAboveLeaf0000220020__c1__c1__c3__c1__c3__c0_3_00018.lean:10:8: The declaration 'e24KC2ThetaAboveLeaf0000220020__c1__c1__c3__c1__c3__c0' contains '__', which does not follow the mathlib naming conventions. Consider using single underscores instead.

Note: This linter can be disabled with `set_option linter.style.nameCheck false`
ÔÜá [4335/4391] Replayed GerverSofa.KernelOnly.PartE.E24KC5Direct_e24KC2ThetaAboveLeaf0000220020__c1__c1__c3__c1__c3__c1_3_00019
warning: GerverSofa/KernelOnly/PartE/E24KC5Direct_e24KC2ThetaAboveLeaf0000220020__c1__c1__c3__c1__c3__c1_3_00019.lean:10:8: The declaration 'e24KC2ThetaAboveLeaf0000220020__c1__c1__c3__c1__c3__c1' contains '__', which does not follow the mathlib naming conventions. Consider using single underscores instead.

Note: This linter can be disabled with `set_option linter.style.nameCheck false`
ÔÜá [4336/4391] Replayed GerverSofa.KernelOnly.PartE.E24KC5Direct_e24KC2ThetaAboveLeaf0000220020__c1__c1__c3__c1__c3__c2_3_00020
warning: GerverSofa/KernelOnly/PartE/E24KC5Direct_e24KC2ThetaAboveLeaf0000220020__c1__c1__c3__c1__c3__c2_3_00020.lean:10:8: The declaration 'e24KC2ThetaAboveLeaf0000220020__c1__c1__c3__c1__c3__c2' contains '__', which does not follow the mathlib naming conventions. Consider using single underscores instead.

Note: This linter can be disabled with `set_option linter.style.nameCheck false`
ÔÜá [4337/4391] Replayed GerverSofa.KernelOnly.PartE.E24KC5Direct_e24KC2ThetaAboveLeaf0000220020__c1__c1__c3__c1__c3__c3_3_00021
warning: GerverSofa/KernelOnly/PartE/E24KC5Direct_e24KC2ThetaAboveLeaf0000220020__c1__c1__c3__c1__c3__c3_3_00021.lean:10:8: The declaration 'e24KC2ThetaAboveLeaf0000220020__c1__c1__c3__c1__c3__c3' contains '__', which does not follow the mathlib naming conventions. Consider using single underscores instead.

Note: This linter can be disabled with `set_option linter.style.nameCheck false`
ÔÜá [4338/4391] Replayed GerverSofa.KernelOnly.PartE.E24KC5Join_e24KC2ThetaAboveLeaf0000220020__c1__c1__c3__c1__c3_4_00022
warning: GerverSofa/KernelOnly/PartE/E24KC5Join_e24KC2ThetaAboveLeaf0000220020__c1__c1__c3__c1__c3_4_00022.lean:11:8: The declaration 'e24KC2ThetaAboveLeaf0000220020__c1__c1__c3__c1__c3' contains '__', which does not follow the mathlib naming conventions. Consider using single underscores instead.

Note: This linter can be disabled with `set_option linter.style.nameCheck false`
ÔÜá [4339/4391] Replayed GerverSofa.KernelOnly.PartE.E24KC5Join_e24KC2ThetaAboveLeaf0000220020__c1__c1__c3__c1_5_00023
warning: GerverSofa/KernelOnly/PartE/E24KC5Join_e24KC2ThetaAboveLeaf0000220020__c1__c1__c3__c1_5_00023.lean:11:8: The declaration 'e24KC2ThetaAboveLeaf0000220020__c1__c1__c3__c1' contains '__', which does not follow the mathlib naming conventions. Consider using single underscores instead.

Note: This linter can be disabled with `set_option linter.style.nameCheck false`
ÔÜá [4340/4391] Replayed GerverSofa.KernelOnly.PartE.E24KC5Join_e24KC2ThetaAboveLeaf0000220020__c1__c1__c3_6_00026
warning: GerverSofa/KernelOnly/PartE/E24KC5Join_e24KC2ThetaAboveLeaf0000220020__c1__c1__c3_6_00026.lean:11:8: The declaration 'e24KC2ThetaAboveLeaf0000220020__c1__c1__c3' contains '__', which does not follow the mathlib naming conventions. Consider using single underscores instead.

Note: This linter can be disabled with `set_option linter.style.nameCheck false`
ÔÜá [4341/4391] Replayed GerverSofa.KernelOnly.PartE.E24KC5Join_e24KC2ThetaAboveLeaf0000220020__c1__c1_7_00027
warning: GerverSofa/KernelOnly/PartE/E24KC5Join_e24KC2ThetaAboveLeaf0000220020__c1__c1_7_00027.lean:11:8: The declaration 'e24KC2ThetaAboveLeaf0000220020__c1__c1' contains '__', which does not follow the mathlib naming conventions. Consider using single underscores instead.

Note: This linter can be disabled with `set_option linter.style.nameCheck false`
ÔÜá [4348/4391] Replayed GerverSofa.KernelOnly.PartE.E24KC6R4Subtree_1df7325990c509b9
warning: GerverSofa/KernelOnly/PartE/E24KC6R4Subtree_1df7325990c509b9.lean:11:8: The declaration 'e24KC2ThetaAboveLeaf0000220021__c0__c1__c2__c1' contains '__', which does not follow the mathlib naming conventions. Consider using single underscores instead.

Note: This linter can be disabled with `set_option linter.style.nameCheck false`
ÔÜá [4349/4391] Replayed GerverSofa.KernelOnly.PartE.E24KC6R4Subtree_291bec528ce09a45
warning: GerverSofa/KernelOnly/PartE/E24KC6R4Subtree_291bec528ce09a45.lean:11:8: The declaration 'e24KC2ThetaAboveLeaf0000220021__c0__c1__c2__c3' contains '__', which does not follow the mathlib naming conventions. Consider using single underscores instead.

Note: This linter can be disabled with `set_option linter.style.nameCheck false`
ÔÜá [4350/4391] Replayed GerverSofa.KernelOnly.PartE.E24KC6R4Subtree_7a80e3dfcc4f34f3
warning: GerverSofa/KernelOnly/PartE/E24KC6R4Subtree_7a80e3dfcc4f34f3.lean:11:8: The declaration 'e24KC2ThetaAboveLeaf0000220021__c0__c1__c2__c2' contains '__', which does not follow the mathlib naming conventions. Consider using single underscores instead.

Note: This linter can be disabled with `set_option linter.style.nameCheck false`
ÔÜá [4351/4391] Replayed GerverSofa.KernelOnly.PartE.E24KC6R4Subtree_ec06b97bc924fb9a
warning: GerverSofa/KernelOnly/PartE/E24KC6R4Subtree_ec06b97bc924fb9a.lean:11:8: The declaration 'e24KC2ThetaAboveLeaf0000220021__c0__c1__c2__c0' contains '__', which does not follow the mathlib naming conventions. Consider using single underscores instead.

Note: This linter can be disabled with `set_option linter.style.nameCheck false`
ÔÜá [4352/4391] Replayed GerverSofa.KernelOnly.PartE.E24KC6R4Join_62d0e072891eacfc
warning: GerverSofa/KernelOnly/PartE/E24KC6R4Join_62d0e072891eacfc.lean:12:8: The declaration 'e24KC2ThetaAboveLeaf0000220021__c0__c1__c2' contains '__', which does not follow the mathlib naming conventions. Consider using single underscores instead.

Note: This linter can be disabled with `set_option linter.style.nameCheck false`
ÔÜá [4353/4391] Replayed GerverSofa.KernelOnly.PartE.E24KC6R4Subtree_1952c351f5a890d0
warning: GerverSofa/KernelOnly/PartE/E24KC6R4Subtree_1952c351f5a890d0.lean:11:8: The declaration 'e24KC2ThetaAboveLeaf0000220021__c0__c1__c3' contains '__', which does not follow the mathlib naming conventions. Consider using single underscores instead.

Note: This linter can be disabled with `set_option linter.style.nameCheck false`
ÔÜá [4354/4391] Replayed GerverSofa.KernelOnly.PartE.E24KC6R4Subtree_23aa11edc1c0beab
warning: GerverSofa/KernelOnly/PartE/E24KC6R4Subtree_23aa11edc1c0beab.lean:11:8: The declaration 'e24KC2ThetaAboveLeaf0000220021__c0__c1__c1' contains '__', which does not follow the mathlib naming conventions. Consider using single underscores instead.

Note: This linter can be disabled with `set_option linter.style.nameCheck false`
ÔÜá [4355/4391] Replayed GerverSofa.KernelOnly.PartE.E24KC6R4Subtree_e3bcfcc291fdb5b4
warning: GerverSofa/KernelOnly/PartE/E24KC6R4Subtree_e3bcfcc291fdb5b4.lean:11:8: The declaration 'e24KC2ThetaAboveLeaf0000220021__c0__c1__c0' contains '__', which does not follow the mathlib naming conventions. Consider using single underscores instead.

Note: This linter can be disabled with `set_option linter.style.nameCheck false`
ÔÜá [4356/4391] Replayed GerverSofa.KernelOnly.PartE.E24KC6R4Join_45f1be0097db6fa8
warning: GerverSofa/KernelOnly/PartE/E24KC6R4Join_45f1be0097db6fa8.lean:12:8: The declaration 'e24KC2ThetaAboveLeaf0000220021__c0__c1' contains '__', which does not follow the mathlib naming conventions. Consider using single underscores instead.

Note: This linter can be disabled with `set_option linter.style.nameCheck false`
ÔÜá [4357/4391] Replayed GerverSofa.KernelOnly.PartE.E24KC6R4Subtree_001eda2c378d570b
warning: GerverSofa/KernelOnly/PartE/E24KC6R4Subtree_001eda2c378d570b.lean:11:8: The declaration 'e24KC2ThetaAboveLeaf0000220021__c0__c0__c3__c3' contains '__', which does not follow the mathlib naming conventions. Consider using single underscores instead.

Note: This linter can be disabled with `set_option linter.style.nameCheck false`
ÔÜá [4358/4391] Replayed GerverSofa.KernelOnly.PartE.E24KC6R4Subtree_84bebec26b36007b
warning: GerverSofa/KernelOnly/PartE/E24KC6R4Subtree_84bebec26b36007b.lean:11:8: The declaration 'e24KC2ThetaAboveLeaf0000220021__c0__c0__c3__c0' contains '__', which does not follow the mathlib naming conventions. Consider using single underscores instead.

Note: This linter can be disabled with `set_option linter.style.nameCheck false`
ÔÜá [4359/4391] Replayed GerverSofa.KernelOnly.PartE.E24KC6R4Subtree_88f80fd4db374a2d
warning: GerverSofa/KernelOnly/PartE/E24KC6R4Subtree_88f80fd4db374a2d.lean:11:8: The declaration 'e24KC2ThetaAboveLeaf0000220021__c0__c0__c3__c2' contains '__', which does not follow the mathlib naming conventions. Consider using single underscores instead.

Note: This linter can be disabled with `set_option linter.style.nameCheck false`
ÔÜá [4360/4391] Replayed GerverSofa.KernelOnly.PartE.E24KC6R4Subtree_a095c7ff4c6ad6b6
warning: GerverSofa/KernelOnly/PartE/E24KC6R4Subtree_a095c7ff4c6ad6b6.lean:11:8: The declaration 'e24KC2ThetaAboveLeaf0000220021__c0__c0__c3__c1' contains '__', which does not follow the mathlib naming conventions. Consider using single underscores instead.

Note: This linter can be disabled with `set_option linter.style.nameCheck false`
ÔÜá [4361/4391] Replayed GerverSofa.KernelOnly.PartE.E24KC6R4Join_32513267a6450294
warning: GerverSofa/KernelOnly/PartE/E24KC6R4Join_32513267a6450294.lean:12:8: The declaration 'e24KC2ThetaAboveLeaf0000220021__c0__c0__c3' contains '__', which does not follow the mathlib naming conventions. Consider using single underscores instead.

Note: This linter can be disabled with `set_option linter.style.nameCheck false`
ÔÜá [4362/4391] Replayed GerverSofa.KernelOnly.PartE.E24KC6R4Subtree_3bdce31885f964fb
warning: GerverSofa/KernelOnly/PartE/E24KC6R4Subtree_3bdce31885f964fb.lean:11:8: The declaration 'e24KC2ThetaAboveLeaf0000220021__c0__c0__c2__c3' contains '__', which does not follow the mathlib naming conventions. Consider using single underscores instead.

Note: This linter can be disabled with `set_option linter.style.nameCheck false`
ÔÜá [4363/4391] Replayed GerverSofa.KernelOnly.PartE.E24KC6R4Subtree_7a9ec2fb66ec8862
warning: GerverSofa/KernelOnly/PartE/E24KC6R4Subtree_7a9ec2fb66ec8862.lean:11:8: The declaration 'e24KC2ThetaAboveLeaf0000220021__c0__c0__c2__c2' contains '__', which does not follow the mathlib naming conventions. Consider using single underscores instead.

Note: This linter can be disabled with `set_option linter.style.nameCheck false`
ÔÜá [4364/4391] Replayed GerverSofa.KernelOnly.PartE.E24KC6R4Subtree_d658abc468986ad2
warning: GerverSofa/KernelOnly/PartE/E24KC6R4Subtree_d658abc468986ad2.lean:11:8: The declaration 'e24KC2ThetaAboveLeaf0000220021__c0__c0__c2__c0' contains '__', which does not follow the mathlib naming conventions. Consider using single underscores instead.

Note: This linter can be disabled with `set_option linter.style.nameCheck false`
ÔÜá [4365/4391] Replayed GerverSofa.KernelOnly.PartE.E24KC6R4Subtree_edd4c8d57c5a9ded
warning: GerverSofa/KernelOnly/PartE/E24KC6R4Subtree_edd4c8d57c5a9ded.lean:11:8: The declaration 'e24KC2ThetaAboveLeaf0000220021__c0__c0__c2__c1' contains '__', which does not follow the mathlib naming conventions. Consider using single underscores instead.

Note: This linter can be disabled with `set_option linter.style.nameCheck false`
ÔÜá [4366/4391] Replayed GerverSofa.KernelOnly.PartE.E24KC6R4Join_96d3935117f8c848
warning: GerverSofa/KernelOnly/PartE/E24KC6R4Join_96d3935117f8c848.lean:12:8: The declaration 'e24KC2ThetaAboveLeaf0000220021__c0__c0__c2' contains '__', which does not follow the mathlib naming conventions. Consider using single underscores instead.

Note: This linter can be disabled with `set_option linter.style.nameCheck false`
ÔÜá [4367/4391] Replayed GerverSofa.KernelOnly.PartE.E24KC6R4Subtree_8e967390514267d6
warning: GerverSofa/KernelOnly/PartE/E24KC6R4Subtree_8e967390514267d6.lean:11:8: The declaration 'e24KC2ThetaAboveLeaf0000220021__c0__c0__c1' contains '__', which does not follow the mathlib naming conventions. Consider using single underscores instead.

Note: This linter can be disabled with `set_option linter.style.nameCheck false`
ÔÜá [4368/4391] Replayed GerverSofa.KernelOnly.PartE.E24KC6R4Subtree_924080aa784e817a
warning: GerverSofa/KernelOnly/PartE/E24KC6R4Subtree_924080aa784e817a.lean:11:8: The declaration 'e24KC2ThetaAboveLeaf0000220021__c0__c0__c0' contains '__', which does not follow the mathlib naming conventions. Consider using single underscores instead.

Note: This linter can be disabled with `set_option linter.style.nameCheck false`
ÔÜá [4369/4391] Replayed GerverSofa.KernelOnly.PartE.E24KC6R4Join_7c9f3e2241f40b54
warning: GerverSofa/KernelOnly/PartE/E24KC6R4Join_7c9f3e2241f40b54.lean:12:8: The declaration 'e24KC2ThetaAboveLeaf0000220021__c0__c0' contains '__', which does not follow the mathlib naming conventions. Consider using single underscores instead.

Note: This linter can be disabled with `set_option linter.style.nameCheck false`
ÔÜá [4370/4391] Replayed GerverSofa.KernelOnly.PartE.E24KC6R4Subtree_9eb1f025174c3177
warning: GerverSofa/KernelOnly/PartE/E24KC6R4Subtree_9eb1f025174c3177.lean:11:8: The declaration 'e24KC2ThetaAboveLeaf0000220021__c0__c3' contains '__', which does not follow the mathlib naming conventions. Consider using single underscores instead.

Note: This linter can be disabled with `set_option linter.style.nameCheck false`
ÔÜá [4371/4391] Replayed GerverSofa.KernelOnly.PartE.E24KC6R4Subtree_e5b6fc380e82e47e
warning: GerverSofa/KernelOnly/PartE/E24KC6R4Subtree_e5b6fc380e82e47e.lean:11:8: The declaration 'e24KC2ThetaAboveLeaf0000220021__c0__c2' contains '__', which does not follow the mathlib naming conventions. Consider using single underscores instead.

Note: This linter can be disabled with `set_option linter.style.nameCheck false`
ÔÜá [4372/4391] Replayed GerverSofa.KernelOnly.PartE.E24KC6R4Join_489f93824ca49e04
warning: GerverSofa/KernelOnly/PartE/E24KC6R4Join_489f93824ca49e04.lean:12:8: The declaration 'e24KC2ThetaAboveLeaf0000220021__c0' contains '__', which does not follow the mathlib naming conventions. Consider using single underscores instead.

Note: This linter can be disabled with `set_option linter.style.nameCheck false`
ÔÜá [4373/4391] Replayed GerverSofa.KernelOnly.PartE.E24KC6R4Subtree_1ec47ff132608c89
warning: GerverSofa/KernelOnly/PartE/E24KC6R4Subtree_1ec47ff132608c89.lean:11:8: The declaration 'e24KC2ThetaAboveLeaf0000220021__c1__c1__c2' contains '__', which does not follow the mathlib naming conventions. Consider using single underscores instead.

Note: This linter can be disabled with `set_option linter.style.nameCheck false`
ÔÜá [4374/4391] Replayed GerverSofa.KernelOnly.PartE.E24KC6R4Subtree_60cca7d0a876716e
warning: GerverSofa/KernelOnly/PartE/E24KC6R4Subtree_60cca7d0a876716e.lean:11:8: The declaration 'e24KC2ThetaAboveLeaf0000220021__c1__c1__c1' contains '__', which does not follow the mathlib naming conventions. Consider using single underscores instead.

Note: This linter can be disabled with `set_option linter.style.nameCheck false`
ÔÜá [4375/4391] Replayed GerverSofa.KernelOnly.PartE.E24KC6R4Subtree_a80f1d406f4d338d
warning: GerverSofa/KernelOnly/PartE/E24KC6R4Subtree_a80f1d406f4d338d.lean:11:8: The declaration 'e24KC2ThetaAboveLeaf0000220021__c1__c1__c3' contains '__', which does not follow the mathlib naming conventions. Consider using single underscores instead.

Note: This linter can be disabled with `set_option linter.style.nameCheck false`
ÔÜá [4376/4391] Replayed GerverSofa.KernelOnly.PartE.E24KC6R4Subtree_c309c137435a4a8a
warning: GerverSofa/KernelOnly/PartE/E24KC6R4Subtree_c309c137435a4a8a.lean:11:8: The declaration 'e24KC2ThetaAboveLeaf0000220021__c1__c1__c0' contains '__', which does not follow the mathlib naming conventions. Consider using single underscores instead.

Note: This linter can be disabled with `set_option linter.style.nameCheck false`
ÔÜá [4377/4391] Replayed GerverSofa.KernelOnly.PartE.E24KC6R4Join_1c93c00761c21de7
warning: GerverSofa/KernelOnly/PartE/E24KC6R4Join_1c93c00761c21de7.lean:12:8: The declaration 'e24KC2ThetaAboveLeaf0000220021__c1__c1' contains '__', which does not follow the mathlib naming conventions. Consider using single underscores instead.

Note: This linter can be disabled with `set_option linter.style.nameCheck false`
ÔÜá [4378/4391] Replayed GerverSofa.KernelOnly.PartE.E24KC6R4Subtree_35d8a6b024243cfb
warning: GerverSofa/KernelOnly/PartE/E24KC6R4Subtree_35d8a6b024243cfb.lean:11:8: The declaration 'e24KC2ThetaAboveLeaf0000220021__c1__c0__c3' contains '__', which does not follow the mathlib naming conventions. Consider using single underscores instead.

Note: This linter can be disabled with `set_option linter.style.nameCheck false`
ÔÜá [4379/4391] Replayed GerverSofa.KernelOnly.PartE.E24KC6R4Subtree_403b497f85c69738
warning: GerverSofa/KernelOnly/PartE/E24KC6R4Subtree_403b497f85c69738.lean:11:8: The declaration 'e24KC2ThetaAboveLeaf0000220021__c1__c0__c1' contains '__', which does not follow the mathlib naming conventions. Consider using single underscores instead.

Note: This linter can be disabled with `set_option linter.style.nameCheck false`
ÔÜá [4380/4391] Replayed GerverSofa.KernelOnly.PartE.E24KC6R4Subtree_6ec7ee50125cb2b8
warning: GerverSofa/KernelOnly/PartE/E24KC6R4Subtree_6ec7ee50125cb2b8.lean:11:8: The declaration 'e24KC2ThetaAboveLeaf0000220021__c1__c0__c0' contains '__', which does not follow the mathlib naming conventions. Consider using single underscores instead.

Note: This linter can be disabled with `set_option linter.style.nameCheck false`
ÔÜá [4381/4391] Replayed GerverSofa.KernelOnly.PartE.E24KC6R4Subtree_f8d6ff3220b818df
warning: GerverSofa/KernelOnly/PartE/E24KC6R4Subtree_f8d6ff3220b818df.lean:11:8: The declaration 'e24KC2ThetaAboveLeaf0000220021__c1__c0__c2' contains '__', which does not follow the mathlib naming conventions. Consider using single underscores instead.

Note: This linter can be disabled with `set_option linter.style.nameCheck false`
ÔÜá [4382/4391] Replayed GerverSofa.KernelOnly.PartE.E24KC6R4Join_b118d49025de8b76
warning: GerverSofa/KernelOnly/PartE/E24KC6R4Join_b118d49025de8b76.lean:12:8: The declaration 'e24KC2ThetaAboveLeaf0000220021__c1__c0' contains '__', which does not follow the mathlib naming conventions. Consider using single underscores instead.

Note: This linter can be disabled with `set_option linter.style.nameCheck false`
ÔÜá [4383/4391] Replayed GerverSofa.KernelOnly.PartE.E24KC6R4Subtree_879f3ccc81ca9b24
warning: GerverSofa/KernelOnly/PartE/E24KC6R4Subtree_879f3ccc81ca9b24.lean:11:8: The declaration 'e24KC2ThetaAboveLeaf0000220021__c1__c2' contains '__', which does not follow the mathlib naming conventions. Consider using single underscores instead.

Note: This linter can be disabled with `set_option linter.style.nameCheck false`
ÔÜá [4384/4391] Replayed GerverSofa.KernelOnly.PartE.E24KC6R4Subtree_aea2c9f5ded50576
warning: GerverSofa/KernelOnly/PartE/E24KC6R4Subtree_aea2c9f5ded50576.lean:11:8: The declaration 'e24KC2ThetaAboveLeaf0000220021__c1__c3' contains '__', which does not follow the mathlib naming conventions. Consider using single underscores instead.

Note: This linter can be disabled with `set_option linter.style.nameCheck false`
ÔÜá [4385/4391] Replayed GerverSofa.KernelOnly.PartE.E24KC6R4Join_e6a27f6b8bf66074
warning: GerverSofa/KernelOnly/PartE/E24KC6R4Join_e6a27f6b8bf66074.lean:12:8: The declaration 'e24KC2ThetaAboveLeaf0000220021__c1' contains '__', which does not follow the mathlib naming conventions. Consider using single underscores instead.

Note: This linter can be disabled with `set_option linter.style.nameCheck false`
ÔÜá [4386/4391] Replayed GerverSofa.KernelOnly.PartE.E24KC6R4Subtree_1033056e03edbb99
warning: GerverSofa/KernelOnly/PartE/E24KC6R4Subtree_1033056e03edbb99.lean:11:8: The declaration 'e24KC2ThetaAboveLeaf0000220021__c2' contains '__', which does not follow the mathlib naming conventions. Consider using single underscores instead.

Note: This linter can be disabled with `set_option linter.style.nameCheck false`
ÔÜá [4387/4391] Replayed GerverSofa.KernelOnly.PartE.E24KC6R4Subtree_369cc1bf8a73ac93
warning: GerverSofa/KernelOnly/PartE/E24KC6R4Subtree_369cc1bf8a73ac93.lean:11:8: The declaration 'e24KC2ThetaAboveLeaf0000220021__c3' contains '__', which does not follow the mathlib naming conventions. Consider using single underscores instead.

Note: This linter can be disabled with `set_option linter.style.nameCheck false`
Ôä╣ [4391/4391] Built GerverSofa.KernelOnly.PartE.E24KC6KernelFinalAxiomAudit (9.1s)
info: GerverSofa/KernelOnly/PartE/E24KC6KernelFinalAxiomAudit.lean:3:0: GerverSofa.PartE.deepMindABPhiTheta_existsUnique :
  Ôłâ! ABphiTheta, GerverSofa.PartE.DeepMindABPhiThetaSpec ABphiTheta.1 ABphiTheta.2.1 ABphiTheta.2.2.1 ABphiTheta.2.2.2
info: GerverSofa/KernelOnly/PartE/E24KC6KernelFinalAxiomAudit.lean:4:0: theorem GerverSofa.PartE.deepMindABPhiTheta_existsUnique : Ôłâ! ABphiTheta,
  GerverSofa.PartE.DeepMindABPhiThetaSpec ABphiTheta.1 ABphiTheta.2.1 ABphiTheta.2.2.1 ABphiTheta.2.2.2 :=
GerverSofa.PartE.deepMindABPhiTheta_existsUnique_of_alignedChecks GerverSofa.PartE.e24PhiBelowKernelCheck
  GerverSofa.PartE.e24PhiAboveKernelCheck GerverSofa.PartE.e24ThetaBelowKernelCheck
  GerverSofa.PartE.e24ThetaAboveKernelCheck
info: GerverSofa/KernelOnly/PartE/E24KC6KernelFinalAxiomAudit.lean:5:0: 'GerverSofa.PartE.deepMindABPhiTheta_existsUnique' depends on axioms: [propext, Classical.choice, Quot.sound]
Build completed successfully (4391 jobs).
