GerverSofa.Basic	C:\Users\Acer\Downloads\Gerver_Sofa_Lean_Formalisation_2026-08-19\GerverSofaLean\GerverSofa\Basic.lean
GerverSofa.Boxes	C:\Users\Acer\Downloads\Gerver_Sofa_Lean_Formalisation_2026-08-19\GerverSofaLean\GerverSofa\Boxes.lean
GerverSofa.CertificateManifest	C:\Users\Acer\Downloads\Gerver_Sofa_Lean_Formalisation_2026-08-19\GerverSofaLean\GerverSofa\CertificateManifest.lean
GerverSofa.ExactReplay	C:\Users\Acer\Downloads\Gerver_Sofa_Lean_Formalisation_2026-08-19\GerverSofaLean\GerverSofa\ExactReplay.lean
GerverSofa.KernelOnly.ADCoreSoundness	C:\Users\Acer\Downloads\Gerver_Sofa_Lean_Formalisation_2026-08-19\GerverSofaLean\GerverSofa\KernelOnly\ADCoreSoundness.lean
GerverSofa.KernelOnly.AlternatingSeries	C:\Users\Acer\Downloads\Gerver_Sofa_Lean_Formalisation_2026-08-19\GerverSofaLean\GerverSofa\KernelOnly\AlternatingSeries.lean
GerverSofa.KernelOnly.ConcreteUniqueZeros	C:\Users\Acer\Downloads\Gerver_Sofa_Lean_Formalisation_2026-08-19\GerverSofaLean\GerverSofa\KernelOnly\ConcreteUniqueZeros.lean
GerverSofa.KernelOnly.Coordinates	C:\Users\Acer\Downloads\Gerver_Sofa_Lean_Formalisation_2026-08-19\GerverSofaLean\GerverSofa\KernelOnly\Coordinates.lean
GerverSofa.KernelOnly.FullADSoundness	C:\Users\Acer\Downloads\Gerver_Sofa_Lean_Formalisation_2026-08-19\GerverSofaLean\GerverSofa\KernelOnly\FullADSoundness.lean
GerverSofa.KernelOnly.LeanCertGerverCorrespondence	C:\Users\Acer\Downloads\Gerver_Sofa_Lean_Formalisation_2026-08-19\GerverSofaLean\GerverSofa\KernelOnly\LeanCertGerverCorrespondence.lean
GerverSofa.KernelOnly.LeanCertGerverData	C:\Users\Acer\Downloads\Gerver_Sofa_Lean_Formalisation_2026-08-19\GerverSofaLean\GerverSofa\KernelOnly\LeanCertGerverData.lean
GerverSofa.KernelOnly.LeanCertGerverExpr	C:\Users\Acer\Downloads\Gerver_Sofa_Lean_Formalisation_2026-08-19\GerverSofaLean\GerverSofa\KernelOnly\LeanCertGerverExpr.lean
GerverSofa.KernelOnly.LeanCertGerverNumerics	C:\Users\Acer\Downloads\Gerver_Sofa_Lean_Formalisation_2026-08-19\GerverSofaLean\GerverSofa\KernelOnly\LeanCertGerverNumerics.lean
GerverSofa.KernelOnly.LeanCertGerverNumericsCore	C:\Users\Acer\Downloads\Gerver_Sofa_Lean_Formalisation_2026-08-19\GerverSofaLean\GerverSofa\KernelOnly\LeanCertGerverNumericsCore.lean
GerverSofa.KernelOnly.LeanCertGerverNumericsReduced	C:\Users\Acer\Downloads\Gerver_Sofa_Lean_Formalisation_2026-08-19\GerverSofaLean\GerverSofa\KernelOnly\LeanCertGerverNumericsReduced.lean
GerverSofa.KernelOnly.LeanCertNamedConstAD	C:\Users\Acer\Downloads\Gerver_Sofa_Lean_Formalisation_2026-08-19\GerverSofaLean\GerverSofa\KernelOnly\LeanCertNamedConstAD.lean
GerverSofa.KernelOnly.LeanCertNoDetKrawczyk	C:\Users\Acer\Downloads\Gerver_Sofa_Lean_Formalisation_2026-08-19\GerverSofaLean\GerverSofa\KernelOnly\LeanCertNoDetKrawczyk.lean
GerverSofa.KernelOnly.LeanCertNumericsRows.Full00	C:\Users\Acer\Downloads\Gerver_Sofa_Lean_Formalisation_2026-08-19\GerverSofaLean\GerverSofa\KernelOnly\LeanCertNumericsRows\Full00.lean
GerverSofa.KernelOnly.LeanCertNumericsRows.Full01	C:\Users\Acer\Downloads\Gerver_Sofa_Lean_Formalisation_2026-08-19\GerverSofaLean\GerverSofa\KernelOnly\LeanCertNumericsRows\Full01.lean
GerverSofa.KernelOnly.LeanCertNumericsRows.Full02	C:\Users\Acer\Downloads\Gerver_Sofa_Lean_Formalisation_2026-08-19\GerverSofaLean\GerverSofa\KernelOnly\LeanCertNumericsRows\Full02.lean
GerverSofa.KernelOnly.LeanCertNumericsRows.Full03	C:\Users\Acer\Downloads\Gerver_Sofa_Lean_Formalisation_2026-08-19\GerverSofaLean\GerverSofa\KernelOnly\LeanCertNumericsRows\Full03.lean
GerverSofa.KernelOnly.LeanCertNumericsRows.Full04	C:\Users\Acer\Downloads\Gerver_Sofa_Lean_Formalisation_2026-08-19\GerverSofaLean\GerverSofa\KernelOnly\LeanCertNumericsRows\Full04.lean
GerverSofa.KernelOnly.LeanCertNumericsRows.Full05	C:\Users\Acer\Downloads\Gerver_Sofa_Lean_Formalisation_2026-08-19\GerverSofaLean\GerverSofa\KernelOnly\LeanCertNumericsRows\Full05.lean
GerverSofa.KernelOnly.LeanCertNumericsRows.Full06	C:\Users\Acer\Downloads\Gerver_Sofa_Lean_Formalisation_2026-08-19\GerverSofaLean\GerverSofa\KernelOnly\LeanCertNumericsRows\Full06.lean
GerverSofa.KernelOnly.LeanCertNumericsRows.Full07	C:\Users\Acer\Downloads\Gerver_Sofa_Lean_Formalisation_2026-08-19\GerverSofaLean\GerverSofa\KernelOnly\LeanCertNumericsRows\Full07.lean
GerverSofa.KernelOnly.LeanCertNumericsRows.Full08	C:\Users\Acer\Downloads\Gerver_Sofa_Lean_Formalisation_2026-08-19\GerverSofaLean\GerverSofa\KernelOnly\LeanCertNumericsRows\Full08.lean
GerverSofa.KernelOnly.LeanCertNumericsRows.Full09	C:\Users\Acer\Downloads\Gerver_Sofa_Lean_Formalisation_2026-08-19\GerverSofaLean\GerverSofa\KernelOnly\LeanCertNumericsRows\Full09.lean
GerverSofa.KernelOnly.LeanCertNumericsRows.Full10	C:\Users\Acer\Downloads\Gerver_Sofa_Lean_Formalisation_2026-08-19\GerverSofaLean\GerverSofa\KernelOnly\LeanCertNumericsRows\Full10.lean
GerverSofa.KernelOnly.LeanCertNumericsRows.Full11	C:\Users\Acer\Downloads\Gerver_Sofa_Lean_Formalisation_2026-08-19\GerverSofaLean\GerverSofa\KernelOnly\LeanCertNumericsRows\Full11.lean
GerverSofa.KernelOnly.LeanCertNumericsRows.Full12	C:\Users\Acer\Downloads\Gerver_Sofa_Lean_Formalisation_2026-08-19\GerverSofaLean\GerverSofa\KernelOnly\LeanCertNumericsRows\Full12.lean
GerverSofa.KernelOnly.LeanCertNumericsRows.Full13	C:\Users\Acer\Downloads\Gerver_Sofa_Lean_Formalisation_2026-08-19\GerverSofaLean\GerverSofa\KernelOnly\LeanCertNumericsRows\Full13.lean
GerverSofa.KernelOnly.LeanCertNumericsRows.Full14	C:\Users\Acer\Downloads\Gerver_Sofa_Lean_Formalisation_2026-08-19\GerverSofaLean\GerverSofa\KernelOnly\LeanCertNumericsRows\Full14.lean
GerverSofa.KernelOnly.LeanCertNumericsRows.Full15	C:\Users\Acer\Downloads\Gerver_Sofa_Lean_Formalisation_2026-08-19\GerverSofaLean\GerverSofa\KernelOnly\LeanCertNumericsRows\Full15.lean
GerverSofa.KernelOnly.LeanCertNumericsRows.Full16	C:\Users\Acer\Downloads\Gerver_Sofa_Lean_Formalisation_2026-08-19\GerverSofaLean\GerverSofa\KernelOnly\LeanCertNumericsRows\Full16.lean
GerverSofa.KernelOnly.LeanCertNumericsRows.Full17	C:\Users\Acer\Downloads\Gerver_Sofa_Lean_Formalisation_2026-08-19\GerverSofaLean\GerverSofa\KernelOnly\LeanCertNumericsRows\Full17.lean
GerverSofa.KernelOnly.LeanCertNumericsRows.Full18	C:\Users\Acer\Downloads\Gerver_Sofa_Lean_Formalisation_2026-08-19\GerverSofaLean\GerverSofa\KernelOnly\LeanCertNumericsRows\Full18.lean
GerverSofa.KernelOnly.LeanCertNumericsRows.Full19	C:\Users\Acer\Downloads\Gerver_Sofa_Lean_Formalisation_2026-08-19\GerverSofaLean\GerverSofa\KernelOnly\LeanCertNumericsRows\Full19.lean
GerverSofa.KernelOnly.LeanCertNumericsRows.Full20	C:\Users\Acer\Downloads\Gerver_Sofa_Lean_Formalisation_2026-08-19\GerverSofaLean\GerverSofa\KernelOnly\LeanCertNumericsRows\Full20.lean
GerverSofa.KernelOnly.LeanCertNumericsRows.Full21	C:\Users\Acer\Downloads\Gerver_Sofa_Lean_Formalisation_2026-08-19\GerverSofaLean\GerverSofa\KernelOnly\LeanCertNumericsRows\Full21.lean
GerverSofa.KernelOnly.LeanCertNumericsRows.FullImage00	C:\Users\Acer\Downloads\Gerver_Sofa_Lean_Formalisation_2026-08-19\GerverSofaLean\GerverSofa\KernelOnly\LeanCertNumericsRows\FullImage00.lean
GerverSofa.KernelOnly.LeanCertNumericsRows.FullImage01	C:\Users\Acer\Downloads\Gerver_Sofa_Lean_Formalisation_2026-08-19\GerverSofaLean\GerverSofa\KernelOnly\LeanCertNumericsRows\FullImage01.lean
GerverSofa.KernelOnly.LeanCertNumericsRows.FullImage02	C:\Users\Acer\Downloads\Gerver_Sofa_Lean_Formalisation_2026-08-19\GerverSofaLean\GerverSofa\KernelOnly\LeanCertNumericsRows\FullImage02.lean
GerverSofa.KernelOnly.LeanCertNumericsRows.FullImage03	C:\Users\Acer\Downloads\Gerver_Sofa_Lean_Formalisation_2026-08-19\GerverSofaLean\GerverSofa\KernelOnly\LeanCertNumericsRows\FullImage03.lean
GerverSofa.KernelOnly.LeanCertNumericsRows.FullImage04	C:\Users\Acer\Downloads\Gerver_Sofa_Lean_Formalisation_2026-08-19\GerverSofaLean\GerverSofa\KernelOnly\LeanCertNumericsRows\FullImage04.lean
GerverSofa.KernelOnly.LeanCertNumericsRows.FullImage05	C:\Users\Acer\Downloads\Gerver_Sofa_Lean_Formalisation_2026-08-19\GerverSofaLean\GerverSofa\KernelOnly\LeanCertNumericsRows\FullImage05.lean
GerverSofa.KernelOnly.LeanCertNumericsRows.FullImage06	C:\Users\Acer\Downloads\Gerver_Sofa_Lean_Formalisation_2026-08-19\GerverSofaLean\GerverSofa\KernelOnly\LeanCertNumericsRows\FullImage06.lean
GerverSofa.KernelOnly.LeanCertNumericsRows.FullImage07	C:\Users\Acer\Downloads\Gerver_Sofa_Lean_Formalisation_2026-08-19\GerverSofaLean\GerverSofa\KernelOnly\LeanCertNumericsRows\FullImage07.lean
GerverSofa.KernelOnly.LeanCertNumericsRows.FullImage08	C:\Users\Acer\Downloads\Gerver_Sofa_Lean_Formalisation_2026-08-19\GerverSofaLean\GerverSofa\KernelOnly\LeanCertNumericsRows\FullImage08.lean
GerverSofa.KernelOnly.LeanCertNumericsRows.FullImage09	C:\Users\Acer\Downloads\Gerver_Sofa_Lean_Formalisation_2026-08-19\GerverSofaLean\GerverSofa\KernelOnly\LeanCertNumericsRows\FullImage09.lean
GerverSofa.KernelOnly.LeanCertNumericsRows.FullImage10	C:\Users\Acer\Downloads\Gerver_Sofa_Lean_Formalisation_2026-08-19\GerverSofaLean\GerverSofa\KernelOnly\LeanCertNumericsRows\FullImage10.lean
GerverSofa.KernelOnly.LeanCertNumericsRows.FullImage11	C:\Users\Acer\Downloads\Gerver_Sofa_Lean_Formalisation_2026-08-19\GerverSofaLean\GerverSofa\KernelOnly\LeanCertNumericsRows\FullImage11.lean
GerverSofa.KernelOnly.LeanCertNumericsRows.FullImage12	C:\Users\Acer\Downloads\Gerver_Sofa_Lean_Formalisation_2026-08-19\GerverSofaLean\GerverSofa\KernelOnly\LeanCertNumericsRows\FullImage12.lean
GerverSofa.KernelOnly.LeanCertNumericsRows.FullImage13	C:\Users\Acer\Downloads\Gerver_Sofa_Lean_Formalisation_2026-08-19\GerverSofaLean\GerverSofa\KernelOnly\LeanCertNumericsRows\FullImage13.lean
GerverSofa.KernelOnly.LeanCertNumericsRows.FullImage14	C:\Users\Acer\Downloads\Gerver_Sofa_Lean_Formalisation_2026-08-19\GerverSofaLean\GerverSofa\KernelOnly\LeanCertNumericsRows\FullImage14.lean
GerverSofa.KernelOnly.LeanCertNumericsRows.FullImage15	C:\Users\Acer\Downloads\Gerver_Sofa_Lean_Formalisation_2026-08-19\GerverSofaLean\GerverSofa\KernelOnly\LeanCertNumericsRows\FullImage15.lean
GerverSofa.KernelOnly.LeanCertNumericsRows.FullImage16	C:\Users\Acer\Downloads\Gerver_Sofa_Lean_Formalisation_2026-08-19\GerverSofaLean\GerverSofa\KernelOnly\LeanCertNumericsRows\FullImage16.lean
GerverSofa.KernelOnly.LeanCertNumericsRows.FullImage17	C:\Users\Acer\Downloads\Gerver_Sofa_Lean_Formalisation_2026-08-19\GerverSofaLean\GerverSofa\KernelOnly\LeanCertNumericsRows\FullImage17.lean
GerverSofa.KernelOnly.LeanCertNumericsRows.FullImage18	C:\Users\Acer\Downloads\Gerver_Sofa_Lean_Formalisation_2026-08-19\GerverSofaLean\GerverSofa\KernelOnly\LeanCertNumericsRows\FullImage18.lean
GerverSofa.KernelOnly.LeanCertNumericsRows.FullImage19	C:\Users\Acer\Downloads\Gerver_Sofa_Lean_Formalisation_2026-08-19\GerverSofaLean\GerverSofa\KernelOnly\LeanCertNumericsRows\FullImage19.lean
GerverSofa.KernelOnly.LeanCertNumericsRows.FullImage20	C:\Users\Acer\Downloads\Gerver_Sofa_Lean_Formalisation_2026-08-19\GerverSofaLean\GerverSofa\KernelOnly\LeanCertNumericsRows\FullImage20.lean
GerverSofa.KernelOnly.LeanCertNumericsRows.FullImage21	C:\Users\Acer\Downloads\Gerver_Sofa_Lean_Formalisation_2026-08-19\GerverSofaLean\GerverSofa\KernelOnly\LeanCertNumericsRows\FullImage21.lean
GerverSofa.KernelOnly.LeanCertNumericsRows.FullPoint00	C:\Users\Acer\Downloads\Gerver_Sofa_Lean_Formalisation_2026-08-19\GerverSofaLean\GerverSofa\KernelOnly\LeanCertNumericsRows\FullPoint00.lean
GerverSofa.KernelOnly.LeanCertNumericsRows.FullPoint01	C:\Users\Acer\Downloads\Gerver_Sofa_Lean_Formalisation_2026-08-19\GerverSofaLean\GerverSofa\KernelOnly\LeanCertNumericsRows\FullPoint01.lean
GerverSofa.KernelOnly.LeanCertNumericsRows.FullPoint02	C:\Users\Acer\Downloads\Gerver_Sofa_Lean_Formalisation_2026-08-19\GerverSofaLean\GerverSofa\KernelOnly\LeanCertNumericsRows\FullPoint02.lean
GerverSofa.KernelOnly.LeanCertNumericsRows.FullPoint03	C:\Users\Acer\Downloads\Gerver_Sofa_Lean_Formalisation_2026-08-19\GerverSofaLean\GerverSofa\KernelOnly\LeanCertNumericsRows\FullPoint03.lean
GerverSofa.KernelOnly.LeanCertNumericsRows.FullPoint04	C:\Users\Acer\Downloads\Gerver_Sofa_Lean_Formalisation_2026-08-19\GerverSofaLean\GerverSofa\KernelOnly\LeanCertNumericsRows\FullPoint04.lean
GerverSofa.KernelOnly.LeanCertNumericsRows.FullPoint05	C:\Users\Acer\Downloads\Gerver_Sofa_Lean_Formalisation_2026-08-19\GerverSofaLean\GerverSofa\KernelOnly\LeanCertNumericsRows\FullPoint05.lean
GerverSofa.KernelOnly.LeanCertNumericsRows.FullPoint06	C:\Users\Acer\Downloads\Gerver_Sofa_Lean_Formalisation_2026-08-19\GerverSofaLean\GerverSofa\KernelOnly\LeanCertNumericsRows\FullPoint06.lean
GerverSofa.KernelOnly.LeanCertNumericsRows.FullPoint07	C:\Users\Acer\Downloads\Gerver_Sofa_Lean_Formalisation_2026-08-19\GerverSofaLean\GerverSofa\KernelOnly\LeanCertNumericsRows\FullPoint07.lean
GerverSofa.KernelOnly.LeanCertNumericsRows.FullPoint08	C:\Users\Acer\Downloads\Gerver_Sofa_Lean_Formalisation_2026-08-19\GerverSofaLean\GerverSofa\KernelOnly\LeanCertNumericsRows\FullPoint08.lean
GerverSofa.KernelOnly.LeanCertNumericsRows.FullPoint09	C:\Users\Acer\Downloads\Gerver_Sofa_Lean_Formalisation_2026-08-19\GerverSofaLean\GerverSofa\KernelOnly\LeanCertNumericsRows\FullPoint09.lean
GerverSofa.KernelOnly.LeanCertNumericsRows.FullPoint10	C:\Users\Acer\Downloads\Gerver_Sofa_Lean_Formalisation_2026-08-19\GerverSofaLean\GerverSofa\KernelOnly\LeanCertNumericsRows\FullPoint10.lean
GerverSofa.KernelOnly.LeanCertNumericsRows.FullPoint11	C:\Users\Acer\Downloads\Gerver_Sofa_Lean_Formalisation_2026-08-19\GerverSofaLean\GerverSofa\KernelOnly\LeanCertNumericsRows\FullPoint11.lean
GerverSofa.KernelOnly.LeanCertNumericsRows.FullPoint12	C:\Users\Acer\Downloads\Gerver_Sofa_Lean_Formalisation_2026-08-19\GerverSofaLean\GerverSofa\KernelOnly\LeanCertNumericsRows\FullPoint12.lean
GerverSofa.KernelOnly.LeanCertNumericsRows.FullPoint13	C:\Users\Acer\Downloads\Gerver_Sofa_Lean_Formalisation_2026-08-19\GerverSofaLean\GerverSofa\KernelOnly\LeanCertNumericsRows\FullPoint13.lean
GerverSofa.KernelOnly.LeanCertNumericsRows.FullPoint14	C:\Users\Acer\Downloads\Gerver_Sofa_Lean_Formalisation_2026-08-19\GerverSofaLean\GerverSofa\KernelOnly\LeanCertNumericsRows\FullPoint14.lean
GerverSofa.KernelOnly.LeanCertNumericsRows.FullPoint15	C:\Users\Acer\Downloads\Gerver_Sofa_Lean_Formalisation_2026-08-19\GerverSofaLean\GerverSofa\KernelOnly\LeanCertNumericsRows\FullPoint15.lean
GerverSofa.KernelOnly.LeanCertNumericsRows.FullPoint16	C:\Users\Acer\Downloads\Gerver_Sofa_Lean_Formalisation_2026-08-19\GerverSofaLean\GerverSofa\KernelOnly\LeanCertNumericsRows\FullPoint16.lean
GerverSofa.KernelOnly.LeanCertNumericsRows.FullPoint17	C:\Users\Acer\Downloads\Gerver_Sofa_Lean_Formalisation_2026-08-19\GerverSofaLean\GerverSofa\KernelOnly\LeanCertNumericsRows\FullPoint17.lean
GerverSofa.KernelOnly.LeanCertNumericsRows.FullPoint18	C:\Users\Acer\Downloads\Gerver_Sofa_Lean_Formalisation_2026-08-19\GerverSofaLean\GerverSofa\KernelOnly\LeanCertNumericsRows\FullPoint18.lean
GerverSofa.KernelOnly.LeanCertNumericsRows.FullPoint19	C:\Users\Acer\Downloads\Gerver_Sofa_Lean_Formalisation_2026-08-19\GerverSofaLean\GerverSofa\KernelOnly\LeanCertNumericsRows\FullPoint19.lean
GerverSofa.KernelOnly.LeanCertNumericsRows.FullPoint20	C:\Users\Acer\Downloads\Gerver_Sofa_Lean_Formalisation_2026-08-19\GerverSofaLean\GerverSofa\KernelOnly\LeanCertNumericsRows\FullPoint20.lean
GerverSofa.KernelOnly.LeanCertNumericsRows.FullPoint21	C:\Users\Acer\Downloads\Gerver_Sofa_Lean_Formalisation_2026-08-19\GerverSofaLean\GerverSofa\KernelOnly\LeanCertNumericsRows\FullPoint21.lean
GerverSofa.KernelOnly.NumericalSoundness	C:\Users\Acer\Downloads\Gerver_Sofa_Lean_Formalisation_2026-08-19\GerverSofaLean\GerverSofa\KernelOnly\NumericalSoundness.lean
GerverSofa.KernelOnly.PartE.AdaptiveGlobalCoverClosure	C:\Users\Acer\Downloads\Gerver_Sofa_Lean_Formalisation_2026-08-19\GerverSofaLean\GerverSofa\KernelOnly\PartE\AdaptiveGlobalCoverClosure.lean
GerverSofa.KernelOnly.PartE.DeepMindABPhiThetaBridge	C:\Users\Acer\Downloads\Gerver_Sofa_Lean_Formalisation_2026-08-19\GerverSofaLean\GerverSofa\KernelOnly\PartE\DeepMindABPhiThetaBridge.lean
GerverSofa.KernelOnly.PartE.E24AlignedLogic	C:\Users\Acer\Downloads\Gerver_Sofa_Lean_Formalisation_2026-08-19\GerverSofaLean\GerverSofa\KernelOnly\PartE\E24AlignedLogic.lean
GerverSofa.KernelOnly.PartE.E24AlignedRegionFoundation	C:\Users\Acer\Downloads\Gerver_Sofa_Lean_Formalisation_2026-08-19\GerverSofaLean\GerverSofa\KernelOnly\PartE\E24AlignedRegionFoundation.lean
GerverSofa.KernelOnly.PartE.E24KC2PhiBelowLeaf30000	C:\Users\Acer\Downloads\Gerver_Sofa_Lean_Formalisation_2026-08-19\GerverSofaLean\GerverSofa\KernelOnly\PartE\E24KC2PhiBelowLeaf30000.lean
GerverSofa.KernelOnly.PartE.E24KC2PhiBelowLeaf30001	C:\Users\Acer\Downloads\Gerver_Sofa_Lean_Formalisation_2026-08-19\GerverSofaLean\GerverSofa\KernelOnly\PartE\E24KC2PhiBelowLeaf30001.lean
GerverSofa.KernelOnly.PartE.E24KC2PhiBelowLeaf30002	C:\Users\Acer\Downloads\Gerver_Sofa_Lean_Formalisation_2026-08-19\GerverSofaLean\GerverSofa\KernelOnly\PartE\E24KC2PhiBelowLeaf30002.lean
GerverSofa.KernelOnly.PartE.E24KC2PhiBelowLeaf30003	C:\Users\Acer\Downloads\Gerver_Sofa_Lean_Formalisation_2026-08-19\GerverSofaLean\GerverSofa\KernelOnly\PartE\E24KC2PhiBelowLeaf30003.lean
GerverSofa.KernelOnly.PartE.E24KC2PhiBelowLeaf30010	C:\Users\Acer\Downloads\Gerver_Sofa_Lean_Formalisation_2026-08-19\GerverSofaLean\GerverSofa\KernelOnly\PartE\E24KC2PhiBelowLeaf30010.lean
GerverSofa.KernelOnly.PartE.E24KC2PhiBelowLeaf30011	C:\Users\Acer\Downloads\Gerver_Sofa_Lean_Formalisation_2026-08-19\GerverSofaLean\GerverSofa\KernelOnly\PartE\E24KC2PhiBelowLeaf30011.lean
GerverSofa.KernelOnly.PartE.E24KC2PhiBelowLeaf30012	C:\Users\Acer\Downloads\Gerver_Sofa_Lean_Formalisation_2026-08-19\GerverSofaLean\GerverSofa\KernelOnly\PartE\E24KC2PhiBelowLeaf30012.lean
GerverSofa.KernelOnly.PartE.E24KC2PhiBelowLeaf30013	C:\Users\Acer\Downloads\Gerver_Sofa_Lean_Formalisation_2026-08-19\GerverSofaLean\GerverSofa\KernelOnly\PartE\E24KC2PhiBelowLeaf30013.lean
GerverSofa.KernelOnly.PartE.E24KC2PhiBelowLeaf30020	C:\Users\Acer\Downloads\Gerver_Sofa_Lean_Formalisation_2026-08-19\GerverSofaLean\GerverSofa\KernelOnly\PartE\E24KC2PhiBelowLeaf30020.lean
GerverSofa.KernelOnly.PartE.E24KC2PhiBelowLeaf30021	C:\Users\Acer\Downloads\Gerver_Sofa_Lean_Formalisation_2026-08-19\GerverSofaLean\GerverSofa\KernelOnly\PartE\E24KC2PhiBelowLeaf30021.lean
GerverSofa.KernelOnly.PartE.E24KC2PhiBelowLeaf30022	C:\Users\Acer\Downloads\Gerver_Sofa_Lean_Formalisation_2026-08-19\GerverSofaLean\GerverSofa\KernelOnly\PartE\E24KC2PhiBelowLeaf30022.lean
GerverSofa.KernelOnly.PartE.E24KC2PhiBelowLeaf30023	C:\Users\Acer\Downloads\Gerver_Sofa_Lean_Formalisation_2026-08-19\GerverSofaLean\GerverSofa\KernelOnly\PartE\E24KC2PhiBelowLeaf30023.lean
GerverSofa.KernelOnly.PartE.E24KC2PhiBelowLeaf30030	C:\Users\Acer\Downloads\Gerver_Sofa_Lean_Formalisation_2026-08-19\GerverSofaLean\GerverSofa\KernelOnly\PartE\E24KC2PhiBelowLeaf30030.lean
GerverSofa.KernelOnly.PartE.E24KC2PhiBelowLeaf30031	C:\Users\Acer\Downloads\Gerver_Sofa_Lean_Formalisation_2026-08-19\GerverSofaLean\GerverSofa\KernelOnly\PartE\E24KC2PhiBelowLeaf30031.lean
GerverSofa.KernelOnly.PartE.E24KC2PhiBelowLeaf30032	C:\Users\Acer\Downloads\Gerver_Sofa_Lean_Formalisation_2026-08-19\GerverSofaLean\GerverSofa\KernelOnly\PartE\E24KC2PhiBelowLeaf30032.lean
GerverSofa.KernelOnly.PartE.E24KC2PhiBelowLeaf30033	C:\Users\Acer\Downloads\Gerver_Sofa_Lean_Formalisation_2026-08-19\GerverSofaLean\GerverSofa\KernelOnly\PartE\E24KC2PhiBelowLeaf30033.lean
GerverSofa.KernelOnly.PartE.E24KC2PhiBelowLeaf30100	C:\Users\Acer\Downloads\Gerver_Sofa_Lean_Formalisation_2026-08-19\GerverSofaLean\GerverSofa\KernelOnly\PartE\E24KC2PhiBelowLeaf30100.lean
GerverSofa.KernelOnly.PartE.E24KC2PhiBelowLeaf30101	C:\Users\Acer\Downloads\Gerver_Sofa_Lean_Formalisation_2026-08-19\GerverSofaLean\GerverSofa\KernelOnly\PartE\E24KC2PhiBelowLeaf30101.lean
GerverSofa.KernelOnly.PartE.E24KC2PhiBelowLeaf30102	C:\Users\Acer\Downloads\Gerver_Sofa_Lean_Formalisation_2026-08-19\GerverSofaLean\GerverSofa\KernelOnly\PartE\E24KC2PhiBelowLeaf30102.lean
GerverSofa.KernelOnly.PartE.E24KC2PhiBelowLeaf30103	C:\Users\Acer\Downloads\Gerver_Sofa_Lean_Formalisation_2026-08-19\GerverSofaLean\GerverSofa\KernelOnly\PartE\E24KC2PhiBelowLeaf30103.lean
GerverSofa.KernelOnly.PartE.E24KC2PhiBelowLeaf30110	C:\Users\Acer\Downloads\Gerver_Sofa_Lean_Formalisation_2026-08-19\GerverSofaLean\GerverSofa\KernelOnly\PartE\E24KC2PhiBelowLeaf30110.lean
GerverSofa.KernelOnly.PartE.E24KC2PhiBelowLeaf30111	C:\Users\Acer\Downloads\Gerver_Sofa_Lean_Formalisation_2026-08-19\GerverSofaLean\GerverSofa\KernelOnly\PartE\E24KC2PhiBelowLeaf30111.lean
GerverSofa.KernelOnly.PartE.E24KC2PhiBelowLeaf30112	C:\Users\Acer\Downloads\Gerver_Sofa_Lean_Formalisation_2026-08-19\GerverSofaLean\GerverSofa\KernelOnly\PartE\E24KC2PhiBelowLeaf30112.lean
GerverSofa.KernelOnly.PartE.E24KC2PhiBelowLeaf30113	C:\Users\Acer\Downloads\Gerver_Sofa_Lean_Formalisation_2026-08-19\GerverSofaLean\GerverSofa\KernelOnly\PartE\E24KC2PhiBelowLeaf30113.lean
GerverSofa.KernelOnly.PartE.E24KC2PhiBelowLeaf30120	C:\Users\Acer\Downloads\Gerver_Sofa_Lean_Formalisation_2026-08-19\GerverSofaLean\GerverSofa\KernelOnly\PartE\E24KC2PhiBelowLeaf30120.lean
GerverSofa.KernelOnly.PartE.E24KC2PhiBelowLeaf30121	C:\Users\Acer\Downloads\Gerver_Sofa_Lean_Formalisation_2026-08-19\GerverSofaLean\GerverSofa\KernelOnly\PartE\E24KC2PhiBelowLeaf30121.lean
GerverSofa.KernelOnly.PartE.E24KC2PhiBelowLeaf30122	C:\Users\Acer\Downloads\Gerver_Sofa_Lean_Formalisation_2026-08-19\GerverSofaLean\GerverSofa\KernelOnly\PartE\E24KC2PhiBelowLeaf30122.lean
GerverSofa.KernelOnly.PartE.E24KC2PhiBelowLeaf30123	C:\Users\Acer\Downloads\Gerver_Sofa_Lean_Formalisation_2026-08-19\GerverSofaLean\GerverSofa\KernelOnly\PartE\E24KC2PhiBelowLeaf30123.lean
GerverSofa.KernelOnly.PartE.E24KC2PhiBelowLeaf30130	C:\Users\Acer\Downloads\Gerver_Sofa_Lean_Formalisation_2026-08-19\GerverSofaLean\GerverSofa\KernelOnly\PartE\E24KC2PhiBelowLeaf30130.lean
GerverSofa.KernelOnly.PartE.E24KC2PhiBelowLeaf30131	C:\Users\Acer\Downloads\Gerver_Sofa_Lean_Formalisation_2026-08-19\GerverSofaLean\GerverSofa\KernelOnly\PartE\E24KC2PhiBelowLeaf30131.lean
GerverSofa.KernelOnly.PartE.E24KC2PhiBelowLeaf30132	C:\Users\Acer\Downloads\Gerver_Sofa_Lean_Formalisation_2026-08-19\GerverSofaLean\GerverSofa\KernelOnly\PartE\E24KC2PhiBelowLeaf30132.lean
GerverSofa.KernelOnly.PartE.E24KC2PhiBelowLeaf30133	C:\Users\Acer\Downloads\Gerver_Sofa_Lean_Formalisation_2026-08-19\GerverSofaLean\GerverSofa\KernelOnly\PartE\E24KC2PhiBelowLeaf30133.lean
GerverSofa.KernelOnly.PartE.E24KC2PhiBelowLeaf30200	C:\Users\Acer\Downloads\Gerver_Sofa_Lean_Formalisation_2026-08-19\GerverSofaLean\GerverSofa\KernelOnly\PartE\E24KC2PhiBelowLeaf30200.lean
GerverSofa.KernelOnly.PartE.E24KC2PhiBelowLeaf30201	C:\Users\Acer\Downloads\Gerver_Sofa_Lean_Formalisation_2026-08-19\GerverSofaLean\GerverSofa\KernelOnly\PartE\E24KC2PhiBelowLeaf30201.lean
GerverSofa.KernelOnly.PartE.E24KC2PhiBelowLeaf30202	C:\Users\Acer\Downloads\Gerver_Sofa_Lean_Formalisation_2026-08-19\GerverSofaLean\GerverSofa\KernelOnly\PartE\E24KC2PhiBelowLeaf30202.lean
GerverSofa.KernelOnly.PartE.E24KC2PhiBelowLeaf30203	C:\Users\Acer\Downloads\Gerver_Sofa_Lean_Formalisation_2026-08-19\GerverSofaLean\GerverSofa\KernelOnly\PartE\E24KC2PhiBelowLeaf30203.lean
GerverSofa.KernelOnly.PartE.E24KC2PhiBelowLeaf30210	C:\Users\Acer\Downloads\Gerver_Sofa_Lean_Formalisation_2026-08-19\GerverSofaLean\GerverSofa\KernelOnly\PartE\E24KC2PhiBelowLeaf30210.lean
GerverSofa.KernelOnly.PartE.E24KC2PhiBelowLeaf30211	C:\Users\Acer\Downloads\Gerver_Sofa_Lean_Formalisation_2026-08-19\GerverSofaLean\GerverSofa\KernelOnly\PartE\E24KC2PhiBelowLeaf30211.lean
GerverSofa.KernelOnly.PartE.E24KC2PhiBelowLeaf30212	C:\Users\Acer\Downloads\Gerver_Sofa_Lean_Formalisation_2026-08-19\GerverSofaLean\GerverSofa\KernelOnly\PartE\E24KC2PhiBelowLeaf30212.lean
GerverSofa.KernelOnly.PartE.E24KC2PhiBelowLeaf30213	C:\Users\Acer\Downloads\Gerver_Sofa_Lean_Formalisation_2026-08-19\GerverSofaLean\GerverSofa\KernelOnly\PartE\E24KC2PhiBelowLeaf30213.lean
GerverSofa.KernelOnly.PartE.E24KC2PhiBelowLeaf30220	C:\Users\Acer\Downloads\Gerver_Sofa_Lean_Formalisation_2026-08-19\GerverSofaLean\GerverSofa\KernelOnly\PartE\E24KC2PhiBelowLeaf30220.lean
GerverSofa.KernelOnly.PartE.E24KC2PhiBelowLeaf30221	C:\Users\Acer\Downloads\Gerver_Sofa_Lean_Formalisation_2026-08-19\GerverSofaLean\GerverSofa\KernelOnly\PartE\E24KC2PhiBelowLeaf30221.lean
GerverSofa.KernelOnly.PartE.E24KC2PhiBelowLeaf30222	C:\Users\Acer\Downloads\Gerver_Sofa_Lean_Formalisation_2026-08-19\GerverSofaLean\GerverSofa\KernelOnly\PartE\E24KC2PhiBelowLeaf30222.lean
GerverSofa.KernelOnly.PartE.E24KC2PhiBelowLeaf30223	C:\Users\Acer\Downloads\Gerver_Sofa_Lean_Formalisation_2026-08-19\GerverSofaLean\GerverSofa\KernelOnly\PartE\E24KC2PhiBelowLeaf30223.lean
GerverSofa.KernelOnly.PartE.E24KC2PhiBelowLeaf30230	C:\Users\Acer\Downloads\Gerver_Sofa_Lean_Formalisation_2026-08-19\GerverSofaLean\GerverSofa\KernelOnly\PartE\E24KC2PhiBelowLeaf30230.lean
GerverSofa.KernelOnly.PartE.E24KC2PhiBelowLeaf30231	C:\Users\Acer\Downloads\Gerver_Sofa_Lean_Formalisation_2026-08-19\GerverSofaLean\GerverSofa\KernelOnly\PartE\E24KC2PhiBelowLeaf30231.lean
GerverSofa.KernelOnly.PartE.E24KC2PhiBelowLeaf30232	C:\Users\Acer\Downloads\Gerver_Sofa_Lean_Formalisation_2026-08-19\GerverSofaLean\GerverSofa\KernelOnly\PartE\E24KC2PhiBelowLeaf30232.lean
GerverSofa.KernelOnly.PartE.E24KC2PhiBelowLeaf30233	C:\Users\Acer\Downloads\Gerver_Sofa_Lean_Formalisation_2026-08-19\GerverSofaLean\GerverSofa\KernelOnly\PartE\E24KC2PhiBelowLeaf30233.lean
GerverSofa.KernelOnly.PartE.E24KC2PhiBelowLeaf30300	C:\Users\Acer\Downloads\Gerver_Sofa_Lean_Formalisation_2026-08-19\GerverSofaLean\GerverSofa\KernelOnly\PartE\E24KC2PhiBelowLeaf30300.lean
GerverSofa.KernelOnly.PartE.E24KC2PhiBelowLeaf30301	C:\Users\Acer\Downloads\Gerver_Sofa_Lean_Formalisation_2026-08-19\GerverSofaLean\GerverSofa\KernelOnly\PartE\E24KC2PhiBelowLeaf30301.lean
GerverSofa.KernelOnly.PartE.E24KC2PhiBelowLeaf30302	C:\Users\Acer\Downloads\Gerver_Sofa_Lean_Formalisation_2026-08-19\GerverSofaLean\GerverSofa\KernelOnly\PartE\E24KC2PhiBelowLeaf30302.lean
GerverSofa.KernelOnly.PartE.E24KC2PhiBelowLeaf30303	C:\Users\Acer\Downloads\Gerver_Sofa_Lean_Formalisation_2026-08-19\GerverSofaLean\GerverSofa\KernelOnly\PartE\E24KC2PhiBelowLeaf30303.lean
GerverSofa.KernelOnly.PartE.E24KC2PhiBelowLeaf30310	C:\Users\Acer\Downloads\Gerver_Sofa_Lean_Formalisation_2026-08-19\GerverSofaLean\GerverSofa\KernelOnly\PartE\E24KC2PhiBelowLeaf30310.lean
GerverSofa.KernelOnly.PartE.E24KC2PhiBelowLeaf30311	C:\Users\Acer\Downloads\Gerver_Sofa_Lean_Formalisation_2026-08-19\GerverSofaLean\GerverSofa\KernelOnly\PartE\E24KC2PhiBelowLeaf30311.lean
GerverSofa.KernelOnly.PartE.E24KC2PhiBelowLeaf30312	C:\Users\Acer\Downloads\Gerver_Sofa_Lean_Formalisation_2026-08-19\GerverSofaLean\GerverSofa\KernelOnly\PartE\E24KC2PhiBelowLeaf30312.lean
GerverSofa.KernelOnly.PartE.E24KC2PhiBelowLeaf30313	C:\Users\Acer\Downloads\Gerver_Sofa_Lean_Formalisation_2026-08-19\GerverSofaLean\GerverSofa\KernelOnly\PartE\E24KC2PhiBelowLeaf30313.lean
GerverSofa.KernelOnly.PartE.E24KC2PhiBelowLeaf30320	C:\Users\Acer\Downloads\Gerver_Sofa_Lean_Formalisation_2026-08-19\GerverSofaLean\GerverSofa\KernelOnly\PartE\E24KC2PhiBelowLeaf30320.lean
GerverSofa.KernelOnly.PartE.E24KC2PhiBelowLeaf30321	C:\Users\Acer\Downloads\Gerver_Sofa_Lean_Formalisation_2026-08-19\GerverSofaLean\GerverSofa\KernelOnly\PartE\E24KC2PhiBelowLeaf30321.lean
GerverSofa.KernelOnly.PartE.E24KC2PhiBelowLeaf30322	C:\Users\Acer\Downloads\Gerver_Sofa_Lean_Formalisation_2026-08-19\GerverSofaLean\GerverSofa\KernelOnly\PartE\E24KC2PhiBelowLeaf30322.lean
GerverSofa.KernelOnly.PartE.E24KC2PhiBelowLeaf30323	C:\Users\Acer\Downloads\Gerver_Sofa_Lean_Formalisation_2026-08-19\GerverSofaLean\GerverSofa\KernelOnly\PartE\E24KC2PhiBelowLeaf30323.lean
GerverSofa.KernelOnly.PartE.E24KC2PhiBelowLeaf30330	C:\Users\Acer\Downloads\Gerver_Sofa_Lean_Formalisation_2026-08-19\GerverSofaLean\GerverSofa\KernelOnly\PartE\E24KC2PhiBelowLeaf30330.lean
GerverSofa.KernelOnly.PartE.E24KC2PhiBelowLeaf30331	C:\Users\Acer\Downloads\Gerver_Sofa_Lean_Formalisation_2026-08-19\GerverSofaLean\GerverSofa\KernelOnly\PartE\E24KC2PhiBelowLeaf30331.lean
GerverSofa.KernelOnly.PartE.E24KC2PhiBelowLeaf30332	C:\Users\Acer\Downloads\Gerver_Sofa_Lean_Formalisation_2026-08-19\GerverSofaLean\GerverSofa\KernelOnly\PartE\E24KC2PhiBelowLeaf30332.lean
GerverSofa.KernelOnly.PartE.E24KC2PhiBelowLeaf30333	C:\Users\Acer\Downloads\Gerver_Sofa_Lean_Formalisation_2026-08-19\GerverSofaLean\GerverSofa\KernelOnly\PartE\E24KC2PhiBelowLeaf30333.lean
GerverSofa.KernelOnly.PartE.E24KC2PhiBelowLeaf31000	C:\Users\Acer\Downloads\Gerver_Sofa_Lean_Formalisation_2026-08-19\GerverSofaLean\GerverSofa\KernelOnly\PartE\E24KC2PhiBelowLeaf31000.lean
GerverSofa.KernelOnly.PartE.E24KC2PhiBelowLeaf31001	C:\Users\Acer\Downloads\Gerver_Sofa_Lean_Formalisation_2026-08-19\GerverSofaLean\GerverSofa\KernelOnly\PartE\E24KC2PhiBelowLeaf31001.lean
GerverSofa.KernelOnly.PartE.E24KC2PhiBelowLeaf31002	C:\Users\Acer\Downloads\Gerver_Sofa_Lean_Formalisation_2026-08-19\GerverSofaLean\GerverSofa\KernelOnly\PartE\E24KC2PhiBelowLeaf31002.lean
GerverSofa.KernelOnly.PartE.E24KC2PhiBelowLeaf31003	C:\Users\Acer\Downloads\Gerver_Sofa_Lean_Formalisation_2026-08-19\GerverSofaLean\GerverSofa\KernelOnly\PartE\E24KC2PhiBelowLeaf31003.lean
GerverSofa.KernelOnly.PartE.E24KC2PhiBelowLeaf31010	C:\Users\Acer\Downloads\Gerver_Sofa_Lean_Formalisation_2026-08-19\GerverSofaLean\GerverSofa\KernelOnly\PartE\E24KC2PhiBelowLeaf31010.lean
GerverSofa.KernelOnly.PartE.E24KC2PhiBelowLeaf31011	C:\Users\Acer\Downloads\Gerver_Sofa_Lean_Formalisation_2026-08-19\GerverSofaLean\GerverSofa\KernelOnly\PartE\E24KC2PhiBelowLeaf31011.lean
GerverSofa.KernelOnly.PartE.E24KC2PhiBelowLeaf31012	C:\Users\Acer\Downloads\Gerver_Sofa_Lean_Formalisation_2026-08-19\GerverSofaLean\GerverSofa\KernelOnly\PartE\E24KC2PhiBelowLeaf31012.lean
GerverSofa.KernelOnly.PartE.E24KC2PhiBelowLeaf31013	C:\Users\Acer\Downloads\Gerver_Sofa_Lean_Formalisation_2026-08-19\GerverSofaLean\GerverSofa\KernelOnly\PartE\E24KC2PhiBelowLeaf31013.lean
GerverSofa.KernelOnly.PartE.E24KC2PhiBelowLeaf31020	C:\Users\Acer\Downloads\Gerver_Sofa_Lean_Formalisation_2026-08-19\GerverSofaLean\GerverSofa\KernelOnly\PartE\E24KC2PhiBelowLeaf31020.lean
GerverSofa.KernelOnly.PartE.E24KC2PhiBelowLeaf31021	C:\Users\Acer\Downloads\Gerver_Sofa_Lean_Formalisation_2026-08-19\GerverSofaLean\GerverSofa\KernelOnly\PartE\E24KC2PhiBelowLeaf31021.lean
GerverSofa.KernelOnly.PartE.E24KC2PhiBelowLeaf31022	C:\Users\Acer\Downloads\Gerver_Sofa_Lean_Formalisation_2026-08-19\GerverSofaLean\GerverSofa\KernelOnly\PartE\E24KC2PhiBelowLeaf31022.lean
GerverSofa.KernelOnly.PartE.E24KC2PhiBelowLeaf31023	C:\Users\Acer\Downloads\Gerver_Sofa_Lean_Formalisation_2026-08-19\GerverSofaLean\GerverSofa\KernelOnly\PartE\E24KC2PhiBelowLeaf31023.lean
GerverSofa.KernelOnly.PartE.E24KC2PhiBelowLeaf31030	C:\Users\Acer\Downloads\Gerver_Sofa_Lean_Formalisation_2026-08-19\GerverSofaLean\GerverSofa\KernelOnly\PartE\E24KC2PhiBelowLeaf31030.lean
GerverSofa.KernelOnly.PartE.E24KC2PhiBelowLeaf31031	C:\Users\Acer\Downloads\Gerver_Sofa_Lean_Formalisation_2026-08-19\GerverSofaLean\GerverSofa\KernelOnly\PartE\E24KC2PhiBelowLeaf31031.lean
GerverSofa.KernelOnly.PartE.E24KC2PhiBelowLeaf31032	C:\Users\Acer\Downloads\Gerver_Sofa_Lean_Formalisation_2026-08-19\GerverSofaLean\GerverSofa\KernelOnly\PartE\E24KC2PhiBelowLeaf31032.lean
GerverSofa.KernelOnly.PartE.E24KC2PhiBelowLeaf31033	C:\Users\Acer\Downloads\Gerver_Sofa_Lean_Formalisation_2026-08-19\GerverSofaLean\GerverSofa\KernelOnly\PartE\E24KC2PhiBelowLeaf31033.lean
GerverSofa.KernelOnly.PartE.E24KC2PhiBelowLeaf3110	C:\Users\Acer\Downloads\Gerver_Sofa_Lean_Formalisation_2026-08-19\GerverSofaLean\GerverSofa\KernelOnly\PartE\E24KC2PhiBelowLeaf3110.lean
GerverSofa.KernelOnly.PartE.E24KC2PhiBelowLeaf3111	C:\Users\Acer\Downloads\Gerver_Sofa_Lean_Formalisation_2026-08-19\GerverSofaLean\GerverSofa\KernelOnly\PartE\E24KC2PhiBelowLeaf3111.lean
GerverSofa.KernelOnly.PartE.E24KC2PhiBelowLeaf31120	C:\Users\Acer\Downloads\Gerver_Sofa_Lean_Formalisation_2026-08-19\GerverSofaLean\GerverSofa\KernelOnly\PartE\E24KC2PhiBelowLeaf31120.lean
GerverSofa.KernelOnly.PartE.E24KC2PhiBelowLeaf31121	C:\Users\Acer\Downloads\Gerver_Sofa_Lean_Formalisation_2026-08-19\GerverSofaLean\GerverSofa\KernelOnly\PartE\E24KC2PhiBelowLeaf31121.lean
GerverSofa.KernelOnly.PartE.E24KC2PhiBelowLeaf31122	C:\Users\Acer\Downloads\Gerver_Sofa_Lean_Formalisation_2026-08-19\GerverSofaLean\GerverSofa\KernelOnly\PartE\E24KC2PhiBelowLeaf31122.lean
GerverSofa.KernelOnly.PartE.E24KC2PhiBelowLeaf31123	C:\Users\Acer\Downloads\Gerver_Sofa_Lean_Formalisation_2026-08-19\GerverSofaLean\GerverSofa\KernelOnly\PartE\E24KC2PhiBelowLeaf31123.lean
GerverSofa.KernelOnly.PartE.E24KC2PhiBelowLeaf3113	C:\Users\Acer\Downloads\Gerver_Sofa_Lean_Formalisation_2026-08-19\GerverSofaLean\GerverSofa\KernelOnly\PartE\E24KC2PhiBelowLeaf3113.lean
GerverSofa.KernelOnly.PartE.E24KC2PhiBelowLeaf31200	C:\Users\Acer\Downloads\Gerver_Sofa_Lean_Formalisation_2026-08-19\GerverSofaLean\GerverSofa\KernelOnly\PartE\E24KC2PhiBelowLeaf31200.lean
GerverSofa.KernelOnly.PartE.E24KC2PhiBelowLeaf31201	C:\Users\Acer\Downloads\Gerver_Sofa_Lean_Formalisation_2026-08-19\GerverSofaLean\GerverSofa\KernelOnly\PartE\E24KC2PhiBelowLeaf31201.lean
GerverSofa.KernelOnly.PartE.E24KC2PhiBelowLeaf31202	C:\Users\Acer\Downloads\Gerver_Sofa_Lean_Formalisation_2026-08-19\GerverSofaLean\GerverSofa\KernelOnly\PartE\E24KC2PhiBelowLeaf31202.lean
GerverSofa.KernelOnly.PartE.E24KC2PhiBelowLeaf31203	C:\Users\Acer\Downloads\Gerver_Sofa_Lean_Formalisation_2026-08-19\GerverSofaLean\GerverSofa\KernelOnly\PartE\E24KC2PhiBelowLeaf31203.lean
GerverSofa.KernelOnly.PartE.E24KC2PhiBelowLeaf31210	C:\Users\Acer\Downloads\Gerver_Sofa_Lean_Formalisation_2026-08-19\GerverSofaLean\GerverSofa\KernelOnly\PartE\E24KC2PhiBelowLeaf31210.lean
GerverSofa.KernelOnly.PartE.E24KC2PhiBelowLeaf31211	C:\Users\Acer\Downloads\Gerver_Sofa_Lean_Formalisation_2026-08-19\GerverSofaLean\GerverSofa\KernelOnly\PartE\E24KC2PhiBelowLeaf31211.lean
GerverSofa.KernelOnly.PartE.E24KC2PhiBelowLeaf31212	C:\Users\Acer\Downloads\Gerver_Sofa_Lean_Formalisation_2026-08-19\GerverSofaLean\GerverSofa\KernelOnly\PartE\E24KC2PhiBelowLeaf31212.lean
GerverSofa.KernelOnly.PartE.E24KC2PhiBelowLeaf31213	C:\Users\Acer\Downloads\Gerver_Sofa_Lean_Formalisation_2026-08-19\GerverSofaLean\GerverSofa\KernelOnly\PartE\E24KC2PhiBelowLeaf31213.lean
GerverSofa.KernelOnly.PartE.E24KC2PhiBelowLeaf31220	C:\Users\Acer\Downloads\Gerver_Sofa_Lean_Formalisation_2026-08-19\GerverSofaLean\GerverSofa\KernelOnly\PartE\E24KC2PhiBelowLeaf31220.lean
GerverSofa.KernelOnly.PartE.E24KC2PhiBelowLeaf31221	C:\Users\Acer\Downloads\Gerver_Sofa_Lean_Formalisation_2026-08-19\GerverSofaLean\GerverSofa\KernelOnly\PartE\E24KC2PhiBelowLeaf31221.lean
GerverSofa.KernelOnly.PartE.E24KC2PhiBelowLeaf31222	C:\Users\Acer\Downloads\Gerver_Sofa_Lean_Formalisation_2026-08-19\GerverSofaLean\GerverSofa\KernelOnly\PartE\E24KC2PhiBelowLeaf31222.lean
GerverSofa.KernelOnly.PartE.E24KC2PhiBelowLeaf31223	C:\Users\Acer\Downloads\Gerver_Sofa_Lean_Formalisation_2026-08-19\GerverSofaLean\GerverSofa\KernelOnly\PartE\E24KC2PhiBelowLeaf31223.lean
GerverSofa.KernelOnly.PartE.E24KC2PhiBelowLeaf31230	C:\Users\Acer\Downloads\Gerver_Sofa_Lean_Formalisation_2026-08-19\GerverSofaLean\GerverSofa\KernelOnly\PartE\E24KC2PhiBelowLeaf31230.lean
GerverSofa.KernelOnly.PartE.E24KC2PhiBelowLeaf31231	C:\Users\Acer\Downloads\Gerver_Sofa_Lean_Formalisation_2026-08-19\GerverSofaLean\GerverSofa\KernelOnly\PartE\E24KC2PhiBelowLeaf31231.lean
GerverSofa.KernelOnly.PartE.E24KC2PhiBelowLeaf31232	C:\Users\Acer\Downloads\Gerver_Sofa_Lean_Formalisation_2026-08-19\GerverSofaLean\GerverSofa\KernelOnly\PartE\E24KC2PhiBelowLeaf31232.lean
GerverSofa.KernelOnly.PartE.E24KC2PhiBelowLeaf31233	C:\Users\Acer\Downloads\Gerver_Sofa_Lean_Formalisation_2026-08-19\GerverSofaLean\GerverSofa\KernelOnly\PartE\E24KC2PhiBelowLeaf31233.lean
GerverSofa.KernelOnly.PartE.E24KC2PhiBelowLeaf31300	C:\Users\Acer\Downloads\Gerver_Sofa_Lean_Formalisation_2026-08-19\GerverSofaLean\GerverSofa\KernelOnly\PartE\E24KC2PhiBelowLeaf31300.lean
GerverSofa.KernelOnly.PartE.E24KC2PhiBelowLeaf31301	C:\Users\Acer\Downloads\Gerver_Sofa_Lean_Formalisation_2026-08-19\GerverSofaLean\GerverSofa\KernelOnly\PartE\E24KC2PhiBelowLeaf31301.lean
GerverSofa.KernelOnly.PartE.E24KC2PhiBelowLeaf31302	C:\Users\Acer\Downloads\Gerver_Sofa_Lean_Formalisation_2026-08-19\GerverSofaLean\GerverSofa\KernelOnly\PartE\E24KC2PhiBelowLeaf31302.lean
GerverSofa.KernelOnly.PartE.E24KC2PhiBelowLeaf31303	C:\Users\Acer\Downloads\Gerver_Sofa_Lean_Formalisation_2026-08-19\GerverSofaLean\GerverSofa\KernelOnly\PartE\E24KC2PhiBelowLeaf31303.lean
GerverSofa.KernelOnly.PartE.E24KC2PhiBelowLeaf31310	C:\Users\Acer\Downloads\Gerver_Sofa_Lean_Formalisation_2026-08-19\GerverSofaLean\GerverSofa\KernelOnly\PartE\E24KC2PhiBelowLeaf31310.lean
GerverSofa.KernelOnly.PartE.E24KC2PhiBelowLeaf31311	C:\Users\Acer\Downloads\Gerver_Sofa_Lean_Formalisation_2026-08-19\GerverSofaLean\GerverSofa\KernelOnly\PartE\E24KC2PhiBelowLeaf31311.lean
GerverSofa.KernelOnly.PartE.E24KC2PhiBelowLeaf31312	C:\Users\Acer\Downloads\Gerver_Sofa_Lean_Formalisation_2026-08-19\GerverSofaLean\GerverSofa\KernelOnly\PartE\E24KC2PhiBelowLeaf31312.lean
GerverSofa.KernelOnly.PartE.E24KC2PhiBelowLeaf31313	C:\Users\Acer\Downloads\Gerver_Sofa_Lean_Formalisation_2026-08-19\GerverSofaLean\GerverSofa\KernelOnly\PartE\E24KC2PhiBelowLeaf31313.lean
GerverSofa.KernelOnly.PartE.E24KC2PhiBelowLeaf31320	C:\Users\Acer\Downloads\Gerver_Sofa_Lean_Formalisation_2026-08-19\GerverSofaLean\GerverSofa\KernelOnly\PartE\E24KC2PhiBelowLeaf31320.lean
GerverSofa.KernelOnly.PartE.E24KC2PhiBelowLeaf31321	C:\Users\Acer\Downloads\Gerver_Sofa_Lean_Formalisation_2026-08-19\GerverSofaLean\GerverSofa\KernelOnly\PartE\E24KC2PhiBelowLeaf31321.lean
GerverSofa.KernelOnly.PartE.E24KC2PhiBelowLeaf31322	C:\Users\Acer\Downloads\Gerver_Sofa_Lean_Formalisation_2026-08-19\GerverSofaLean\GerverSofa\KernelOnly\PartE\E24KC2PhiBelowLeaf31322.lean
GerverSofa.KernelOnly.PartE.E24KC2PhiBelowLeaf31323	C:\Users\Acer\Downloads\Gerver_Sofa_Lean_Formalisation_2026-08-19\GerverSofaLean\GerverSofa\KernelOnly\PartE\E24KC2PhiBelowLeaf31323.lean
GerverSofa.KernelOnly.PartE.E24KC2PhiBelowLeaf31330	C:\Users\Acer\Downloads\Gerver_Sofa_Lean_Formalisation_2026-08-19\GerverSofaLean\GerverSofa\KernelOnly\PartE\E24KC2PhiBelowLeaf31330.lean
GerverSofa.KernelOnly.PartE.E24KC2PhiBelowLeaf31331	C:\Users\Acer\Downloads\Gerver_Sofa_Lean_Formalisation_2026-08-19\GerverSofaLean\GerverSofa\KernelOnly\PartE\E24KC2PhiBelowLeaf31331.lean
GerverSofa.KernelOnly.PartE.E24KC2PhiBelowLeaf31332	C:\Users\Acer\Downloads\Gerver_Sofa_Lean_Formalisation_2026-08-19\GerverSofaLean\GerverSofa\KernelOnly\PartE\E24KC2PhiBelowLeaf31332.lean
GerverSofa.KernelOnly.PartE.E24KC2PhiBelowLeaf31333	C:\Users\Acer\Downloads\Gerver_Sofa_Lean_Formalisation_2026-08-19\GerverSofaLean\GerverSofa\KernelOnly\PartE\E24KC2PhiBelowLeaf31333.lean
GerverSofa.KernelOnly.PartE.E24KC2PhiBelowLeaf32000	C:\Users\Acer\Downloads\Gerver_Sofa_Lean_Formalisation_2026-08-19\GerverSofaLean\GerverSofa\KernelOnly\PartE\E24KC2PhiBelowLeaf32000.lean
GerverSofa.KernelOnly.PartE.E24KC2PhiBelowLeaf32001	C:\Users\Acer\Downloads\Gerver_Sofa_Lean_Formalisation_2026-08-19\GerverSofaLean\GerverSofa\KernelOnly\PartE\E24KC2PhiBelowLeaf32001.lean
GerverSofa.KernelOnly.PartE.E24KC2PhiBelowLeaf32002	C:\Users\Acer\Downloads\Gerver_Sofa_Lean_Formalisation_2026-08-19\GerverSofaLean\GerverSofa\KernelOnly\PartE\E24KC2PhiBelowLeaf32002.lean
GerverSofa.KernelOnly.PartE.E24KC2PhiBelowLeaf32003	C:\Users\Acer\Downloads\Gerver_Sofa_Lean_Formalisation_2026-08-19\GerverSofaLean\GerverSofa\KernelOnly\PartE\E24KC2PhiBelowLeaf32003.lean
GerverSofa.KernelOnly.PartE.E24KC2PhiBelowLeaf32010	C:\Users\Acer\Downloads\Gerver_Sofa_Lean_Formalisation_2026-08-19\GerverSofaLean\GerverSofa\KernelOnly\PartE\E24KC2PhiBelowLeaf32010.lean
GerverSofa.KernelOnly.PartE.E24KC2PhiBelowLeaf32011	C:\Users\Acer\Downloads\Gerver_Sofa_Lean_Formalisation_2026-08-19\GerverSofaLean\GerverSofa\KernelOnly\PartE\E24KC2PhiBelowLeaf32011.lean
GerverSofa.KernelOnly.PartE.E24KC2PhiBelowLeaf32012	C:\Users\Acer\Downloads\Gerver_Sofa_Lean_Formalisation_2026-08-19\GerverSofaLean\GerverSofa\KernelOnly\PartE\E24KC2PhiBelowLeaf32012.lean
GerverSofa.KernelOnly.PartE.E24KC2PhiBelowLeaf32013	C:\Users\Acer\Downloads\Gerver_Sofa_Lean_Formalisation_2026-08-19\GerverSofaLean\GerverSofa\KernelOnly\PartE\E24KC2PhiBelowLeaf32013.lean
GerverSofa.KernelOnly.PartE.E24KC2PhiBelowLeaf32020	C:\Users\Acer\Downloads\Gerver_Sofa_Lean_Formalisation_2026-08-19\GerverSofaLean\GerverSofa\KernelOnly\PartE\E24KC2PhiBelowLeaf32020.lean
GerverSofa.KernelOnly.PartE.E24KC2PhiBelowLeaf32021	C:\Users\Acer\Downloads\Gerver_Sofa_Lean_Formalisation_2026-08-19\GerverSofaLean\GerverSofa\KernelOnly\PartE\E24KC2PhiBelowLeaf32021.lean
GerverSofa.KernelOnly.PartE.E24KC2PhiBelowLeaf32022	C:\Users\Acer\Downloads\Gerver_Sofa_Lean_Formalisation_2026-08-19\GerverSofaLean\GerverSofa\KernelOnly\PartE\E24KC2PhiBelowLeaf32022.lean
GerverSofa.KernelOnly.PartE.E24KC2PhiBelowLeaf32023	C:\Users\Acer\Downloads\Gerver_Sofa_Lean_Formalisation_2026-08-19\GerverSofaLean\GerverSofa\KernelOnly\PartE\E24KC2PhiBelowLeaf32023.lean
GerverSofa.KernelOnly.PartE.E24KC2PhiBelowLeaf32030	C:\Users\Acer\Downloads\Gerver_Sofa_Lean_Formalisation_2026-08-19\GerverSofaLean\GerverSofa\KernelOnly\PartE\E24KC2PhiBelowLeaf32030.lean
GerverSofa.KernelOnly.PartE.E24KC2PhiBelowLeaf32031	C:\Users\Acer\Downloads\Gerver_Sofa_Lean_Formalisation_2026-08-19\GerverSofaLean\GerverSofa\KernelOnly\PartE\E24KC2PhiBelowLeaf32031.lean
GerverSofa.KernelOnly.PartE.E24KC2PhiBelowLeaf32032	C:\Users\Acer\Downloads\Gerver_Sofa_Lean_Formalisation_2026-08-19\GerverSofaLean\GerverSofa\KernelOnly\PartE\E24KC2PhiBelowLeaf32032.lean
GerverSofa.KernelOnly.PartE.E24KC2PhiBelowLeaf32033	C:\Users\Acer\Downloads\Gerver_Sofa_Lean_Formalisation_2026-08-19\GerverSofaLean\GerverSofa\KernelOnly\PartE\E24KC2PhiBelowLeaf32033.lean
GerverSofa.KernelOnly.PartE.E24KC2PhiBelowLeaf32100	C:\Users\Acer\Downloads\Gerver_Sofa_Lean_Formalisation_2026-08-19\GerverSofaLean\GerverSofa\KernelOnly\PartE\E24KC2PhiBelowLeaf32100.lean
GerverSofa.KernelOnly.PartE.E24KC2PhiBelowLeaf32101	C:\Users\Acer\Downloads\Gerver_Sofa_Lean_Formalisation_2026-08-19\GerverSofaLean\GerverSofa\KernelOnly\PartE\E24KC2PhiBelowLeaf32101.lean
GerverSofa.KernelOnly.PartE.E24KC2PhiBelowLeaf32102	C:\Users\Acer\Downloads\Gerver_Sofa_Lean_Formalisation_2026-08-19\GerverSofaLean\GerverSofa\KernelOnly\PartE\E24KC2PhiBelowLeaf32102.lean
GerverSofa.KernelOnly.PartE.E24KC2PhiBelowLeaf32103	C:\Users\Acer\Downloads\Gerver_Sofa_Lean_Formalisation_2026-08-19\GerverSofaLean\GerverSofa\KernelOnly\PartE\E24KC2PhiBelowLeaf32103.lean
GerverSofa.KernelOnly.PartE.E24KC2PhiBelowLeaf32110	C:\Users\Acer\Downloads\Gerver_Sofa_Lean_Formalisation_2026-08-19\GerverSofaLean\GerverSofa\KernelOnly\PartE\E24KC2PhiBelowLeaf32110.lean
GerverSofa.KernelOnly.PartE.E24KC2PhiBelowLeaf32111	C:\Users\Acer\Downloads\Gerver_Sofa_Lean_Formalisation_2026-08-19\GerverSofaLean\GerverSofa\KernelOnly\PartE\E24KC2PhiBelowLeaf32111.lean
GerverSofa.KernelOnly.PartE.E24KC2PhiBelowLeaf32112	C:\Users\Acer\Downloads\Gerver_Sofa_Lean_Formalisation_2026-08-19\GerverSofaLean\GerverSofa\KernelOnly\PartE\E24KC2PhiBelowLeaf32112.lean
GerverSofa.KernelOnly.PartE.E24KC2PhiBelowLeaf32113	C:\Users\Acer\Downloads\Gerver_Sofa_Lean_Formalisation_2026-08-19\GerverSofaLean\GerverSofa\KernelOnly\PartE\E24KC2PhiBelowLeaf32113.lean
GerverSofa.KernelOnly.PartE.E24KC2PhiBelowLeaf32120	C:\Users\Acer\Downloads\Gerver_Sofa_Lean_Formalisation_2026-08-19\GerverSofaLean\GerverSofa\KernelOnly\PartE\E24KC2PhiBelowLeaf32120.lean
GerverSofa.KernelOnly.PartE.E24KC2PhiBelowLeaf32121	C:\Users\Acer\Downloads\Gerver_Sofa_Lean_Formalisation_2026-08-19\GerverSofaLean\GerverSofa\KernelOnly\PartE\E24KC2PhiBelowLeaf32121.lean
GerverSofa.KernelOnly.PartE.E24KC2PhiBelowLeaf32122	C:\Users\Acer\Downloads\Gerver_Sofa_Lean_Formalisation_2026-08-19\GerverSofaLean\GerverSofa\KernelOnly\PartE\E24KC2PhiBelowLeaf32122.lean
GerverSofa.KernelOnly.PartE.E24KC2PhiBelowLeaf32123	C:\Users\Acer\Downloads\Gerver_Sofa_Lean_Formalisation_2026-08-19\GerverSofaLean\GerverSofa\KernelOnly\PartE\E24KC2PhiBelowLeaf32123.lean
GerverSofa.KernelOnly.PartE.E24KC2PhiBelowLeaf32130	C:\Users\Acer\Downloads\Gerver_Sofa_Lean_Formalisation_2026-08-19\GerverSofaLean\GerverSofa\KernelOnly\PartE\E24KC2PhiBelowLeaf32130.lean
GerverSofa.KernelOnly.PartE.E24KC2PhiBelowLeaf32131	C:\Users\Acer\Downloads\Gerver_Sofa_Lean_Formalisation_2026-08-19\GerverSofaLean\GerverSofa\KernelOnly\PartE\E24KC2PhiBelowLeaf32131.lean
GerverSofa.KernelOnly.PartE.E24KC2PhiBelowLeaf32132	C:\Users\Acer\Downloads\Gerver_Sofa_Lean_Formalisation_2026-08-19\GerverSofaLean\GerverSofa\KernelOnly\PartE\E24KC2PhiBelowLeaf32132.lean
GerverSofa.KernelOnly.PartE.E24KC2PhiBelowLeaf32133	C:\Users\Acer\Downloads\Gerver_Sofa_Lean_Formalisation_2026-08-19\GerverSofaLean\GerverSofa\KernelOnly\PartE\E24KC2PhiBelowLeaf32133.lean
GerverSofa.KernelOnly.PartE.E24KC2PhiBelowLeaf32200	C:\Users\Acer\Downloads\Gerver_Sofa_Lean_Formalisation_2026-08-19\GerverSofaLean\GerverSofa\KernelOnly\PartE\E24KC2PhiBelowLeaf32200.lean
GerverSofa.KernelOnly.PartE.E24KC2PhiBelowLeaf32201	C:\Users\Acer\Downloads\Gerver_Sofa_Lean_Formalisation_2026-08-19\GerverSofaLean\GerverSofa\KernelOnly\PartE\E24KC2PhiBelowLeaf32201.lean
GerverSofa.KernelOnly.PartE.E24KC2PhiBelowLeaf32202	C:\Users\Acer\Downloads\Gerver_Sofa_Lean_Formalisation_2026-08-19\GerverSofaLean\GerverSofa\KernelOnly\PartE\E24KC2PhiBelowLeaf32202.lean
GerverSofa.KernelOnly.PartE.E24KC2PhiBelowLeaf32203	C:\Users\Acer\Downloads\Gerver_Sofa_Lean_Formalisation_2026-08-19\GerverSofaLean\GerverSofa\KernelOnly\PartE\E24KC2PhiBelowLeaf32203.lean
GerverSofa.KernelOnly.PartE.E24KC2PhiBelowLeaf32210	C:\Users\Acer\Downloads\Gerver_Sofa_Lean_Formalisation_2026-08-19\GerverSofaLean\GerverSofa\KernelOnly\PartE\E24KC2PhiBelowLeaf32210.lean
GerverSofa.KernelOnly.PartE.E24KC2ProofHelpers	C:\Users\Acer\Downloads\Gerver_Sofa_Lean_Formalisation_2026-08-19\GerverSofaLean\GerverSofa\KernelOnly\PartE\E24KC2ProofHelpers.lean
GerverSofa.KernelOnly.PartE.E24KC4Batch_PhiAbove_F_9_C1LLL_0006	C:\Users\Acer\Downloads\Gerver_Sofa_Lean_Formalisation_2026-08-19\GerverSofaLean\GerverSofa\KernelOnly\PartE\E24KC4Batch_PhiAbove_F_9_C1LLL_0006.lean
GerverSofa.KernelOnly.PartE.E24KC4Batch_PhiAbove_F_9_C1LLRLL_0009	C:\Users\Acer\Downloads\Gerver_Sofa_Lean_Formalisation_2026-08-19\GerverSofaLean\GerverSofa\KernelOnly\PartE\E24KC4Batch_PhiAbove_F_9_C1LLRLL_0009.lean
GerverSofa.KernelOnly.PartE.E24KC4Batch_PhiAbove_F_9_C1LLRLRL_0011	C:\Users\Acer\Downloads\Gerver_Sofa_Lean_Formalisation_2026-08-19\GerverSofaLean\GerverSofa\KernelOnly\PartE\E24KC4Batch_PhiAbove_F_9_C1LLRLRL_0011.lean
GerverSofa.KernelOnly.PartE.E24KC4Pilot_PhiAbove_F_9_0002	C:\Users\Acer\Downloads\Gerver_Sofa_Lean_Formalisation_2026-08-19\GerverSofaLean\GerverSofa\KernelOnly\PartE\E24KC4Pilot_PhiAbove_F_9_0002.lean
GerverSofa.KernelOnly.PartE.E24KC5Direct_e24KC2PhiAboveLeaf1101101__c0__c0__c0__c0_5_00025	C:\Users\Acer\Downloads\Gerver_Sofa_Lean_Formalisation_2026-08-19\GerverSofaLean\GerverSofa\KernelOnly\PartE\E24KC5Direct_e24KC2PhiAboveLeaf1101101__c0__c0__c0__c0_5_00025.lean
GerverSofa.KernelOnly.PartE.E24KC5Direct_e24KC2PhiAboveLeaf1101101__c0__c0__c0__c1_5_00026	C:\Users\Acer\Downloads\Gerver_Sofa_Lean_Formalisation_2026-08-19\GerverSofaLean\GerverSofa\KernelOnly\PartE\E24KC5Direct_e24KC2PhiAboveLeaf1101101__c0__c0__c0__c1_5_00026.lean
GerverSofa.KernelOnly.PartE.E24KC5Direct_e24KC2PhiAboveLeaf1101101__c0__c0__c0__c2_5_00027	C:\Users\Acer\Downloads\Gerver_Sofa_Lean_Formalisation_2026-08-19\GerverSofaLean\GerverSofa\KernelOnly\PartE\E24KC5Direct_e24KC2PhiAboveLeaf1101101__c0__c0__c0__c2_5_00027.lean
GerverSofa.KernelOnly.PartE.E24KC5Direct_e24KC2PhiAboveLeaf1101101__c0__c0__c0__c3_5_00028	C:\Users\Acer\Downloads\Gerver_Sofa_Lean_Formalisation_2026-08-19\GerverSofaLean\GerverSofa\KernelOnly\PartE\E24KC5Direct_e24KC2PhiAboveLeaf1101101__c0__c0__c0__c3_5_00028.lean
GerverSofa.KernelOnly.PartE.E24KC5Direct_e24KC2PhiAboveLeaf1101101__c0__c0__c1__c0__c0_4_00032	C:\Users\Acer\Downloads\Gerver_Sofa_Lean_Formalisation_2026-08-19\GerverSofaLean\GerverSofa\KernelOnly\PartE\E24KC5Direct_e24KC2PhiAboveLeaf1101101__c0__c0__c1__c0__c0_4_00032.lean
GerverSofa.KernelOnly.PartE.E24KC5Direct_e24KC2PhiAboveLeaf1101101__c0__c0__c1__c0__c1_4_00033	C:\Users\Acer\Downloads\Gerver_Sofa_Lean_Formalisation_2026-08-19\GerverSofaLean\GerverSofa\KernelOnly\PartE\E24KC5Direct_e24KC2PhiAboveLeaf1101101__c0__c0__c1__c0__c1_4_00033.lean
GerverSofa.KernelOnly.PartE.E24KC5Direct_e24KC2PhiAboveLeaf1101101__c0__c0__c1__c0__c2_4_00034	C:\Users\Acer\Downloads\Gerver_Sofa_Lean_Formalisation_2026-08-19\GerverSofaLean\GerverSofa\KernelOnly\PartE\E24KC5Direct_e24KC2PhiAboveLeaf1101101__c0__c0__c1__c0__c2_4_00034.lean
GerverSofa.KernelOnly.PartE.E24KC5Direct_e24KC2PhiAboveLeaf1101101__c0__c0__c1__c0__c3_4_00035	C:\Users\Acer\Downloads\Gerver_Sofa_Lean_Formalisation_2026-08-19\GerverSofaLean\GerverSofa\KernelOnly\PartE\E24KC5Direct_e24KC2PhiAboveLeaf1101101__c0__c0__c1__c0__c3_4_00035.lean
GerverSofa.KernelOnly.PartE.E24KC5Direct_e24KC2PhiAboveLeaf1101101__c0__c0__c1__c1__c0_4_00038	C:\Users\Acer\Downloads\Gerver_Sofa_Lean_Formalisation_2026-08-19\GerverSofaLean\GerverSofa\KernelOnly\PartE\E24KC5Direct_e24KC2PhiAboveLeaf1101101__c0__c0__c1__c1__c0_4_00038.lean
GerverSofa.KernelOnly.PartE.E24KC5Direct_e24KC2PhiAboveLeaf1101101__c0__c0__c1__c1__c1_4_00039	C:\Users\Acer\Downloads\Gerver_Sofa_Lean_Formalisation_2026-08-19\GerverSofaLean\GerverSofa\KernelOnly\PartE\E24KC5Direct_e24KC2PhiAboveLeaf1101101__c0__c0__c1__c1__c1_4_00039.lean
GerverSofa.KernelOnly.PartE.E24KC5Direct_e24KC2PhiAboveLeaf1101101__c0__c0__c1__c1__c2_4_00040	C:\Users\Acer\Downloads\Gerver_Sofa_Lean_Formalisation_2026-08-19\GerverSofaLean\GerverSofa\KernelOnly\PartE\E24KC5Direct_e24KC2PhiAboveLeaf1101101__c0__c0__c1__c1__c2_4_00040.lean
GerverSofa.KernelOnly.PartE.E24KC5Direct_e24KC2PhiAboveLeaf1101101__c0__c0__c1__c1__c3_4_00041	C:\Users\Acer\Downloads\Gerver_Sofa_Lean_Formalisation_2026-08-19\GerverSofaLean\GerverSofa\KernelOnly\PartE\E24KC5Direct_e24KC2PhiAboveLeaf1101101__c0__c0__c1__c1__c3_4_00041.lean
GerverSofa.KernelOnly.PartE.E24KC5Direct_e24KC2PhiAboveLeaf1101101__c0__c0__c1__c2_5_00043	C:\Users\Acer\Downloads\Gerver_Sofa_Lean_Formalisation_2026-08-19\GerverSofaLean\GerverSofa\KernelOnly\PartE\E24KC5Direct_e24KC2PhiAboveLeaf1101101__c0__c0__c1__c2_5_00043.lean
GerverSofa.KernelOnly.PartE.E24KC5Direct_e24KC2PhiAboveLeaf1101101__c0__c0__c1__c3_5_00044	C:\Users\Acer\Downloads\Gerver_Sofa_Lean_Formalisation_2026-08-19\GerverSofaLean\GerverSofa\KernelOnly\PartE\E24KC5Direct_e24KC2PhiAboveLeaf1101101__c0__c0__c1__c3_5_00044.lean
GerverSofa.KernelOnly.PartE.E24KC5Direct_e24KC2PhiAboveLeaf1101101__c0__c0__c2_6_00046	C:\Users\Acer\Downloads\Gerver_Sofa_Lean_Formalisation_2026-08-19\GerverSofaLean\GerverSofa\KernelOnly\PartE\E24KC5Direct_e24KC2PhiAboveLeaf1101101__c0__c0__c2_6_00046.lean
GerverSofa.KernelOnly.PartE.E24KC5Direct_e24KC2PhiAboveLeaf1101101__c0__c0__c3_6_00047	C:\Users\Acer\Downloads\Gerver_Sofa_Lean_Formalisation_2026-08-19\GerverSofaLean\GerverSofa\KernelOnly\PartE\E24KC5Direct_e24KC2PhiAboveLeaf1101101__c0__c0__c3_6_00047.lean
GerverSofa.KernelOnly.PartE.E24KC5Direct_e24KC2PhiAboveLeaf1101101__c0__c1__c0__c0__c0_4_00052	C:\Users\Acer\Downloads\Gerver_Sofa_Lean_Formalisation_2026-08-19\GerverSofaLean\GerverSofa\KernelOnly\PartE\E24KC5Direct_e24KC2PhiAboveLeaf1101101__c0__c1__c0__c0__c0_4_00052.lean
GerverSofa.KernelOnly.PartE.E24KC5Direct_e24KC2PhiAboveLeaf1101101__c0__c1__c0__c0__c1_4_00053	C:\Users\Acer\Downloads\Gerver_Sofa_Lean_Formalisation_2026-08-19\GerverSofaLean\GerverSofa\KernelOnly\PartE\E24KC5Direct_e24KC2PhiAboveLeaf1101101__c0__c1__c0__c0__c1_4_00053.lean
GerverSofa.KernelOnly.PartE.E24KC5Direct_e24KC2PhiAboveLeaf1101101__c0__c1__c0__c0__c2_4_00054	C:\Users\Acer\Downloads\Gerver_Sofa_Lean_Formalisation_2026-08-19\GerverSofaLean\GerverSofa\KernelOnly\PartE\E24KC5Direct_e24KC2PhiAboveLeaf1101101__c0__c1__c0__c0__c2_4_00054.lean
GerverSofa.KernelOnly.PartE.E24KC5Direct_e24KC2PhiAboveLeaf1101101__c0__c1__c0__c0__c3_4_00055	C:\Users\Acer\Downloads\Gerver_Sofa_Lean_Formalisation_2026-08-19\GerverSofaLean\GerverSofa\KernelOnly\PartE\E24KC5Direct_e24KC2PhiAboveLeaf1101101__c0__c1__c0__c0__c3_4_00055.lean
GerverSofa.KernelOnly.PartE.E24KC5Direct_e24KC2PhiAboveLeaf1101101__c0__c1__c0__c1__c0_4_00058	C:\Users\Acer\Downloads\Gerver_Sofa_Lean_Formalisation_2026-08-19\GerverSofaLean\GerverSofa\KernelOnly\PartE\E24KC5Direct_e24KC2PhiAboveLeaf1101101__c0__c1__c0__c1__c0_4_00058.lean
GerverSofa.KernelOnly.PartE.E24KC5Direct_e24KC2PhiAboveLeaf1101101__c0__c1__c0__c1__c1_4_00059	C:\Users\Acer\Downloads\Gerver_Sofa_Lean_Formalisation_2026-08-19\GerverSofaLean\GerverSofa\KernelOnly\PartE\E24KC5Direct_e24KC2PhiAboveLeaf1101101__c0__c1__c0__c1__c1_4_00059.lean
GerverSofa.KernelOnly.PartE.E24KC5Direct_e24KC2PhiAboveLeaf1101101__c0__c1__c0__c1__c2_4_00060	C:\Users\Acer\Downloads\Gerver_Sofa_Lean_Formalisation_2026-08-19\GerverSofaLean\GerverSofa\KernelOnly\PartE\E24KC5Direct_e24KC2PhiAboveLeaf1101101__c0__c1__c0__c1__c2_4_00060.lean
GerverSofa.KernelOnly.PartE.E24KC5Direct_e24KC2PhiAboveLeaf1101101__c0__c1__c0__c1__c3_4_00061	C:\Users\Acer\Downloads\Gerver_Sofa_Lean_Formalisation_2026-08-19\GerverSofaLean\GerverSofa\KernelOnly\PartE\E24KC5Direct_e24KC2PhiAboveLeaf1101101__c0__c1__c0__c1__c3_4_00061.lean
GerverSofa.KernelOnly.PartE.E24KC5Direct_e24KC2PhiAboveLeaf1101101__c0__c1__c0__c2_5_00063	C:\Users\Acer\Downloads\Gerver_Sofa_Lean_Formalisation_2026-08-19\GerverSofaLean\GerverSofa\KernelOnly\PartE\E24KC5Direct_e24KC2PhiAboveLeaf1101101__c0__c1__c0__c2_5_00063.lean
GerverSofa.KernelOnly.PartE.E24KC5Direct_e24KC2PhiAboveLeaf1101101__c0__c1__c0__c3_5_00064	C:\Users\Acer\Downloads\Gerver_Sofa_Lean_Formalisation_2026-08-19\GerverSofaLean\GerverSofa\KernelOnly\PartE\E24KC5Direct_e24KC2PhiAboveLeaf1101101__c0__c1__c0__c3_5_00064.lean
GerverSofa.KernelOnly.PartE.E24KC5Direct_e24KC2PhiAboveLeaf1101101__c0__c1__c1__c0_5_00067	C:\Users\Acer\Downloads\Gerver_Sofa_Lean_Formalisation_2026-08-19\GerverSofaLean\GerverSofa\KernelOnly\PartE\E24KC5Direct_e24KC2PhiAboveLeaf1101101__c0__c1__c1__c0_5_00067.lean
GerverSofa.KernelOnly.PartE.E24KC5Direct_e24KC2PhiAboveLeaf1101101__c0__c1__c1__c1_5_00068	C:\Users\Acer\Downloads\Gerver_Sofa_Lean_Formalisation_2026-08-19\GerverSofaLean\GerverSofa\KernelOnly\PartE\E24KC5Direct_e24KC2PhiAboveLeaf1101101__c0__c1__c1__c1_5_00068.lean
GerverSofa.KernelOnly.PartE.E24KC5Direct_e24KC2PhiAboveLeaf1101101__c0__c1__c1__c2_5_00069	C:\Users\Acer\Downloads\Gerver_Sofa_Lean_Formalisation_2026-08-19\GerverSofaLean\GerverSofa\KernelOnly\PartE\E24KC5Direct_e24KC2PhiAboveLeaf1101101__c0__c1__c1__c2_5_00069.lean
GerverSofa.KernelOnly.PartE.E24KC5Direct_e24KC2PhiAboveLeaf1101101__c0__c1__c1__c3_5_00070	C:\Users\Acer\Downloads\Gerver_Sofa_Lean_Formalisation_2026-08-19\GerverSofaLean\GerverSofa\KernelOnly\PartE\E24KC5Direct_e24KC2PhiAboveLeaf1101101__c0__c1__c1__c3_5_00070.lean
GerverSofa.KernelOnly.PartE.E24KC5Direct_e24KC2PhiAboveLeaf1101101__c0__c1__c2_6_00072	C:\Users\Acer\Downloads\Gerver_Sofa_Lean_Formalisation_2026-08-19\GerverSofaLean\GerverSofa\KernelOnly\PartE\E24KC5Direct_e24KC2PhiAboveLeaf1101101__c0__c1__c2_6_00072.lean
GerverSofa.KernelOnly.PartE.E24KC5Direct_e24KC2PhiAboveLeaf1101101__c0__c1__c3_6_00073	C:\Users\Acer\Downloads\Gerver_Sofa_Lean_Formalisation_2026-08-19\GerverSofaLean\GerverSofa\KernelOnly\PartE\E24KC5Direct_e24KC2PhiAboveLeaf1101101__c0__c1__c3_6_00073.lean
GerverSofa.KernelOnly.PartE.E24KC5Direct_e24KC2PhiAboveLeaf1101101__c0__c2_7_00075	C:\Users\Acer\Downloads\Gerver_Sofa_Lean_Formalisation_2026-08-19\GerverSofaLean\GerverSofa\KernelOnly\PartE\E24KC5Direct_e24KC2PhiAboveLeaf1101101__c0__c2_7_00075.lean
GerverSofa.KernelOnly.PartE.E24KC5Direct_e24KC2PhiAboveLeaf1101101__c0__c3_7_00076	C:\Users\Acer\Downloads\Gerver_Sofa_Lean_Formalisation_2026-08-19\GerverSofaLean\GerverSofa\KernelOnly\PartE\E24KC5Direct_e24KC2PhiAboveLeaf1101101__c0__c3_7_00076.lean
GerverSofa.KernelOnly.PartE.E24KC5Direct_e24KC2PhiAboveLeaf1101101__c1__c0__c0__c0_5_00081	C:\Users\Acer\Downloads\Gerver_Sofa_Lean_Formalisation_2026-08-19\GerverSofaLean\GerverSofa\KernelOnly\PartE\E24KC5Direct_e24KC2PhiAboveLeaf1101101__c1__c0__c0__c0_5_00081.lean
GerverSofa.KernelOnly.PartE.E24KC5Direct_e24KC2PhiAboveLeaf1101101__c1__c0__c0__c1_5_00082	C:\Users\Acer\Downloads\Gerver_Sofa_Lean_Formalisation_2026-08-19\GerverSofaLean\GerverSofa\KernelOnly\PartE\E24KC5Direct_e24KC2PhiAboveLeaf1101101__c1__c0__c0__c1_5_00082.lean
GerverSofa.KernelOnly.PartE.E24KC5Direct_e24KC2PhiAboveLeaf1101101__c1__c0__c0__c2_5_00083	C:\Users\Acer\Downloads\Gerver_Sofa_Lean_Formalisation_2026-08-19\GerverSofaLean\GerverSofa\KernelOnly\PartE\E24KC5Direct_e24KC2PhiAboveLeaf1101101__c1__c0__c0__c2_5_00083.lean
GerverSofa.KernelOnly.PartE.E24KC5Direct_e24KC2PhiAboveLeaf1101101__c1__c0__c0__c3_5_00084	C:\Users\Acer\Downloads\Gerver_Sofa_Lean_Formalisation_2026-08-19\GerverSofaLean\GerverSofa\KernelOnly\PartE\E24KC5Direct_e24KC2PhiAboveLeaf1101101__c1__c0__c0__c3_5_00084.lean
GerverSofa.KernelOnly.PartE.E24KC5Direct_e24KC2PhiAboveLeaf1101101__c1__c0__c1__c0_5_00087	C:\Users\Acer\Downloads\Gerver_Sofa_Lean_Formalisation_2026-08-19\GerverSofaLean\GerverSofa\KernelOnly\PartE\E24KC5Direct_e24KC2PhiAboveLeaf1101101__c1__c0__c1__c0_5_00087.lean
GerverSofa.KernelOnly.PartE.E24KC5Direct_e24KC2PhiAboveLeaf1101101__c1__c0__c1__c1_5_00088	C:\Users\Acer\Downloads\Gerver_Sofa_Lean_Formalisation_2026-08-19\GerverSofaLean\GerverSofa\KernelOnly\PartE\E24KC5Direct_e24KC2PhiAboveLeaf1101101__c1__c0__c1__c1_5_00088.lean
GerverSofa.KernelOnly.PartE.E24KC5Direct_e24KC2PhiAboveLeaf1101101__c1__c0__c1__c2_5_00089	C:\Users\Acer\Downloads\Gerver_Sofa_Lean_Formalisation_2026-08-19\GerverSofaLean\GerverSofa\KernelOnly\PartE\E24KC5Direct_e24KC2PhiAboveLeaf1101101__c1__c0__c1__c2_5_00089.lean
GerverSofa.KernelOnly.PartE.E24KC5Direct_e24KC2PhiAboveLeaf1101101__c1__c0__c1__c3_5_00090	C:\Users\Acer\Downloads\Gerver_Sofa_Lean_Formalisation_2026-08-19\GerverSofaLean\GerverSofa\KernelOnly\PartE\E24KC5Direct_e24KC2PhiAboveLeaf1101101__c1__c0__c1__c3_5_00090.lean
GerverSofa.KernelOnly.PartE.E24KC5Direct_e24KC2PhiAboveLeaf1101101__c1__c0__c2_6_00092	C:\Users\Acer\Downloads\Gerver_Sofa_Lean_Formalisation_2026-08-19\GerverSofaLean\GerverSofa\KernelOnly\PartE\E24KC5Direct_e24KC2PhiAboveLeaf1101101__c1__c0__c2_6_00092.lean
GerverSofa.KernelOnly.PartE.E24KC5Direct_e24KC2PhiAboveLeaf1101101__c1__c0__c3_6_00093	C:\Users\Acer\Downloads\Gerver_Sofa_Lean_Formalisation_2026-08-19\GerverSofaLean\GerverSofa\KernelOnly\PartE\E24KC5Direct_e24KC2PhiAboveLeaf1101101__c1__c0__c3_6_00093.lean
GerverSofa.KernelOnly.PartE.E24KC5Direct_e24KC2PhiAboveLeaf1101101__c1__c1__c0__c0_5_00097	C:\Users\Acer\Downloads\Gerver_Sofa_Lean_Formalisation_2026-08-19\GerverSofaLean\GerverSofa\KernelOnly\PartE\E24KC5Direct_e24KC2PhiAboveLeaf1101101__c1__c1__c0__c0_5_00097.lean
GerverSofa.KernelOnly.PartE.E24KC5Direct_e24KC2PhiAboveLeaf1101101__c1__c1__c0__c1_5_00098	C:\Users\Acer\Downloads\Gerver_Sofa_Lean_Formalisation_2026-08-19\GerverSofaLean\GerverSofa\KernelOnly\PartE\E24KC5Direct_e24KC2PhiAboveLeaf1101101__c1__c1__c0__c1_5_00098.lean
GerverSofa.KernelOnly.PartE.E24KC5Direct_e24KC2PhiAboveLeaf1101101__c1__c1__c0__c2_5_00099	C:\Users\Acer\Downloads\Gerver_Sofa_Lean_Formalisation_2026-08-19\GerverSofaLean\GerverSofa\KernelOnly\PartE\E24KC5Direct_e24KC2PhiAboveLeaf1101101__c1__c1__c0__c2_5_00099.lean
GerverSofa.KernelOnly.PartE.E24KC5Direct_e24KC2PhiAboveLeaf1101101__c1__c1__c0__c3_5_00100	C:\Users\Acer\Downloads\Gerver_Sofa_Lean_Formalisation_2026-08-19\GerverSofaLean\GerverSofa\KernelOnly\PartE\E24KC5Direct_e24KC2PhiAboveLeaf1101101__c1__c1__c0__c3_5_00100.lean
GerverSofa.KernelOnly.PartE.E24KC5Direct_e24KC2PhiAboveLeaf1101101__c1__c1__c1_6_00102	C:\Users\Acer\Downloads\Gerver_Sofa_Lean_Formalisation_2026-08-19\GerverSofaLean\GerverSofa\KernelOnly\PartE\E24KC5Direct_e24KC2PhiAboveLeaf1101101__c1__c1__c1_6_00102.lean
GerverSofa.KernelOnly.PartE.E24KC5Direct_e24KC2PhiAboveLeaf1101101__c1__c1__c2_6_00103	C:\Users\Acer\Downloads\Gerver_Sofa_Lean_Formalisation_2026-08-19\GerverSofaLean\GerverSofa\KernelOnly\PartE\E24KC5Direct_e24KC2PhiAboveLeaf1101101__c1__c1__c2_6_00103.lean
GerverSofa.KernelOnly.PartE.E24KC5Direct_e24KC2PhiAboveLeaf1101101__c1__c1__c3_6_00104	C:\Users\Acer\Downloads\Gerver_Sofa_Lean_Formalisation_2026-08-19\GerverSofaLean\GerverSofa\KernelOnly\PartE\E24KC5Direct_e24KC2PhiAboveLeaf1101101__c1__c1__c3_6_00104.lean
GerverSofa.KernelOnly.PartE.E24KC5Direct_e24KC2PhiAboveLeaf1101101__c1__c2_7_00106	C:\Users\Acer\Downloads\Gerver_Sofa_Lean_Formalisation_2026-08-19\GerverSofaLean\GerverSofa\KernelOnly\PartE\E24KC5Direct_e24KC2PhiAboveLeaf1101101__c1__c2_7_00106.lean
GerverSofa.KernelOnly.PartE.E24KC5Direct_e24KC2PhiAboveLeaf1101101__c1__c3_7_00107	C:\Users\Acer\Downloads\Gerver_Sofa_Lean_Formalisation_2026-08-19\GerverSofaLean\GerverSofa\KernelOnly\PartE\E24KC5Direct_e24KC2PhiAboveLeaf1101101__c1__c3_7_00107.lean
GerverSofa.KernelOnly.PartE.E24KC5Direct_e24KC2PhiAboveLeaf1101101__c2_8_00109	C:\Users\Acer\Downloads\Gerver_Sofa_Lean_Formalisation_2026-08-19\GerverSofaLean\GerverSofa\KernelOnly\PartE\E24KC5Direct_e24KC2PhiAboveLeaf1101101__c2_8_00109.lean
GerverSofa.KernelOnly.PartE.E24KC5Direct_e24KC2PhiAboveLeaf1101101__c3_8_00110	C:\Users\Acer\Downloads\Gerver_Sofa_Lean_Formalisation_2026-08-19\GerverSofaLean\GerverSofa\KernelOnly\PartE\E24KC5Direct_e24KC2PhiAboveLeaf1101101__c3_8_00110.lean
GerverSofa.KernelOnly.PartE.E24KC5Direct_e24KC2PhiAboveLeaf1101110__c0__c0__c0_6_00118	C:\Users\Acer\Downloads\Gerver_Sofa_Lean_Formalisation_2026-08-19\GerverSofaLean\GerverSofa\KernelOnly\PartE\E24KC5Direct_e24KC2PhiAboveLeaf1101110__c0__c0__c0_6_00118.lean
GerverSofa.KernelOnly.PartE.E24KC5Direct_e24KC2PhiAboveLeaf1101110__c0__c0__c1_6_00119	C:\Users\Acer\Downloads\Gerver_Sofa_Lean_Formalisation_2026-08-19\GerverSofaLean\GerverSofa\KernelOnly\PartE\E24KC5Direct_e24KC2PhiAboveLeaf1101110__c0__c0__c1_6_00119.lean
GerverSofa.KernelOnly.PartE.E24KC5Direct_e24KC2PhiAboveLeaf1101110__c0__c0__c2_6_00120	C:\Users\Acer\Downloads\Gerver_Sofa_Lean_Formalisation_2026-08-19\GerverSofaLean\GerverSofa\KernelOnly\PartE\E24KC5Direct_e24KC2PhiAboveLeaf1101110__c0__c0__c2_6_00120.lean
GerverSofa.KernelOnly.PartE.E24KC5Direct_e24KC2PhiAboveLeaf1101110__c0__c0__c3_6_00121	C:\Users\Acer\Downloads\Gerver_Sofa_Lean_Formalisation_2026-08-19\GerverSofaLean\GerverSofa\KernelOnly\PartE\E24KC5Direct_e24KC2PhiAboveLeaf1101110__c0__c0__c3_6_00121.lean
GerverSofa.KernelOnly.PartE.E24KC5Direct_e24KC2PhiAboveLeaf1101110__c0__c1__c0__c0_5_00125	C:\Users\Acer\Downloads\Gerver_Sofa_Lean_Formalisation_2026-08-19\GerverSofaLean\GerverSofa\KernelOnly\PartE\E24KC5Direct_e24KC2PhiAboveLeaf1101110__c0__c1__c0__c0_5_00125.lean
GerverSofa.KernelOnly.PartE.E24KC5Direct_e24KC2PhiAboveLeaf1101110__c0__c1__c0__c1_5_00126	C:\Users\Acer\Downloads\Gerver_Sofa_Lean_Formalisation_2026-08-19\GerverSofaLean\GerverSofa\KernelOnly\PartE\E24KC5Direct_e24KC2PhiAboveLeaf1101110__c0__c1__c0__c1_5_00126.lean
GerverSofa.KernelOnly.PartE.E24KC5Direct_e24KC2PhiAboveLeaf1101110__c0__c1__c0__c2_5_00127	C:\Users\Acer\Downloads\Gerver_Sofa_Lean_Formalisation_2026-08-19\GerverSofaLean\GerverSofa\KernelOnly\PartE\E24KC5Direct_e24KC2PhiAboveLeaf1101110__c0__c1__c0__c2_5_00127.lean
GerverSofa.KernelOnly.PartE.E24KC5Direct_e24KC2PhiAboveLeaf1101110__c0__c1__c0__c3_5_00128	C:\Users\Acer\Downloads\Gerver_Sofa_Lean_Formalisation_2026-08-19\GerverSofaLean\GerverSofa\KernelOnly\PartE\E24KC5Direct_e24KC2PhiAboveLeaf1101110__c0__c1__c0__c3_5_00128.lean
GerverSofa.KernelOnly.PartE.E24KC5Direct_e24KC2PhiAboveLeaf1101110__c0__c1__c1_6_00130	C:\Users\Acer\Downloads\Gerver_Sofa_Lean_Formalisation_2026-08-19\GerverSofaLean\GerverSofa\KernelOnly\PartE\E24KC5Direct_e24KC2PhiAboveLeaf1101110__c0__c1__c1_6_00130.lean
GerverSofa.KernelOnly.PartE.E24KC5Direct_e24KC2PhiAboveLeaf1101110__c0__c1__c2_6_00131	C:\Users\Acer\Downloads\Gerver_Sofa_Lean_Formalisation_2026-08-19\GerverSofaLean\GerverSofa\KernelOnly\PartE\E24KC5Direct_e24KC2PhiAboveLeaf1101110__c0__c1__c2_6_00131.lean
GerverSofa.KernelOnly.PartE.E24KC5Direct_e24KC2PhiAboveLeaf1101110__c0__c1__c3_6_00132	C:\Users\Acer\Downloads\Gerver_Sofa_Lean_Formalisation_2026-08-19\GerverSofaLean\GerverSofa\KernelOnly\PartE\E24KC5Direct_e24KC2PhiAboveLeaf1101110__c0__c1__c3_6_00132.lean
GerverSofa.KernelOnly.PartE.E24KC5Direct_e24KC2PhiAboveLeaf1101110__c0__c2_7_00134	C:\Users\Acer\Downloads\Gerver_Sofa_Lean_Formalisation_2026-08-19\GerverSofaLean\GerverSofa\KernelOnly\PartE\E24KC5Direct_e24KC2PhiAboveLeaf1101110__c0__c2_7_00134.lean
GerverSofa.KernelOnly.PartE.E24KC5Direct_e24KC2PhiAboveLeaf1101110__c0__c3_7_00135	C:\Users\Acer\Downloads\Gerver_Sofa_Lean_Formalisation_2026-08-19\GerverSofaLean\GerverSofa\KernelOnly\PartE\E24KC5Direct_e24KC2PhiAboveLeaf1101110__c0__c3_7_00135.lean
GerverSofa.KernelOnly.PartE.E24KC5Direct_e24KC2PhiAboveLeaf1101110__c1__c0_7_00138	C:\Users\Acer\Downloads\Gerver_Sofa_Lean_Formalisation_2026-08-19\GerverSofaLean\GerverSofa\KernelOnly\PartE\E24KC5Direct_e24KC2PhiAboveLeaf1101110__c1__c0_7_00138.lean
GerverSofa.KernelOnly.PartE.E24KC5Direct_e24KC2PhiAboveLeaf1101110__c1__c1_7_00139	C:\Users\Acer\Downloads\Gerver_Sofa_Lean_Formalisation_2026-08-19\GerverSofaLean\GerverSofa\KernelOnly\PartE\E24KC5Direct_e24KC2PhiAboveLeaf1101110__c1__c1_7_00139.lean
GerverSofa.KernelOnly.PartE.E24KC5Direct_e24KC2PhiAboveLeaf1101110__c1__c2_7_00140	C:\Users\Acer\Downloads\Gerver_Sofa_Lean_Formalisation_2026-08-19\GerverSofaLean\GerverSofa\KernelOnly\PartE\E24KC5Direct_e24KC2PhiAboveLeaf1101110__c1__c2_7_00140.lean
GerverSofa.KernelOnly.PartE.E24KC5Direct_e24KC2PhiAboveLeaf1101110__c1__c3_7_00141	C:\Users\Acer\Downloads\Gerver_Sofa_Lean_Formalisation_2026-08-19\GerverSofaLean\GerverSofa\KernelOnly\PartE\E24KC5Direct_e24KC2PhiAboveLeaf1101110__c1__c3_7_00141.lean
GerverSofa.KernelOnly.PartE.E24KC5Direct_e24KC2PhiAboveLeaf1101110__c2_8_00143	C:\Users\Acer\Downloads\Gerver_Sofa_Lean_Formalisation_2026-08-19\GerverSofaLean\GerverSofa\KernelOnly\PartE\E24KC5Direct_e24KC2PhiAboveLeaf1101110__c2_8_00143.lean
GerverSofa.KernelOnly.PartE.E24KC5Direct_e24KC2PhiAboveLeaf1101110__c3_8_00144	C:\Users\Acer\Downloads\Gerver_Sofa_Lean_Formalisation_2026-08-19\GerverSofaLean\GerverSofa\KernelOnly\PartE\E24KC5Direct_e24KC2PhiAboveLeaf1101110__c3_8_00144.lean
GerverSofa.KernelOnly.PartE.E24KC5Direct_e24KC2PhiAboveLeaf1101111__c0__c0_7_00150	C:\Users\Acer\Downloads\Gerver_Sofa_Lean_Formalisation_2026-08-19\GerverSofaLean\GerverSofa\KernelOnly\PartE\E24KC5Direct_e24KC2PhiAboveLeaf1101111__c0__c0_7_00150.lean
GerverSofa.KernelOnly.PartE.E24KC5Direct_e24KC2PhiAboveLeaf1101111__c0__c1__c0_6_00152	C:\Users\Acer\Downloads\Gerver_Sofa_Lean_Formalisation_2026-08-19\GerverSofaLean\GerverSofa\KernelOnly\PartE\E24KC5Direct_e24KC2PhiAboveLeaf1101111__c0__c1__c0_6_00152.lean
GerverSofa.KernelOnly.PartE.E24KC5Direct_e24KC2PhiAboveLeaf1101111__c0__c1__c1_6_00153	C:\Users\Acer\Downloads\Gerver_Sofa_Lean_Formalisation_2026-08-19\GerverSofaLean\GerverSofa\KernelOnly\PartE\E24KC5Direct_e24KC2PhiAboveLeaf1101111__c0__c1__c1_6_00153.lean
GerverSofa.KernelOnly.PartE.E24KC5Direct_e24KC2PhiAboveLeaf1101111__c0__c1__c2_6_00154	C:\Users\Acer\Downloads\Gerver_Sofa_Lean_Formalisation_2026-08-19\GerverSofaLean\GerverSofa\KernelOnly\PartE\E24KC5Direct_e24KC2PhiAboveLeaf1101111__c0__c1__c2_6_00154.lean
GerverSofa.KernelOnly.PartE.E24KC5Direct_e24KC2PhiAboveLeaf1101111__c0__c1__c3_6_00155	C:\Users\Acer\Downloads\Gerver_Sofa_Lean_Formalisation_2026-08-19\GerverSofaLean\GerverSofa\KernelOnly\PartE\E24KC5Direct_e24KC2PhiAboveLeaf1101111__c0__c1__c3_6_00155.lean
GerverSofa.KernelOnly.PartE.E24KC5Direct_e24KC2PhiAboveLeaf1101111__c0__c2_7_00157	C:\Users\Acer\Downloads\Gerver_Sofa_Lean_Formalisation_2026-08-19\GerverSofaLean\GerverSofa\KernelOnly\PartE\E24KC5Direct_e24KC2PhiAboveLeaf1101111__c0__c2_7_00157.lean
GerverSofa.KernelOnly.PartE.E24KC5Direct_e24KC2PhiAboveLeaf1101111__c0__c3_7_00158	C:\Users\Acer\Downloads\Gerver_Sofa_Lean_Formalisation_2026-08-19\GerverSofaLean\GerverSofa\KernelOnly\PartE\E24KC5Direct_e24KC2PhiAboveLeaf1101111__c0__c3_7_00158.lean
GerverSofa.KernelOnly.PartE.E24KC5Direct_e24KC2PhiAboveLeaf1101111__c1__c0_7_00161	C:\Users\Acer\Downloads\Gerver_Sofa_Lean_Formalisation_2026-08-19\GerverSofaLean\GerverSofa\KernelOnly\PartE\E24KC5Direct_e24KC2PhiAboveLeaf1101111__c1__c0_7_00161.lean
GerverSofa.KernelOnly.PartE.E24KC5Direct_e24KC2PhiAboveLeaf1101111__c1__c1_7_00162	C:\Users\Acer\Downloads\Gerver_Sofa_Lean_Formalisation_2026-08-19\GerverSofaLean\GerverSofa\KernelOnly\PartE\E24KC5Direct_e24KC2PhiAboveLeaf1101111__c1__c1_7_00162.lean
GerverSofa.KernelOnly.PartE.E24KC5Direct_e24KC2PhiAboveLeaf1101111__c1__c2_7_00163	C:\Users\Acer\Downloads\Gerver_Sofa_Lean_Formalisation_2026-08-19\GerverSofaLean\GerverSofa\KernelOnly\PartE\E24KC5Direct_e24KC2PhiAboveLeaf1101111__c1__c2_7_00163.lean
GerverSofa.KernelOnly.PartE.E24KC5Direct_e24KC2PhiAboveLeaf1101111__c1__c3_7_00164	C:\Users\Acer\Downloads\Gerver_Sofa_Lean_Formalisation_2026-08-19\GerverSofaLean\GerverSofa\KernelOnly\PartE\E24KC5Direct_e24KC2PhiAboveLeaf1101111__c1__c3_7_00164.lean
GerverSofa.KernelOnly.PartE.E24KC5Direct_e24KC2PhiAboveLeaf1101111__c2_8_00166	C:\Users\Acer\Downloads\Gerver_Sofa_Lean_Formalisation_2026-08-19\GerverSofaLean\GerverSofa\KernelOnly\PartE\E24KC5Direct_e24KC2PhiAboveLeaf1101111__c2_8_00166.lean
GerverSofa.KernelOnly.PartE.E24KC5Direct_e24KC2PhiAboveLeaf1101111__c3_8_00167	C:\Users\Acer\Downloads\Gerver_Sofa_Lean_Formalisation_2026-08-19\GerverSofaLean\GerverSofa\KernelOnly\PartE\E24KC5Direct_e24KC2PhiAboveLeaf1101111__c3_8_00167.lean
GerverSofa.KernelOnly.PartE.E24KC5Direct_e24KC2PhiAboveLeaf1110000__c0__c0_7_00174	C:\Users\Acer\Downloads\Gerver_Sofa_Lean_Formalisation_2026-08-19\GerverSofaLean\GerverSofa\KernelOnly\PartE\E24KC5Direct_e24KC2PhiAboveLeaf1110000__c0__c0_7_00174.lean
GerverSofa.KernelOnly.PartE.E24KC5Direct_e24KC2PhiAboveLeaf1110000__c0__c1_7_00175	C:\Users\Acer\Downloads\Gerver_Sofa_Lean_Formalisation_2026-08-19\GerverSofaLean\GerverSofa\KernelOnly\PartE\E24KC5Direct_e24KC2PhiAboveLeaf1110000__c0__c1_7_00175.lean
GerverSofa.KernelOnly.PartE.E24KC5Direct_e24KC2PhiAboveLeaf1110000__c0__c2_7_00176	C:\Users\Acer\Downloads\Gerver_Sofa_Lean_Formalisation_2026-08-19\GerverSofaLean\GerverSofa\KernelOnly\PartE\E24KC5Direct_e24KC2PhiAboveLeaf1110000__c0__c2_7_00176.lean
GerverSofa.KernelOnly.PartE.E24KC5Direct_e24KC2PhiAboveLeaf1110000__c0__c3_7_00177	C:\Users\Acer\Downloads\Gerver_Sofa_Lean_Formalisation_2026-08-19\GerverSofaLean\GerverSofa\KernelOnly\PartE\E24KC5Direct_e24KC2PhiAboveLeaf1110000__c0__c3_7_00177.lean
GerverSofa.KernelOnly.PartE.E24KC5Direct_e24KC2PhiAboveLeaf1110000__c1_8_00179	C:\Users\Acer\Downloads\Gerver_Sofa_Lean_Formalisation_2026-08-19\GerverSofaLean\GerverSofa\KernelOnly\PartE\E24KC5Direct_e24KC2PhiAboveLeaf1110000__c1_8_00179.lean
GerverSofa.KernelOnly.PartE.E24KC5Direct_e24KC2PhiAboveLeaf1110000__c2_8_00180	C:\Users\Acer\Downloads\Gerver_Sofa_Lean_Formalisation_2026-08-19\GerverSofaLean\GerverSofa\KernelOnly\PartE\E24KC5Direct_e24KC2PhiAboveLeaf1110000__c2_8_00180.lean
GerverSofa.KernelOnly.PartE.E24KC5Direct_e24KC2PhiAboveLeaf1110000__c3_8_00181	C:\Users\Acer\Downloads\Gerver_Sofa_Lean_Formalisation_2026-08-19\GerverSofaLean\GerverSofa\KernelOnly\PartE\E24KC5Direct_e24KC2PhiAboveLeaf1110000__c3_8_00181.lean
GerverSofa.KernelOnly.PartE.E24KC5Direct_e24KC2PhiAboveLeaf1110001__c0_8_00187	C:\Users\Acer\Downloads\Gerver_Sofa_Lean_Formalisation_2026-08-19\GerverSofaLean\GerverSofa\KernelOnly\PartE\E24KC5Direct_e24KC2PhiAboveLeaf1110001__c0_8_00187.lean
GerverSofa.KernelOnly.PartE.E24KC5Direct_e24KC2PhiAboveLeaf1110001__c1_8_00188	C:\Users\Acer\Downloads\Gerver_Sofa_Lean_Formalisation_2026-08-19\GerverSofaLean\GerverSofa\KernelOnly\PartE\E24KC5Direct_e24KC2PhiAboveLeaf1110001__c1_8_00188.lean
GerverSofa.KernelOnly.PartE.E24KC5Direct_e24KC2PhiAboveLeaf1110001__c2_8_00189	C:\Users\Acer\Downloads\Gerver_Sofa_Lean_Formalisation_2026-08-19\GerverSofaLean\GerverSofa\KernelOnly\PartE\E24KC5Direct_e24KC2PhiAboveLeaf1110001__c2_8_00189.lean
GerverSofa.KernelOnly.PartE.E24KC5Direct_e24KC2PhiAboveLeaf1110001__c3_8_00190	C:\Users\Acer\Downloads\Gerver_Sofa_Lean_Formalisation_2026-08-19\GerverSofaLean\GerverSofa\KernelOnly\PartE\E24KC5Direct_e24KC2PhiAboveLeaf1110001__c3_8_00190.lean
GerverSofa.KernelOnly.PartE.E24KC5Direct_e24KC2PhiAboveLeaf1110010__c0_8_00196	C:\Users\Acer\Downloads\Gerver_Sofa_Lean_Formalisation_2026-08-19\GerverSofaLean\GerverSofa\KernelOnly\PartE\E24KC5Direct_e24KC2PhiAboveLeaf1110010__c0_8_00196.lean
GerverSofa.KernelOnly.PartE.E24KC5Direct_e24KC2PhiAboveLeaf1110010__c1_8_00197	C:\Users\Acer\Downloads\Gerver_Sofa_Lean_Formalisation_2026-08-19\GerverSofaLean\GerverSofa\KernelOnly\PartE\E24KC5Direct_e24KC2PhiAboveLeaf1110010__c1_8_00197.lean
GerverSofa.KernelOnly.PartE.E24KC5Direct_e24KC2PhiAboveLeaf1110010__c2_8_00198	C:\Users\Acer\Downloads\Gerver_Sofa_Lean_Formalisation_2026-08-19\GerverSofaLean\GerverSofa\KernelOnly\PartE\E24KC5Direct_e24KC2PhiAboveLeaf1110010__c2_8_00198.lean
GerverSofa.KernelOnly.PartE.E24KC5Direct_e24KC2PhiAboveLeaf1110010__c3_8_00199	C:\Users\Acer\Downloads\Gerver_Sofa_Lean_Formalisation_2026-08-19\GerverSofaLean\GerverSofa\KernelOnly\PartE\E24KC5Direct_e24KC2PhiAboveLeaf1110010__c3_8_00199.lean
GerverSofa.KernelOnly.PartE.E24KC5Direct_e24KC2PhiAboveLeaf1110011__c0_8_00204	C:\Users\Acer\Downloads\Gerver_Sofa_Lean_Formalisation_2026-08-19\GerverSofaLean\GerverSofa\KernelOnly\PartE\E24KC5Direct_e24KC2PhiAboveLeaf1110011__c0_8_00204.lean
GerverSofa.KernelOnly.PartE.E24KC5Direct_e24KC2PhiAboveLeaf1110011__c1_8_00205	C:\Users\Acer\Downloads\Gerver_Sofa_Lean_Formalisation_2026-08-19\GerverSofaLean\GerverSofa\KernelOnly\PartE\E24KC5Direct_e24KC2PhiAboveLeaf1110011__c1_8_00205.lean
GerverSofa.KernelOnly.PartE.E24KC5Direct_e24KC2PhiAboveLeaf1110011__c2_8_00206	C:\Users\Acer\Downloads\Gerver_Sofa_Lean_Formalisation_2026-08-19\GerverSofaLean\GerverSofa\KernelOnly\PartE\E24KC5Direct_e24KC2PhiAboveLeaf1110011__c2_8_00206.lean
GerverSofa.KernelOnly.PartE.E24KC5Direct_e24KC2PhiAboveLeaf1110011__c3_8_00207	C:\Users\Acer\Downloads\Gerver_Sofa_Lean_Formalisation_2026-08-19\GerverSofaLean\GerverSofa\KernelOnly\PartE\E24KC5Direct_e24KC2PhiAboveLeaf1110011__c3_8_00207.lean
GerverSofa.KernelOnly.PartE.E24KC5Direct_e24KC2PhiBelowLeaf33203__c0_8_00242	C:\Users\Acer\Downloads\Gerver_Sofa_Lean_Formalisation_2026-08-19\GerverSofaLean\GerverSofa\KernelOnly\PartE\E24KC5Direct_e24KC2PhiBelowLeaf33203__c0_8_00242.lean
GerverSofa.KernelOnly.PartE.E24KC5Direct_e24KC2PhiBelowLeaf33203__c1_8_00243	C:\Users\Acer\Downloads\Gerver_Sofa_Lean_Formalisation_2026-08-19\GerverSofaLean\GerverSofa\KernelOnly\PartE\E24KC5Direct_e24KC2PhiBelowLeaf33203__c1_8_00243.lean
GerverSofa.KernelOnly.PartE.E24KC5Direct_e24KC2PhiBelowLeaf33203__c2_8_00244	C:\Users\Acer\Downloads\Gerver_Sofa_Lean_Formalisation_2026-08-19\GerverSofaLean\GerverSofa\KernelOnly\PartE\E24KC5Direct_e24KC2PhiBelowLeaf33203__c2_8_00244.lean
GerverSofa.KernelOnly.PartE.E24KC5Direct_e24KC2PhiBelowLeaf33203__c3_8_00245	C:\Users\Acer\Downloads\Gerver_Sofa_Lean_Formalisation_2026-08-19\GerverSofaLean\GerverSofa\KernelOnly\PartE\E24KC5Direct_e24KC2PhiBelowLeaf33203__c3_8_00245.lean
GerverSofa.KernelOnly.PartE.E24KC5Direct_e24KC2PhiBelowLeaf33221__c0_8_00256	C:\Users\Acer\Downloads\Gerver_Sofa_Lean_Formalisation_2026-08-19\GerverSofaLean\GerverSofa\KernelOnly\PartE\E24KC5Direct_e24KC2PhiBelowLeaf33221__c0_8_00256.lean
GerverSofa.KernelOnly.PartE.E24KC5Direct_e24KC2PhiBelowLeaf33221__c1_8_00257	C:\Users\Acer\Downloads\Gerver_Sofa_Lean_Formalisation_2026-08-19\GerverSofaLean\GerverSofa\KernelOnly\PartE\E24KC5Direct_e24KC2PhiBelowLeaf33221__c1_8_00257.lean
GerverSofa.KernelOnly.PartE.E24KC5Direct_e24KC2PhiBelowLeaf33221__c2_8_00258	C:\Users\Acer\Downloads\Gerver_Sofa_Lean_Formalisation_2026-08-19\GerverSofaLean\GerverSofa\KernelOnly\PartE\E24KC5Direct_e24KC2PhiBelowLeaf33221__c2_8_00258.lean
GerverSofa.KernelOnly.PartE.E24KC5Direct_e24KC2PhiBelowLeaf33221__c3_8_00259	C:\Users\Acer\Downloads\Gerver_Sofa_Lean_Formalisation_2026-08-19\GerverSofaLean\GerverSofa\KernelOnly\PartE\E24KC5Direct_e24KC2PhiBelowLeaf33221__c3_8_00259.lean
GerverSofa.KernelOnly.PartE.E24KC5Direct_e24KC2PhiBelowLeaf33223__c0_8_00265	C:\Users\Acer\Downloads\Gerver_Sofa_Lean_Formalisation_2026-08-19\GerverSofaLean\GerverSofa\KernelOnly\PartE\E24KC5Direct_e24KC2PhiBelowLeaf33223__c0_8_00265.lean
GerverSofa.KernelOnly.PartE.E24KC5Direct_e24KC2PhiBelowLeaf33223__c1_8_00266	C:\Users\Acer\Downloads\Gerver_Sofa_Lean_Formalisation_2026-08-19\GerverSofaLean\GerverSofa\KernelOnly\PartE\E24KC5Direct_e24KC2PhiBelowLeaf33223__c1_8_00266.lean
GerverSofa.KernelOnly.PartE.E24KC5Direct_e24KC2PhiBelowLeaf33223__c2_8_00267	C:\Users\Acer\Downloads\Gerver_Sofa_Lean_Formalisation_2026-08-19\GerverSofaLean\GerverSofa\KernelOnly\PartE\E24KC5Direct_e24KC2PhiBelowLeaf33223__c2_8_00267.lean
GerverSofa.KernelOnly.PartE.E24KC5Direct_e24KC2PhiBelowLeaf33223__c3_8_00268	C:\Users\Acer\Downloads\Gerver_Sofa_Lean_Formalisation_2026-08-19\GerverSofaLean\GerverSofa\KernelOnly\PartE\E24KC5Direct_e24KC2PhiBelowLeaf33223__c3_8_00268.lean
GerverSofa.KernelOnly.PartE.E24KC5Direct_e24KC2PhiBelowLeaf33230__c0_8_00271	C:\Users\Acer\Downloads\Gerver_Sofa_Lean_Formalisation_2026-08-19\GerverSofaLean\GerverSofa\KernelOnly\PartE\E24KC5Direct_e24KC2PhiBelowLeaf33230__c0_8_00271.lean
GerverSofa.KernelOnly.PartE.E24KC5Direct_e24KC2PhiBelowLeaf33230__c1_8_00272	C:\Users\Acer\Downloads\Gerver_Sofa_Lean_Formalisation_2026-08-19\GerverSofaLean\GerverSofa\KernelOnly\PartE\E24KC5Direct_e24KC2PhiBelowLeaf33230__c1_8_00272.lean
GerverSofa.KernelOnly.PartE.E24KC5Direct_e24KC2PhiBelowLeaf33230__c2__c0_7_00274	C:\Users\Acer\Downloads\Gerver_Sofa_Lean_Formalisation_2026-08-19\GerverSofaLean\GerverSofa\KernelOnly\PartE\E24KC5Direct_e24KC2PhiBelowLeaf33230__c2__c0_7_00274.lean
GerverSofa.KernelOnly.PartE.E24KC5Direct_e24KC2PhiBelowLeaf33230__c2__c1_7_00275	C:\Users\Acer\Downloads\Gerver_Sofa_Lean_Formalisation_2026-08-19\GerverSofaLean\GerverSofa\KernelOnly\PartE\E24KC5Direct_e24KC2PhiBelowLeaf33230__c2__c1_7_00275.lean
GerverSofa.KernelOnly.PartE.E24KC5Direct_e24KC2PhiBelowLeaf33230__c2__c2_7_00276	C:\Users\Acer\Downloads\Gerver_Sofa_Lean_Formalisation_2026-08-19\GerverSofaLean\GerverSofa\KernelOnly\PartE\E24KC5Direct_e24KC2PhiBelowLeaf33230__c2__c2_7_00276.lean
GerverSofa.KernelOnly.PartE.E24KC5Direct_e24KC2PhiBelowLeaf33230__c2__c3_7_00277	C:\Users\Acer\Downloads\Gerver_Sofa_Lean_Formalisation_2026-08-19\GerverSofaLean\GerverSofa\KernelOnly\PartE\E24KC5Direct_e24KC2PhiBelowLeaf33230__c2__c3_7_00277.lean
GerverSofa.KernelOnly.PartE.E24KC5Direct_e24KC2PhiBelowLeaf33230__c3__c0_7_00280	C:\Users\Acer\Downloads\Gerver_Sofa_Lean_Formalisation_2026-08-19\GerverSofaLean\GerverSofa\KernelOnly\PartE\E24KC5Direct_e24KC2PhiBelowLeaf33230__c3__c0_7_00280.lean
GerverSofa.KernelOnly.PartE.E24KC5Direct_e24KC2PhiBelowLeaf33230__c3__c1_7_00281	C:\Users\Acer\Downloads\Gerver_Sofa_Lean_Formalisation_2026-08-19\GerverSofaLean\GerverSofa\KernelOnly\PartE\E24KC5Direct_e24KC2PhiBelowLeaf33230__c3__c1_7_00281.lean
GerverSofa.KernelOnly.PartE.E24KC5Direct_e24KC2PhiBelowLeaf33230__c3__c2_7_00282	C:\Users\Acer\Downloads\Gerver_Sofa_Lean_Formalisation_2026-08-19\GerverSofaLean\GerverSofa\KernelOnly\PartE\E24KC5Direct_e24KC2PhiBelowLeaf33230__c3__c2_7_00282.lean
GerverSofa.KernelOnly.PartE.E24KC5Direct_e24KC2PhiBelowLeaf33230__c3__c3_7_00283	C:\Users\Acer\Downloads\Gerver_Sofa_Lean_Formalisation_2026-08-19\GerverSofaLean\GerverSofa\KernelOnly\PartE\E24KC5Direct_e24KC2PhiBelowLeaf33230__c3__c3_7_00283.lean
GerverSofa.KernelOnly.PartE.E24KC5Direct_e24KC2PhiBelowLeaf33232__c0__c0_7_00290	C:\Users\Acer\Downloads\Gerver_Sofa_Lean_Formalisation_2026-08-19\GerverSofaLean\GerverSofa\KernelOnly\PartE\E24KC5Direct_e24KC2PhiBelowLeaf33232__c0__c0_7_00290.lean
GerverSofa.KernelOnly.PartE.E24KC5Direct_e24KC2PhiBelowLeaf33232__c0__c1_7_00291	C:\Users\Acer\Downloads\Gerver_Sofa_Lean_Formalisation_2026-08-19\GerverSofaLean\GerverSofa\KernelOnly\PartE\E24KC5Direct_e24KC2PhiBelowLeaf33232__c0__c1_7_00291.lean
GerverSofa.KernelOnly.PartE.E24KC5Direct_e24KC2PhiBelowLeaf33232__c0__c2_7_00292	C:\Users\Acer\Downloads\Gerver_Sofa_Lean_Formalisation_2026-08-19\GerverSofaLean\GerverSofa\KernelOnly\PartE\E24KC5Direct_e24KC2PhiBelowLeaf33232__c0__c2_7_00292.lean
GerverSofa.KernelOnly.PartE.E24KC5Direct_e24KC2PhiBelowLeaf33232__c0__c3_7_00293	C:\Users\Acer\Downloads\Gerver_Sofa_Lean_Formalisation_2026-08-19\GerverSofaLean\GerverSofa\KernelOnly\PartE\E24KC5Direct_e24KC2PhiBelowLeaf33232__c0__c3_7_00293.lean
GerverSofa.KernelOnly.PartE.E24KC5Direct_e24KC2PhiBelowLeaf33232__c1__c0__c0_6_00297	C:\Users\Acer\Downloads\Gerver_Sofa_Lean_Formalisation_2026-08-19\GerverSofaLean\GerverSofa\KernelOnly\PartE\E24KC5Direct_e24KC2PhiBelowLeaf33232__c1__c0__c0_6_00297.lean
GerverSofa.KernelOnly.PartE.E24KC5Direct_e24KC2PhiBelowLeaf33232__c1__c0__c1_6_00298	C:\Users\Acer\Downloads\Gerver_Sofa_Lean_Formalisation_2026-08-19\GerverSofaLean\GerverSofa\KernelOnly\PartE\E24KC5Direct_e24KC2PhiBelowLeaf33232__c1__c0__c1_6_00298.lean
GerverSofa.KernelOnly.PartE.E24KC5Direct_e24KC2PhiBelowLeaf33232__c1__c0__c2_6_00299	C:\Users\Acer\Downloads\Gerver_Sofa_Lean_Formalisation_2026-08-19\GerverSofaLean\GerverSofa\KernelOnly\PartE\E24KC5Direct_e24KC2PhiBelowLeaf33232__c1__c0__c2_6_00299.lean
GerverSofa.KernelOnly.PartE.E24KC5Direct_e24KC2PhiBelowLeaf33232__c1__c0__c3_6_00300	C:\Users\Acer\Downloads\Gerver_Sofa_Lean_Formalisation_2026-08-19\GerverSofaLean\GerverSofa\KernelOnly\PartE\E24KC5Direct_e24KC2PhiBelowLeaf33232__c1__c0__c3_6_00300.lean
GerverSofa.KernelOnly.PartE.E24KC5Direct_e24KC2PhiBelowLeaf33232__c1__c1_7_00302	C:\Users\Acer\Downloads\Gerver_Sofa_Lean_Formalisation_2026-08-19\GerverSofaLean\GerverSofa\KernelOnly\PartE\E24KC5Direct_e24KC2PhiBelowLeaf33232__c1__c1_7_00302.lean
GerverSofa.KernelOnly.PartE.E24KC5Direct_e24KC2PhiBelowLeaf33232__c1__c2__c0_6_00304	C:\Users\Acer\Downloads\Gerver_Sofa_Lean_Formalisation_2026-08-19\GerverSofaLean\GerverSofa\KernelOnly\PartE\E24KC5Direct_e24KC2PhiBelowLeaf33232__c1__c2__c0_6_00304.lean
GerverSofa.KernelOnly.PartE.E24KC5Direct_e24KC2PhiBelowLeaf33232__c1__c2__c1_6_00305	C:\Users\Acer\Downloads\Gerver_Sofa_Lean_Formalisation_2026-08-19\GerverSofaLean\GerverSofa\KernelOnly\PartE\E24KC5Direct_e24KC2PhiBelowLeaf33232__c1__c2__c1_6_00305.lean
GerverSofa.KernelOnly.PartE.E24KC5Direct_e24KC2PhiBelowLeaf33232__c1__c2__c2_6_00306	C:\Users\Acer\Downloads\Gerver_Sofa_Lean_Formalisation_2026-08-19\GerverSofaLean\GerverSofa\KernelOnly\PartE\E24KC5Direct_e24KC2PhiBelowLeaf33232__c1__c2__c2_6_00306.lean
GerverSofa.KernelOnly.PartE.E24KC5Direct_e24KC2PhiBelowLeaf33232__c1__c2__c3_6_00307	C:\Users\Acer\Downloads\Gerver_Sofa_Lean_Formalisation_2026-08-19\GerverSofaLean\GerverSofa\KernelOnly\PartE\E24KC5Direct_e24KC2PhiBelowLeaf33232__c1__c2__c3_6_00307.lean
GerverSofa.KernelOnly.PartE.E24KC5Direct_e24KC2PhiBelowLeaf33232__c1__c3__c0_6_00310	C:\Users\Acer\Downloads\Gerver_Sofa_Lean_Formalisation_2026-08-19\GerverSofaLean\GerverSofa\KernelOnly\PartE\E24KC5Direct_e24KC2PhiBelowLeaf33232__c1__c3__c0_6_00310.lean
GerverSofa.KernelOnly.PartE.E24KC5Direct_e24KC2PhiBelowLeaf33232__c1__c3__c1_6_00311	C:\Users\Acer\Downloads\Gerver_Sofa_Lean_Formalisation_2026-08-19\GerverSofaLean\GerverSofa\KernelOnly\PartE\E24KC5Direct_e24KC2PhiBelowLeaf33232__c1__c3__c1_6_00311.lean
GerverSofa.KernelOnly.PartE.E24KC5Direct_e24KC2PhiBelowLeaf33232__c1__c3__c2_6_00312	C:\Users\Acer\Downloads\Gerver_Sofa_Lean_Formalisation_2026-08-19\GerverSofaLean\GerverSofa\KernelOnly\PartE\E24KC5Direct_e24KC2PhiBelowLeaf33232__c1__c3__c2_6_00312.lean
GerverSofa.KernelOnly.PartE.E24KC5Direct_e24KC2PhiBelowLeaf33232__c1__c3__c3_6_00313	C:\Users\Acer\Downloads\Gerver_Sofa_Lean_Formalisation_2026-08-19\GerverSofaLean\GerverSofa\KernelOnly\PartE\E24KC5Direct_e24KC2PhiBelowLeaf33232__c1__c3__c3_6_00313.lean
GerverSofa.KernelOnly.PartE.E24KC5Direct_e24KC2PhiBelowLeaf33232__c2_8_00316	C:\Users\Acer\Downloads\Gerver_Sofa_Lean_Formalisation_2026-08-19\GerverSofaLean\GerverSofa\KernelOnly\PartE\E24KC5Direct_e24KC2PhiBelowLeaf33232__c2_8_00316.lean
GerverSofa.KernelOnly.PartE.E24KC5Direct_e24KC2PhiBelowLeaf33232__c3__c0_7_00318	C:\Users\Acer\Downloads\Gerver_Sofa_Lean_Formalisation_2026-08-19\GerverSofaLean\GerverSofa\KernelOnly\PartE\E24KC5Direct_e24KC2PhiBelowLeaf33232__c3__c0_7_00318.lean
GerverSofa.KernelOnly.PartE.E24KC5Direct_e24KC2PhiBelowLeaf33232__c3__c1__c0_6_00320	C:\Users\Acer\Downloads\Gerver_Sofa_Lean_Formalisation_2026-08-19\GerverSofaLean\GerverSofa\KernelOnly\PartE\E24KC5Direct_e24KC2PhiBelowLeaf33232__c3__c1__c0_6_00320.lean
GerverSofa.KernelOnly.PartE.E24KC5Direct_e24KC2PhiBelowLeaf33232__c3__c1__c1__c0_5_00322	C:\Users\Acer\Downloads\Gerver_Sofa_Lean_Formalisation_2026-08-19\GerverSofaLean\GerverSofa\KernelOnly\PartE\E24KC5Direct_e24KC2PhiBelowLeaf33232__c3__c1__c1__c0_5_00322.lean
GerverSofa.KernelOnly.PartE.E24KC5Direct_e24KC2PhiBelowLeaf33232__c3__c1__c1__c1_5_00323	C:\Users\Acer\Downloads\Gerver_Sofa_Lean_Formalisation_2026-08-19\GerverSofaLean\GerverSofa\KernelOnly\PartE\E24KC5Direct_e24KC2PhiBelowLeaf33232__c3__c1__c1__c1_5_00323.lean
GerverSofa.KernelOnly.PartE.E24KC5Direct_e24KC2PhiBelowLeaf33232__c3__c1__c1__c2_5_00324	C:\Users\Acer\Downloads\Gerver_Sofa_Lean_Formalisation_2026-08-19\GerverSofaLean\GerverSofa\KernelOnly\PartE\E24KC5Direct_e24KC2PhiBelowLeaf33232__c3__c1__c1__c2_5_00324.lean
GerverSofa.KernelOnly.PartE.E24KC5Direct_e24KC2PhiBelowLeaf33232__c3__c1__c1__c3_5_00325	C:\Users\Acer\Downloads\Gerver_Sofa_Lean_Formalisation_2026-08-19\GerverSofaLean\GerverSofa\KernelOnly\PartE\E24KC5Direct_e24KC2PhiBelowLeaf33232__c3__c1__c1__c3_5_00325.lean
GerverSofa.KernelOnly.PartE.E24KC5Direct_e24KC2PhiBelowLeaf33232__c3__c1__c2_6_00327	C:\Users\Acer\Downloads\Gerver_Sofa_Lean_Formalisation_2026-08-19\GerverSofaLean\GerverSofa\KernelOnly\PartE\E24KC5Direct_e24KC2PhiBelowLeaf33232__c3__c1__c2_6_00327.lean
GerverSofa.KernelOnly.PartE.E24KC5Direct_e24KC2PhiBelowLeaf33232__c3__c1__c3__c0_5_00329	C:\Users\Acer\Downloads\Gerver_Sofa_Lean_Formalisation_2026-08-19\GerverSofaLean\GerverSofa\KernelOnly\PartE\E24KC5Direct_e24KC2PhiBelowLeaf33232__c3__c1__c3__c0_5_00329.lean
GerverSofa.KernelOnly.PartE.E24KC5Direct_e24KC2PhiBelowLeaf33232__c3__c1__c3__c1_5_00330	C:\Users\Acer\Downloads\Gerver_Sofa_Lean_Formalisation_2026-08-19\GerverSofaLean\GerverSofa\KernelOnly\PartE\E24KC5Direct_e24KC2PhiBelowLeaf33232__c3__c1__c3__c1_5_00330.lean
GerverSofa.KernelOnly.PartE.E24KC5Direct_e24KC2PhiBelowLeaf33232__c3__c1__c3__c2_5_00331	C:\Users\Acer\Downloads\Gerver_Sofa_Lean_Formalisation_2026-08-19\GerverSofaLean\GerverSofa\KernelOnly\PartE\E24KC5Direct_e24KC2PhiBelowLeaf33232__c3__c1__c3__c2_5_00331.lean
GerverSofa.KernelOnly.PartE.E24KC5Direct_e24KC2PhiBelowLeaf33232__c3__c1__c3__c3_5_00332	C:\Users\Acer\Downloads\Gerver_Sofa_Lean_Formalisation_2026-08-19\GerverSofaLean\GerverSofa\KernelOnly\PartE\E24KC5Direct_e24KC2PhiBelowLeaf33232__c3__c1__c3__c3_5_00332.lean
GerverSofa.KernelOnly.PartE.E24KC5Direct_e24KC2PhiBelowLeaf33232__c3__c2_7_00335	C:\Users\Acer\Downloads\Gerver_Sofa_Lean_Formalisation_2026-08-19\GerverSofaLean\GerverSofa\KernelOnly\PartE\E24KC5Direct_e24KC2PhiBelowLeaf33232__c3__c2_7_00335.lean
GerverSofa.KernelOnly.PartE.E24KC5Direct_e24KC2PhiBelowLeaf33232__c3__c3__c0_6_00337	C:\Users\Acer\Downloads\Gerver_Sofa_Lean_Formalisation_2026-08-19\GerverSofaLean\GerverSofa\KernelOnly\PartE\E24KC5Direct_e24KC2PhiBelowLeaf33232__c3__c3__c0_6_00337.lean
GerverSofa.KernelOnly.PartE.E24KC5Direct_e24KC2PhiBelowLeaf33232__c3__c3__c1__c0_5_00339	C:\Users\Acer\Downloads\Gerver_Sofa_Lean_Formalisation_2026-08-19\GerverSofaLean\GerverSofa\KernelOnly\PartE\E24KC5Direct_e24KC2PhiBelowLeaf33232__c3__c3__c1__c0_5_00339.lean
GerverSofa.KernelOnly.PartE.E24KC5Direct_e24KC2PhiBelowLeaf33232__c3__c3__c1__c1_5_00340	C:\Users\Acer\Downloads\Gerver_Sofa_Lean_Formalisation_2026-08-19\GerverSofaLean\GerverSofa\KernelOnly\PartE\E24KC5Direct_e24KC2PhiBelowLeaf33232__c3__c3__c1__c1_5_00340.lean
GerverSofa.KernelOnly.PartE.E24KC5Direct_e24KC2PhiBelowLeaf33232__c3__c3__c1__c2_5_00341	C:\Users\Acer\Downloads\Gerver_Sofa_Lean_Formalisation_2026-08-19\GerverSofaLean\GerverSofa\KernelOnly\PartE\E24KC5Direct_e24KC2PhiBelowLeaf33232__c3__c3__c1__c2_5_00341.lean
GerverSofa.KernelOnly.PartE.E24KC5Direct_e24KC2PhiBelowLeaf33232__c3__c3__c1__c3_5_00342	C:\Users\Acer\Downloads\Gerver_Sofa_Lean_Formalisation_2026-08-19\GerverSofaLean\GerverSofa\KernelOnly\PartE\E24KC5Direct_e24KC2PhiBelowLeaf33232__c3__c3__c1__c3_5_00342.lean
GerverSofa.KernelOnly.PartE.E24KC5Direct_e24KC2PhiBelowLeaf33232__c3__c3__c2_6_00344	C:\Users\Acer\Downloads\Gerver_Sofa_Lean_Formalisation_2026-08-19\GerverSofaLean\GerverSofa\KernelOnly\PartE\E24KC5Direct_e24KC2PhiBelowLeaf33232__c3__c3__c2_6_00344.lean
GerverSofa.KernelOnly.PartE.E24KC5Direct_e24KC2PhiBelowLeaf33232__c3__c3__c3_6_00345	C:\Users\Acer\Downloads\Gerver_Sofa_Lean_Formalisation_2026-08-19\GerverSofaLean\GerverSofa\KernelOnly\PartE\E24KC5Direct_e24KC2PhiBelowLeaf33232__c3__c3__c3_6_00345.lean
GerverSofa.KernelOnly.PartE.E24KC5Direct_e24KC2PhiBelowLeaf33233__c0__c0_7_00354	C:\Users\Acer\Downloads\Gerver_Sofa_Lean_Formalisation_2026-08-19\GerverSofaLean\GerverSofa\KernelOnly\PartE\E24KC5Direct_e24KC2PhiBelowLeaf33233__c0__c0_7_00354.lean
GerverSofa.KernelOnly.PartE.E24KC5Direct_e24KC2PhiBelowLeaf33233__c0__c1_7_00355	C:\Users\Acer\Downloads\Gerver_Sofa_Lean_Formalisation_2026-08-19\GerverSofaLean\GerverSofa\KernelOnly\PartE\E24KC5Direct_e24KC2PhiBelowLeaf33233__c0__c1_7_00355.lean
GerverSofa.KernelOnly.PartE.E24KC5Direct_e24KC2PhiBelowLeaf33233__c0__c2_7_00356	C:\Users\Acer\Downloads\Gerver_Sofa_Lean_Formalisation_2026-08-19\GerverSofaLean\GerverSofa\KernelOnly\PartE\E24KC5Direct_e24KC2PhiBelowLeaf33233__c0__c2_7_00356.lean
GerverSofa.KernelOnly.PartE.E24KC5Direct_e24KC2PhiBelowLeaf33233__c0__c3_7_00357	C:\Users\Acer\Downloads\Gerver_Sofa_Lean_Formalisation_2026-08-19\GerverSofaLean\GerverSofa\KernelOnly\PartE\E24KC5Direct_e24KC2PhiBelowLeaf33233__c0__c3_7_00357.lean
GerverSofa.KernelOnly.PartE.E24KC5Direct_e24KC2PhiBelowLeaf33233__c1_8_00359	C:\Users\Acer\Downloads\Gerver_Sofa_Lean_Formalisation_2026-08-19\GerverSofaLean\GerverSofa\KernelOnly\PartE\E24KC5Direct_e24KC2PhiBelowLeaf33233__c1_8_00359.lean
GerverSofa.KernelOnly.PartE.E24KC5Direct_e24KC2PhiBelowLeaf33233__c2__c0__c0_6_00362	C:\Users\Acer\Downloads\Gerver_Sofa_Lean_Formalisation_2026-08-19\GerverSofaLean\GerverSofa\KernelOnly\PartE\E24KC5Direct_e24KC2PhiBelowLeaf33233__c2__c0__c0_6_00362.lean
GerverSofa.KernelOnly.PartE.E24KC5Direct_e24KC2PhiBelowLeaf33233__c2__c0__c1_6_00363	C:\Users\Acer\Downloads\Gerver_Sofa_Lean_Formalisation_2026-08-19\GerverSofaLean\GerverSofa\KernelOnly\PartE\E24KC5Direct_e24KC2PhiBelowLeaf33233__c2__c0__c1_6_00363.lean
GerverSofa.KernelOnly.PartE.E24KC5Direct_e24KC2PhiBelowLeaf33233__c2__c0__c2__c0_5_00365	C:\Users\Acer\Downloads\Gerver_Sofa_Lean_Formalisation_2026-08-19\GerverSofaLean\GerverSofa\KernelOnly\PartE\E24KC5Direct_e24KC2PhiBelowLeaf33233__c2__c0__c2__c0_5_00365.lean
GerverSofa.KernelOnly.PartE.E24KC5Direct_e24KC2PhiBelowLeaf33233__c2__c0__c2__c1_5_00366	C:\Users\Acer\Downloads\Gerver_Sofa_Lean_Formalisation_2026-08-19\GerverSofaLean\GerverSofa\KernelOnly\PartE\E24KC5Direct_e24KC2PhiBelowLeaf33233__c2__c0__c2__c1_5_00366.lean
GerverSofa.KernelOnly.PartE.E24KC5Direct_e24KC2PhiBelowLeaf33233__c2__c0__c2__c2_5_00367	C:\Users\Acer\Downloads\Gerver_Sofa_Lean_Formalisation_2026-08-19\GerverSofaLean\GerverSofa\KernelOnly\PartE\E24KC5Direct_e24KC2PhiBelowLeaf33233__c2__c0__c2__c2_5_00367.lean
GerverSofa.KernelOnly.PartE.E24KC5Direct_e24KC2PhiBelowLeaf33233__c2__c0__c2__c3_5_00368	C:\Users\Acer\Downloads\Gerver_Sofa_Lean_Formalisation_2026-08-19\GerverSofaLean\GerverSofa\KernelOnly\PartE\E24KC5Direct_e24KC2PhiBelowLeaf33233__c2__c0__c2__c3_5_00368.lean
GerverSofa.KernelOnly.PartE.E24KC5Direct_e24KC2PhiBelowLeaf33233__c2__c0__c3_6_00370	C:\Users\Acer\Downloads\Gerver_Sofa_Lean_Formalisation_2026-08-19\GerverSofaLean\GerverSofa\KernelOnly\PartE\E24KC5Direct_e24KC2PhiBelowLeaf33233__c2__c0__c3_6_00370.lean
GerverSofa.KernelOnly.PartE.E24KC5Direct_e24KC2PhiBelowLeaf33233__c2__c1_7_00372	C:\Users\Acer\Downloads\Gerver_Sofa_Lean_Formalisation_2026-08-19\GerverSofaLean\GerverSofa\KernelOnly\PartE\E24KC5Direct_e24KC2PhiBelowLeaf33233__c2__c1_7_00372.lean
GerverSofa.KernelOnly.PartE.E24KC5Direct_e24KC2PhiBelowLeaf33233__c2__c2__c0__c0_5_00375	C:\Users\Acer\Downloads\Gerver_Sofa_Lean_Formalisation_2026-08-19\GerverSofaLean\GerverSofa\KernelOnly\PartE\E24KC5Direct_e24KC2PhiBelowLeaf33233__c2__c2__c0__c0_5_00375.lean
GerverSofa.KernelOnly.PartE.E24KC5Direct_e24KC2PhiBelowLeaf33233__c2__c2__c0__c1_5_00376	C:\Users\Acer\Downloads\Gerver_Sofa_Lean_Formalisation_2026-08-19\GerverSofaLean\GerverSofa\KernelOnly\PartE\E24KC5Direct_e24KC2PhiBelowLeaf33233__c2__c2__c0__c1_5_00376.lean
GerverSofa.KernelOnly.PartE.E24KC5Direct_e24KC2PhiBelowLeaf33233__c2__c2__c0__c2_5_00377	C:\Users\Acer\Downloads\Gerver_Sofa_Lean_Formalisation_2026-08-19\GerverSofaLean\GerverSofa\KernelOnly\PartE\E24KC5Direct_e24KC2PhiBelowLeaf33233__c2__c2__c0__c2_5_00377.lean
GerverSofa.KernelOnly.PartE.E24KC5Direct_e24KC2PhiBelowLeaf33233__c2__c2__c0__c3__c0_4_00379	C:\Users\Acer\Downloads\Gerver_Sofa_Lean_Formalisation_2026-08-19\GerverSofaLean\GerverSofa\KernelOnly\PartE\E24KC5Direct_e24KC2PhiBelowLeaf33233__c2__c2__c0__c3__c0_4_00379.lean
GerverSofa.KernelOnly.PartE.E24KC5Direct_e24KC2PhiBelowLeaf33233__c2__c2__c0__c3__c1_4_00380	C:\Users\Acer\Downloads\Gerver_Sofa_Lean_Formalisation_2026-08-19\GerverSofaLean\GerverSofa\KernelOnly\PartE\E24KC5Direct_e24KC2PhiBelowLeaf33233__c2__c2__c0__c3__c1_4_00380.lean
GerverSofa.KernelOnly.PartE.E24KC5Direct_e24KC2PhiBelowLeaf33233__c2__c2__c0__c3__c2_4_00381	C:\Users\Acer\Downloads\Gerver_Sofa_Lean_Formalisation_2026-08-19\GerverSofaLean\GerverSofa\KernelOnly\PartE\E24KC5Direct_e24KC2PhiBelowLeaf33233__c2__c2__c0__c3__c2_4_00381.lean
GerverSofa.KernelOnly.PartE.E24KC5Direct_e24KC2PhiBelowLeaf33233__c2__c2__c0__c3__c3_4_00382	C:\Users\Acer\Downloads\Gerver_Sofa_Lean_Formalisation_2026-08-19\GerverSofaLean\GerverSofa\KernelOnly\PartE\E24KC5Direct_e24KC2PhiBelowLeaf33233__c2__c2__c0__c3__c3_4_00382.lean
GerverSofa.KernelOnly.PartE.E24KC5Direct_e24KC2PhiBelowLeaf33233__c2__c2__c1__c0_5_00386	C:\Users\Acer\Downloads\Gerver_Sofa_Lean_Formalisation_2026-08-19\GerverSofaLean\GerverSofa\KernelOnly\PartE\E24KC5Direct_e24KC2PhiBelowLeaf33233__c2__c2__c1__c0_5_00386.lean
GerverSofa.KernelOnly.PartE.E24KC5Direct_e24KC2PhiBelowLeaf33233__c2__c2__c1__c1_5_00387	C:\Users\Acer\Downloads\Gerver_Sofa_Lean_Formalisation_2026-08-19\GerverSofaLean\GerverSofa\KernelOnly\PartE\E24KC5Direct_e24KC2PhiBelowLeaf33233__c2__c2__c1__c1_5_00387.lean
GerverSofa.KernelOnly.PartE.E24KC5Direct_e24KC2PhiBelowLeaf33233__c2__c2__c1__c2_5_00388	C:\Users\Acer\Downloads\Gerver_Sofa_Lean_Formalisation_2026-08-19\GerverSofaLean\GerverSofa\KernelOnly\PartE\E24KC5Direct_e24KC2PhiBelowLeaf33233__c2__c2__c1__c2_5_00388.lean
GerverSofa.KernelOnly.PartE.E24KC5Direct_e24KC2PhiBelowLeaf33233__c2__c2__c1__c3_5_00389	C:\Users\Acer\Downloads\Gerver_Sofa_Lean_Formalisation_2026-08-19\GerverSofaLean\GerverSofa\KernelOnly\PartE\E24KC5Direct_e24KC2PhiBelowLeaf33233__c2__c2__c1__c3_5_00389.lean
GerverSofa.KernelOnly.PartE.E24KC5Direct_e24KC2PhiBelowLeaf33233__c2__c2__c2__c0_5_00392	C:\Users\Acer\Downloads\Gerver_Sofa_Lean_Formalisation_2026-08-19\GerverSofaLean\GerverSofa\KernelOnly\PartE\E24KC5Direct_e24KC2PhiBelowLeaf33233__c2__c2__c2__c0_5_00392.lean
GerverSofa.KernelOnly.PartE.E24KC5Direct_e24KC2PhiBelowLeaf33233__c2__c2__c2__c1__c0_4_00394	C:\Users\Acer\Downloads\Gerver_Sofa_Lean_Formalisation_2026-08-19\GerverSofaLean\GerverSofa\KernelOnly\PartE\E24KC5Direct_e24KC2PhiBelowLeaf33233__c2__c2__c2__c1__c0_4_00394.lean
GerverSofa.KernelOnly.PartE.E24KC5Direct_e24KC2PhiBelowLeaf33233__c2__c2__c2__c1__c1_4_00395	C:\Users\Acer\Downloads\Gerver_Sofa_Lean_Formalisation_2026-08-19\GerverSofaLean\GerverSofa\KernelOnly\PartE\E24KC5Direct_e24KC2PhiBelowLeaf33233__c2__c2__c2__c1__c1_4_00395.lean
GerverSofa.KernelOnly.PartE.E24KC5Direct_e24KC2PhiBelowLeaf33233__c2__c2__c2__c1__c2_4_00396	C:\Users\Acer\Downloads\Gerver_Sofa_Lean_Formalisation_2026-08-19\GerverSofaLean\GerverSofa\KernelOnly\PartE\E24KC5Direct_e24KC2PhiBelowLeaf33233__c2__c2__c2__c1__c2_4_00396.lean
GerverSofa.KernelOnly.PartE.E24KC5Direct_e24KC2PhiBelowLeaf33233__c2__c2__c2__c1__c3_4_00397	C:\Users\Acer\Downloads\Gerver_Sofa_Lean_Formalisation_2026-08-19\GerverSofaLean\GerverSofa\KernelOnly\PartE\E24KC5Direct_e24KC2PhiBelowLeaf33233__c2__c2__c2__c1__c3_4_00397.lean
GerverSofa.KernelOnly.PartE.E24KC5Direct_e24KC2PhiBelowLeaf33233__c2__c2__c2__c2_5_00399	C:\Users\Acer\Downloads\Gerver_Sofa_Lean_Formalisation_2026-08-19\GerverSofaLean\GerverSofa\KernelOnly\PartE\E24KC5Direct_e24KC2PhiBelowLeaf33233__c2__c2__c2__c2_5_00399.lean
GerverSofa.KernelOnly.PartE.E24KC5Direct_e24KC2PhiBelowLeaf33233__c2__c2__c2__c3_5_00400	C:\Users\Acer\Downloads\Gerver_Sofa_Lean_Formalisation_2026-08-19\GerverSofaLean\GerverSofa\KernelOnly\PartE\E24KC5Direct_e24KC2PhiBelowLeaf33233__c2__c2__c2__c3_5_00400.lean
GerverSofa.KernelOnly.PartE.E24KC5Direct_e24KC2PhiBelowLeaf33233__c2__c2__c3__c0__c0_4_00404	C:\Users\Acer\Downloads\Gerver_Sofa_Lean_Formalisation_2026-08-19\GerverSofaLean\GerverSofa\KernelOnly\PartE\E24KC5Direct_e24KC2PhiBelowLeaf33233__c2__c2__c3__c0__c0_4_00404.lean
GerverSofa.KernelOnly.PartE.E24KC5Direct_e24KC2PhiBelowLeaf33233__c2__c2__c3__c0__c1_4_00405	C:\Users\Acer\Downloads\Gerver_Sofa_Lean_Formalisation_2026-08-19\GerverSofaLean\GerverSofa\KernelOnly\PartE\E24KC5Direct_e24KC2PhiBelowLeaf33233__c2__c2__c3__c0__c1_4_00405.lean
GerverSofa.KernelOnly.PartE.E24KC5Direct_e24KC2PhiBelowLeaf33233__c2__c2__c3__c0__c2_4_00406	C:\Users\Acer\Downloads\Gerver_Sofa_Lean_Formalisation_2026-08-19\GerverSofaLean\GerverSofa\KernelOnly\PartE\E24KC5Direct_e24KC2PhiBelowLeaf33233__c2__c2__c3__c0__c2_4_00406.lean
GerverSofa.KernelOnly.PartE.E24KC5Direct_e24KC2PhiBelowLeaf33233__c2__c2__c3__c0__c3_4_00407	C:\Users\Acer\Downloads\Gerver_Sofa_Lean_Formalisation_2026-08-19\GerverSofaLean\GerverSofa\KernelOnly\PartE\E24KC5Direct_e24KC2PhiBelowLeaf33233__c2__c2__c3__c0__c3_4_00407.lean
GerverSofa.KernelOnly.PartE.E24KC5Direct_e24KC2PhiBelowLeaf33233__c2__c2__c3__c1_5_00409	C:\Users\Acer\Downloads\Gerver_Sofa_Lean_Formalisation_2026-08-19\GerverSofaLean\GerverSofa\KernelOnly\PartE\E24KC5Direct_e24KC2PhiBelowLeaf33233__c2__c2__c3__c1_5_00409.lean
GerverSofa.KernelOnly.PartE.E24KC5Direct_e24KC2PhiBelowLeaf33233__c2__c2__c3__c2__c0_4_00411	C:\Users\Acer\Downloads\Gerver_Sofa_Lean_Formalisation_2026-08-19\GerverSofaLean\GerverSofa\KernelOnly\PartE\E24KC5Direct_e24KC2PhiBelowLeaf33233__c2__c2__c3__c2__c0_4_00411.lean
GerverSofa.KernelOnly.PartE.E24KC5Direct_e24KC2PhiBelowLeaf33233__c2__c2__c3__c2__c1__c0_3_00413	C:\Users\Acer\Downloads\Gerver_Sofa_Lean_Formalisation_2026-08-19\GerverSofaLean\GerverSofa\KernelOnly\PartE\E24KC5Direct_e24KC2PhiBelowLeaf33233__c2__c2__c3__c2__c1__c0_3_00413.lean
GerverSofa.KernelOnly.PartE.E24KC5Direct_e24KC2PhiBelowLeaf33233__c2__c2__c3__c2__c1__c1_3_00414	C:\Users\Acer\Downloads\Gerver_Sofa_Lean_Formalisation_2026-08-19\GerverSofaLean\GerverSofa\KernelOnly\PartE\E24KC5Direct_e24KC2PhiBelowLeaf33233__c2__c2__c3__c2__c1__c1_3_00414.lean
GerverSofa.KernelOnly.PartE.E24KC5Direct_e24KC2PhiBelowLeaf33233__c2__c2__c3__c2__c1__c2__c0__c0_1_00417	C:\Users\Acer\Downloads\Gerver_Sofa_Lean_Formalisation_2026-08-19\GerverSofaLean\GerverSofa\KernelOnly\PartE\E24KC5Direct_e24KC2PhiBelowLeaf33233__c2__c2__c3__c2__c1__c2__c0__c0_1_00417.lean
GerverSofa.KernelOnly.PartE.E24KC5Direct_e24KC2PhiBelowLeaf33233__c2__c2__c3__c2__c1__c2__c0__c1_1_00418	C:\Users\Acer\Downloads\Gerver_Sofa_Lean_Formalisation_2026-08-19\GerverSofaLean\GerverSofa\KernelOnly\PartE\E24KC5Direct_e24KC2PhiBelowLeaf33233__c2__c2__c3__c2__c1__c2__c0__c1_1_00418.lean
GerverSofa.KernelOnly.PartE.E24KC5Direct_e24KC2PhiBelowLeaf33233__c2__c2__c3__c2__c1__c2__c0__c2_1_00419	C:\Users\Acer\Downloads\Gerver_Sofa_Lean_Formalisation_2026-08-19\GerverSofaLean\GerverSofa\KernelOnly\PartE\E24KC5Direct_e24KC2PhiBelowLeaf33233__c2__c2__c3__c2__c1__c2__c0__c2_1_00419.lean
GerverSofa.KernelOnly.PartE.E24KC5Direct_e24KC2PhiBelowLeaf33233__c2__c2__c3__c2__c1__c2__c0__c3_1_00420	C:\Users\Acer\Downloads\Gerver_Sofa_Lean_Formalisation_2026-08-19\GerverSofaLean\GerverSofa\KernelOnly\PartE\E24KC5Direct_e24KC2PhiBelowLeaf33233__c2__c2__c3__c2__c1__c2__c0__c3_1_00420.lean
GerverSofa.KernelOnly.PartE.E24KC5Direct_e24KC2PhiBelowLeaf33233__c2__c2__c3__c2__c1__c2__c1_2_00422	C:\Users\Acer\Downloads\Gerver_Sofa_Lean_Formalisation_2026-08-19\GerverSofaLean\GerverSofa\KernelOnly\PartE\E24KC5Direct_e24KC2PhiBelowLeaf33233__c2__c2__c3__c2__c1__c2__c1_2_00422.lean
GerverSofa.KernelOnly.PartE.E24KC5Direct_e24KC2PhiBelowLeaf33233__c2__c2__c3__c2__c1__c2__c2_2_00423	C:\Users\Acer\Downloads\Gerver_Sofa_Lean_Formalisation_2026-08-19\GerverSofaLean\GerverSofa\KernelOnly\PartE\E24KC5Direct_e24KC2PhiBelowLeaf33233__c2__c2__c3__c2__c1__c2__c2_2_00423.lean
GerverSofa.KernelOnly.PartE.E24KC5Direct_e24KC2PhiBelowLeaf33233__c2__c2__c3__c2__c1__c2__c3_2_00424	C:\Users\Acer\Downloads\Gerver_Sofa_Lean_Formalisation_2026-08-19\GerverSofaLean\GerverSofa\KernelOnly\PartE\E24KC5Direct_e24KC2PhiBelowLeaf33233__c2__c2__c3__c2__c1__c2__c3_2_00424.lean
GerverSofa.KernelOnly.PartE.E24KC5Direct_e24KC2PhiBelowLeaf33233__c2__c2__c3__c2__c1__c3_3_00426	C:\Users\Acer\Downloads\Gerver_Sofa_Lean_Formalisation_2026-08-19\GerverSofaLean\GerverSofa\KernelOnly\PartE\E24KC5Direct_e24KC2PhiBelowLeaf33233__c2__c2__c3__c2__c1__c3_3_00426.lean
GerverSofa.KernelOnly.PartE.E24KC5Direct_e24KC2PhiBelowLeaf33233__c2__c2__c3__c2__c2_4_00428	C:\Users\Acer\Downloads\Gerver_Sofa_Lean_Formalisation_2026-08-19\GerverSofaLean\GerverSofa\KernelOnly\PartE\E24KC5Direct_e24KC2PhiBelowLeaf33233__c2__c2__c3__c2__c2_4_00428.lean
GerverSofa.KernelOnly.PartE.E24KC5Direct_e24KC2PhiBelowLeaf33233__c2__c2__c3__c2__c3__c0_3_00430	C:\Users\Acer\Downloads\Gerver_Sofa_Lean_Formalisation_2026-08-19\GerverSofaLean\GerverSofa\KernelOnly\PartE\E24KC5Direct_e24KC2PhiBelowLeaf33233__c2__c2__c3__c2__c3__c0_3_00430.lean
GerverSofa.KernelOnly.PartE.E24KC5Direct_e24KC2PhiBelowLeaf33233__c2__c2__c3__c2__c3__c1_3_00431	C:\Users\Acer\Downloads\Gerver_Sofa_Lean_Formalisation_2026-08-19\GerverSofaLean\GerverSofa\KernelOnly\PartE\E24KC5Direct_e24KC2PhiBelowLeaf33233__c2__c2__c3__c2__c3__c1_3_00431.lean
GerverSofa.KernelOnly.PartE.E24KC5Direct_e24KC2PhiBelowLeaf33233__c2__c2__c3__c2__c3__c2_3_00432	C:\Users\Acer\Downloads\Gerver_Sofa_Lean_Formalisation_2026-08-19\GerverSofaLean\GerverSofa\KernelOnly\PartE\E24KC5Direct_e24KC2PhiBelowLeaf33233__c2__c2__c3__c2__c3__c2_3_00432.lean
GerverSofa.KernelOnly.PartE.E24KC5Direct_e24KC2PhiBelowLeaf33233__c2__c2__c3__c2__c3__c3_3_00433	C:\Users\Acer\Downloads\Gerver_Sofa_Lean_Formalisation_2026-08-19\GerverSofaLean\GerverSofa\KernelOnly\PartE\E24KC5Direct_e24KC2PhiBelowLeaf33233__c2__c2__c3__c2__c3__c3_3_00433.lean
GerverSofa.KernelOnly.PartE.E24KC5Direct_e24KC2PhiBelowLeaf33233__c2__c2__c3__c3__c0_4_00437	C:\Users\Acer\Downloads\Gerver_Sofa_Lean_Formalisation_2026-08-19\GerverSofaLean\GerverSofa\KernelOnly\PartE\E24KC5Direct_e24KC2PhiBelowLeaf33233__c2__c2__c3__c3__c0_4_00437.lean
GerverSofa.KernelOnly.PartE.E24KC5Direct_e24KC2PhiBelowLeaf33233__c2__c2__c3__c3__c1_4_00438	C:\Users\Acer\Downloads\Gerver_Sofa_Lean_Formalisation_2026-08-19\GerverSofaLean\GerverSofa\KernelOnly\PartE\E24KC5Direct_e24KC2PhiBelowLeaf33233__c2__c2__c3__c3__c1_4_00438.lean
GerverSofa.KernelOnly.PartE.E24KC5Direct_e24KC2PhiBelowLeaf33233__c2__c2__c3__c3__c2__c0_3_00440	C:\Users\Acer\Downloads\Gerver_Sofa_Lean_Formalisation_2026-08-19\GerverSofaLean\GerverSofa\KernelOnly\PartE\E24KC5Direct_e24KC2PhiBelowLeaf33233__c2__c2__c3__c3__c2__c0_3_00440.lean
GerverSofa.KernelOnly.PartE.E24KC5Direct_e24KC2PhiBelowLeaf33233__c2__c2__c3__c3__c2__c1_3_00441	C:\Users\Acer\Downloads\Gerver_Sofa_Lean_Formalisation_2026-08-19\GerverSofaLean\GerverSofa\KernelOnly\PartE\E24KC5Direct_e24KC2PhiBelowLeaf33233__c2__c2__c3__c3__c2__c1_3_00441.lean
GerverSofa.KernelOnly.PartE.E24KC5Direct_e24KC2PhiBelowLeaf33233__c2__c2__c3__c3__c2__c2_3_00442	C:\Users\Acer\Downloads\Gerver_Sofa_Lean_Formalisation_2026-08-19\GerverSofaLean\GerverSofa\KernelOnly\PartE\E24KC5Direct_e24KC2PhiBelowLeaf33233__c2__c2__c3__c3__c2__c2_3_00442.lean
GerverSofa.KernelOnly.PartE.E24KC5Direct_e24KC2PhiBelowLeaf33233__c2__c2__c3__c3__c2__c3_3_00443	C:\Users\Acer\Downloads\Gerver_Sofa_Lean_Formalisation_2026-08-19\GerverSofaLean\GerverSofa\KernelOnly\PartE\E24KC5Direct_e24KC2PhiBelowLeaf33233__c2__c2__c3__c3__c2__c3_3_00443.lean
GerverSofa.KernelOnly.PartE.E24KC5Direct_e24KC2PhiBelowLeaf33233__c2__c2__c3__c3__c3_4_00445	C:\Users\Acer\Downloads\Gerver_Sofa_Lean_Formalisation_2026-08-19\GerverSofaLean\GerverSofa\KernelOnly\PartE\E24KC5Direct_e24KC2PhiBelowLeaf33233__c2__c2__c3__c3__c3_4_00445.lean
GerverSofa.KernelOnly.PartE.E24KC5Direct_e24KC2PhiBelowLeaf33233__c2__c3__c0_6_00450	C:\Users\Acer\Downloads\Gerver_Sofa_Lean_Formalisation_2026-08-19\GerverSofaLean\GerverSofa\KernelOnly\PartE\E24KC5Direct_e24KC2PhiBelowLeaf33233__c2__c3__c0_6_00450.lean
GerverSofa.KernelOnly.PartE.E24KC5Direct_e24KC2PhiBelowLeaf33233__c2__c3__c1_6_00451	C:\Users\Acer\Downloads\Gerver_Sofa_Lean_Formalisation_2026-08-19\GerverSofaLean\GerverSofa\KernelOnly\PartE\E24KC5Direct_e24KC2PhiBelowLeaf33233__c2__c3__c1_6_00451.lean
GerverSofa.KernelOnly.PartE.E24KC5Direct_e24KC2PhiBelowLeaf33233__c2__c3__c2__c0_5_00453	C:\Users\Acer\Downloads\Gerver_Sofa_Lean_Formalisation_2026-08-19\GerverSofaLean\GerverSofa\KernelOnly\PartE\E24KC5Direct_e24KC2PhiBelowLeaf33233__c2__c3__c2__c0_5_00453.lean
GerverSofa.KernelOnly.PartE.E24KC5Direct_e24KC2PhiBelowLeaf33233__c2__c3__c2__c1_5_00454	C:\Users\Acer\Downloads\Gerver_Sofa_Lean_Formalisation_2026-08-19\GerverSofaLean\GerverSofa\KernelOnly\PartE\E24KC5Direct_e24KC2PhiBelowLeaf33233__c2__c3__c2__c1_5_00454.lean
GerverSofa.KernelOnly.PartE.E24KC5Direct_e24KC2PhiBelowLeaf33233__c2__c3__c2__c2_5_00455	C:\Users\Acer\Downloads\Gerver_Sofa_Lean_Formalisation_2026-08-19\GerverSofaLean\GerverSofa\KernelOnly\PartE\E24KC5Direct_e24KC2PhiBelowLeaf33233__c2__c3__c2__c2_5_00455.lean
GerverSofa.KernelOnly.PartE.E24KC5Direct_e24KC2PhiBelowLeaf33233__c2__c3__c2__c3_5_00456	C:\Users\Acer\Downloads\Gerver_Sofa_Lean_Formalisation_2026-08-19\GerverSofaLean\GerverSofa\KernelOnly\PartE\E24KC5Direct_e24KC2PhiBelowLeaf33233__c2__c3__c2__c3_5_00456.lean
GerverSofa.KernelOnly.PartE.E24KC5Direct_e24KC2PhiBelowLeaf33233__c2__c3__c3_6_00458	C:\Users\Acer\Downloads\Gerver_Sofa_Lean_Formalisation_2026-08-19\GerverSofaLean\GerverSofa\KernelOnly\PartE\E24KC5Direct_e24KC2PhiBelowLeaf33233__c2__c3__c3_6_00458.lean
GerverSofa.KernelOnly.PartE.E24KC5Direct_e24KC2PhiBelowLeaf33233__c3_8_00461	C:\Users\Acer\Downloads\Gerver_Sofa_Lean_Formalisation_2026-08-19\GerverSofaLean\GerverSofa\KernelOnly\PartE\E24KC5Direct_e24KC2PhiBelowLeaf33233__c3_8_00461.lean
GerverSofa.KernelOnly.PartE.E24KC5Direct_e24KC2ThetaAboveLeaf0000220020__c0__c0__c0_6_00475	C:\Users\Acer\Downloads\Gerver_Sofa_Lean_Formalisation_2026-08-19\GerverSofaLean\GerverSofa\KernelOnly\PartE\E24KC5Direct_e24KC2ThetaAboveLeaf0000220020__c0__c0__c0_6_00475.lean
GerverSofa.KernelOnly.PartE.E24KC5Direct_e24KC2ThetaAboveLeaf0000220020__c0__c0__c1_6_00476	C:\Users\Acer\Downloads\Gerver_Sofa_Lean_Formalisation_2026-08-19\GerverSofaLean\GerverSofa\KernelOnly\PartE\E24KC5Direct_e24KC2ThetaAboveLeaf0000220020__c0__c0__c1_6_00476.lean
GerverSofa.KernelOnly.PartE.E24KC5Direct_e24KC2ThetaAboveLeaf0000220020__c0__c0__c2__c0__c0__c0_3_00480	C:\Users\Acer\Downloads\Gerver_Sofa_Lean_Formalisation_2026-08-19\GerverSofaLean\GerverSofa\KernelOnly\PartE\E24KC5Direct_e24KC2ThetaAboveLeaf0000220020__c0__c0__c2__c0__c0__c0_3_00480.lean
GerverSofa.KernelOnly.PartE.E24KC5Direct_e24KC2ThetaAboveLeaf0000220020__c0__c0__c2__c0__c0__c1_3_00481	C:\Users\Acer\Downloads\Gerver_Sofa_Lean_Formalisation_2026-08-19\GerverSofaLean\GerverSofa\KernelOnly\PartE\E24KC5Direct_e24KC2ThetaAboveLeaf0000220020__c0__c0__c2__c0__c0__c1_3_00481.lean
GerverSofa.KernelOnly.PartE.E24KC5Direct_e24KC2ThetaAboveLeaf0000220020__c0__c0__c2__c0__c0__c2_3_00482	C:\Users\Acer\Downloads\Gerver_Sofa_Lean_Formalisation_2026-08-19\GerverSofaLean\GerverSofa\KernelOnly\PartE\E24KC5Direct_e24KC2ThetaAboveLeaf0000220020__c0__c0__c2__c0__c0__c2_3_00482.lean
GerverSofa.KernelOnly.PartE.E24KC5Direct_e24KC2ThetaAboveLeaf0000220020__c0__c0__c2__c0__c0__c3_3_00483	C:\Users\Acer\Downloads\Gerver_Sofa_Lean_Formalisation_2026-08-19\GerverSofaLean\GerverSofa\KernelOnly\PartE\E24KC5Direct_e24KC2ThetaAboveLeaf0000220020__c0__c0__c2__c0__c0__c3_3_00483.lean
GerverSofa.KernelOnly.PartE.E24KC5Direct_e24KC2ThetaAboveLeaf0000220020__c0__c0__c2__c0__c1__c0_3_00486	C:\Users\Acer\Downloads\Gerver_Sofa_Lean_Formalisation_2026-08-19\GerverSofaLean\GerverSofa\KernelOnly\PartE\E24KC5Direct_e24KC2ThetaAboveLeaf0000220020__c0__c0__c2__c0__c1__c0_3_00486.lean
GerverSofa.KernelOnly.PartE.E24KC5Direct_e24KC2ThetaAboveLeaf0000220020__c0__c0__c2__c0__c1__c1_3_00487	C:\Users\Acer\Downloads\Gerver_Sofa_Lean_Formalisation_2026-08-19\GerverSofaLean\GerverSofa\KernelOnly\PartE\E24KC5Direct_e24KC2ThetaAboveLeaf0000220020__c0__c0__c2__c0__c1__c1_3_00487.lean
GerverSofa.KernelOnly.PartE.E24KC5Direct_e24KC2ThetaAboveLeaf0000220020__c0__c0__c2__c0__c1__c2_3_00488	C:\Users\Acer\Downloads\Gerver_Sofa_Lean_Formalisation_2026-08-19\GerverSofaLean\GerverSofa\KernelOnly\PartE\E24KC5Direct_e24KC2ThetaAboveLeaf0000220020__c0__c0__c2__c0__c1__c2_3_00488.lean
GerverSofa.KernelOnly.PartE.E24KC5Direct_e24KC2ThetaAboveLeaf0000220020__c0__c0__c2__c0__c1__c3_3_00489	C:\Users\Acer\Downloads\Gerver_Sofa_Lean_Formalisation_2026-08-19\GerverSofaLean\GerverSofa\KernelOnly\PartE\E24KC5Direct_e24KC2ThetaAboveLeaf0000220020__c0__c0__c2__c0__c1__c3_3_00489.lean
GerverSofa.KernelOnly.PartE.E24KC5Direct_e24KC2ThetaAboveLeaf0000220020__c0__c0__c2__c0__c2_4_00491	C:\Users\Acer\Downloads\Gerver_Sofa_Lean_Formalisation_2026-08-19\GerverSofaLean\GerverSofa\KernelOnly\PartE\E24KC5Direct_e24KC2ThetaAboveLeaf0000220020__c0__c0__c2__c0__c2_4_00491.lean
GerverSofa.KernelOnly.PartE.E24KC5Direct_e24KC2ThetaAboveLeaf0000220020__c0__c0__c2__c0__c3_4_00492	C:\Users\Acer\Downloads\Gerver_Sofa_Lean_Formalisation_2026-08-19\GerverSofaLean\GerverSofa\KernelOnly\PartE\E24KC5Direct_e24KC2ThetaAboveLeaf0000220020__c0__c0__c2__c0__c3_4_00492.lean
GerverSofa.KernelOnly.PartE.E24KC5Direct_e24KC2ThetaAboveLeaf0000220020__c0__c0__c2__c1__c0__c0_3_00496	C:\Users\Acer\Downloads\Gerver_Sofa_Lean_Formalisation_2026-08-19\GerverSofaLean\GerverSofa\KernelOnly\PartE\E24KC5Direct_e24KC2ThetaAboveLeaf0000220020__c0__c0__c2__c1__c0__c0_3_00496.lean
GerverSofa.KernelOnly.PartE.E24KC5Direct_e24KC2ThetaAboveLeaf0000220020__c0__c0__c2__c1__c0__c1_3_00497	C:\Users\Acer\Downloads\Gerver_Sofa_Lean_Formalisation_2026-08-19\GerverSofaLean\GerverSofa\KernelOnly\PartE\E24KC5Direct_e24KC2ThetaAboveLeaf0000220020__c0__c0__c2__c1__c0__c1_3_00497.lean
GerverSofa.KernelOnly.PartE.E24KC5Direct_e24KC2ThetaAboveLeaf0000220020__c0__c0__c2__c1__c0__c2_3_00498	C:\Users\Acer\Downloads\Gerver_Sofa_Lean_Formalisation_2026-08-19\GerverSofaLean\GerverSofa\KernelOnly\PartE\E24KC5Direct_e24KC2ThetaAboveLeaf0000220020__c0__c0__c2__c1__c0__c2_3_00498.lean
GerverSofa.KernelOnly.PartE.E24KC5Direct_e24KC2ThetaAboveLeaf0000220020__c0__c0__c2__c1__c0__c3_3_00499	C:\Users\Acer\Downloads\Gerver_Sofa_Lean_Formalisation_2026-08-19\GerverSofaLean\GerverSofa\KernelOnly\PartE\E24KC5Direct_e24KC2ThetaAboveLeaf0000220020__c0__c0__c2__c1__c0__c3_3_00499.lean
GerverSofa.KernelOnly.PartE.E24KC5Direct_e24KC2ThetaAboveLeaf0000220020__c0__c0__c2__c1__c1__c0_3_00502	C:\Users\Acer\Downloads\Gerver_Sofa_Lean_Formalisation_2026-08-19\GerverSofaLean\GerverSofa\KernelOnly\PartE\E24KC5Direct_e24KC2ThetaAboveLeaf0000220020__c0__c0__c2__c1__c1__c0_3_00502.lean
GerverSofa.KernelOnly.PartE.E24KC5Direct_e24KC2ThetaAboveLeaf0000220020__c0__c0__c2__c1__c1__c1_3_00503	C:\Users\Acer\Downloads\Gerver_Sofa_Lean_Formalisation_2026-08-19\GerverSofaLean\GerverSofa\KernelOnly\PartE\E24KC5Direct_e24KC2ThetaAboveLeaf0000220020__c0__c0__c2__c1__c1__c1_3_00503.lean
GerverSofa.KernelOnly.PartE.E24KC5Direct_e24KC2ThetaAboveLeaf0000220020__c0__c0__c2__c1__c1__c2_3_00504	C:\Users\Acer\Downloads\Gerver_Sofa_Lean_Formalisation_2026-08-19\GerverSofaLean\GerverSofa\KernelOnly\PartE\E24KC5Direct_e24KC2ThetaAboveLeaf0000220020__c0__c0__c2__c1__c1__c2_3_00504.lean
GerverSofa.KernelOnly.PartE.E24KC5Direct_e24KC2ThetaAboveLeaf0000220020__c0__c0__c2__c1__c1__c3_3_00505	C:\Users\Acer\Downloads\Gerver_Sofa_Lean_Formalisation_2026-08-19\GerverSofaLean\GerverSofa\KernelOnly\PartE\E24KC5Direct_e24KC2ThetaAboveLeaf0000220020__c0__c0__c2__c1__c1__c3_3_00505.lean
GerverSofa.KernelOnly.PartE.E24KC5Direct_e24KC2ThetaAboveLeaf0000220020__c0__c0__c2__c1__c2_4_00507	C:\Users\Acer\Downloads\Gerver_Sofa_Lean_Formalisation_2026-08-19\GerverSofaLean\GerverSofa\KernelOnly\PartE\E24KC5Direct_e24KC2ThetaAboveLeaf0000220020__c0__c0__c2__c1__c2_4_00507.lean
GerverSofa.KernelOnly.PartE.E24KC5Direct_e24KC2ThetaAboveLeaf0000220020__c0__c0__c2__c1__c3_4_00508	C:\Users\Acer\Downloads\Gerver_Sofa_Lean_Formalisation_2026-08-19\GerverSofaLean\GerverSofa\KernelOnly\PartE\E24KC5Direct_e24KC2ThetaAboveLeaf0000220020__c0__c0__c2__c1__c3_4_00508.lean
GerverSofa.KernelOnly.PartE.E24KC5Direct_e24KC2ThetaAboveLeaf0000220020__c0__c0__c2__c2_5_00510	C:\Users\Acer\Downloads\Gerver_Sofa_Lean_Formalisation_2026-08-19\GerverSofaLean\GerverSofa\KernelOnly\PartE\E24KC5Direct_e24KC2ThetaAboveLeaf0000220020__c0__c0__c2__c2_5_00510.lean
GerverSofa.KernelOnly.PartE.E24KC5Direct_e24KC2ThetaAboveLeaf0000220020__c0__c0__c2__c3_5_00511	C:\Users\Acer\Downloads\Gerver_Sofa_Lean_Formalisation_2026-08-19\GerverSofaLean\GerverSofa\KernelOnly\PartE\E24KC5Direct_e24KC2ThetaAboveLeaf0000220020__c0__c0__c2__c3_5_00511.lean
GerverSofa.KernelOnly.PartE.E24KC5Direct_e24KC2ThetaAboveLeaf0000220020__c0__c0__c3__c0__c0__c0_3_00516	C:\Users\Acer\Downloads\Gerver_Sofa_Lean_Formalisation_2026-08-19\GerverSofaLean\GerverSofa\KernelOnly\PartE\E24KC5Direct_e24KC2ThetaAboveLeaf0000220020__c0__c0__c3__c0__c0__c0_3_00516.lean
GerverSofa.KernelOnly.PartE.E24KC5Direct_e24KC2ThetaAboveLeaf0000220020__c0__c0__c3__c0__c0__c1_3_00517	C:\Users\Acer\Downloads\Gerver_Sofa_Lean_Formalisation_2026-08-19\GerverSofaLean\GerverSofa\KernelOnly\PartE\E24KC5Direct_e24KC2ThetaAboveLeaf0000220020__c0__c0__c3__c0__c0__c1_3_00517.lean
GerverSofa.KernelOnly.PartE.E24KC5Direct_e24KC2ThetaAboveLeaf0000220020__c0__c0__c3__c0__c0__c2_3_00518	C:\Users\Acer\Downloads\Gerver_Sofa_Lean_Formalisation_2026-08-19\GerverSofaLean\GerverSofa\KernelOnly\PartE\E24KC5Direct_e24KC2ThetaAboveLeaf0000220020__c0__c0__c3__c0__c0__c2_3_00518.lean
GerverSofa.KernelOnly.PartE.E24KC5Direct_e24KC2ThetaAboveLeaf0000220020__c0__c0__c3__c0__c0__c3_3_00519	C:\Users\Acer\Downloads\Gerver_Sofa_Lean_Formalisation_2026-08-19\GerverSofaLean\GerverSofa\KernelOnly\PartE\E24KC5Direct_e24KC2ThetaAboveLeaf0000220020__c0__c0__c3__c0__c0__c3_3_00519.lean
GerverSofa.KernelOnly.PartE.E24KC5Direct_e24KC2ThetaAboveLeaf0000220020__c0__c0__c3__c0__c1__c0_3_00522	C:\Users\Acer\Downloads\Gerver_Sofa_Lean_Formalisation_2026-08-19\GerverSofaLean\GerverSofa\KernelOnly\PartE\E24KC5Direct_e24KC2ThetaAboveLeaf0000220020__c0__c0__c3__c0__c1__c0_3_00522.lean
GerverSofa.KernelOnly.PartE.E24KC5Direct_e24KC2ThetaAboveLeaf0000220020__c0__c0__c3__c0__c1__c1_3_00523	C:\Users\Acer\Downloads\Gerver_Sofa_Lean_Formalisation_2026-08-19\GerverSofaLean\GerverSofa\KernelOnly\PartE\E24KC5Direct_e24KC2ThetaAboveLeaf0000220020__c0__c0__c3__c0__c1__c1_3_00523.lean
GerverSofa.KernelOnly.PartE.E24KC5Direct_e24KC2ThetaAboveLeaf0000220020__c0__c0__c3__c0__c1__c2_3_00524	C:\Users\Acer\Downloads\Gerver_Sofa_Lean_Formalisation_2026-08-19\GerverSofaLean\GerverSofa\KernelOnly\PartE\E24KC5Direct_e24KC2ThetaAboveLeaf0000220020__c0__c0__c3__c0__c1__c2_3_00524.lean
GerverSofa.KernelOnly.PartE.E24KC5Direct_e24KC2ThetaAboveLeaf0000220020__c0__c0__c3__c0__c1__c3_3_00525	C:\Users\Acer\Downloads\Gerver_Sofa_Lean_Formalisation_2026-08-19\GerverSofaLean\GerverSofa\KernelOnly\PartE\E24KC5Direct_e24KC2ThetaAboveLeaf0000220020__c0__c0__c3__c0__c1__c3_3_00525.lean
GerverSofa.KernelOnly.PartE.E24KC5Direct_e24KC2ThetaAboveLeaf0000220020__c0__c0__c3__c0__c2_4_00527	C:\Users\Acer\Downloads\Gerver_Sofa_Lean_Formalisation_2026-08-19\GerverSofaLean\GerverSofa\KernelOnly\PartE\E24KC5Direct_e24KC2ThetaAboveLeaf0000220020__c0__c0__c3__c0__c2_4_00527.lean
GerverSofa.KernelOnly.PartE.E24KC5Direct_e24KC2ThetaAboveLeaf0000220020__c0__c0__c3__c0__c3_4_00528	C:\Users\Acer\Downloads\Gerver_Sofa_Lean_Formalisation_2026-08-19\GerverSofaLean\GerverSofa\KernelOnly\PartE\E24KC5Direct_e24KC2ThetaAboveLeaf0000220020__c0__c0__c3__c0__c3_4_00528.lean
GerverSofa.KernelOnly.PartE.E24KC5Direct_e24KC2ThetaAboveLeaf0000220020__c0__c0__c3__c1__c0__c0_3_00532	C:\Users\Acer\Downloads\Gerver_Sofa_Lean_Formalisation_2026-08-19\GerverSofaLean\GerverSofa\KernelOnly\PartE\E24KC5Direct_e24KC2ThetaAboveLeaf0000220020__c0__c0__c3__c1__c0__c0_3_00532.lean
GerverSofa.KernelOnly.PartE.E24KC5Direct_e24KC2ThetaAboveLeaf0000220020__c0__c0__c3__c1__c0__c1_3_00533	C:\Users\Acer\Downloads\Gerver_Sofa_Lean_Formalisation_2026-08-19\GerverSofaLean\GerverSofa\KernelOnly\PartE\E24KC5Direct_e24KC2ThetaAboveLeaf0000220020__c0__c0__c3__c1__c0__c1_3_00533.lean
GerverSofa.KernelOnly.PartE.E24KC5Direct_e24KC2ThetaAboveLeaf0000220020__c0__c0__c3__c1__c0__c2_3_00534	C:\Users\Acer\Downloads\Gerver_Sofa_Lean_Formalisation_2026-08-19\GerverSofaLean\GerverSofa\KernelOnly\PartE\E24KC5Direct_e24KC2ThetaAboveLeaf0000220020__c0__c0__c3__c1__c0__c2_3_00534.lean
GerverSofa.KernelOnly.PartE.E24KC5Direct_e24KC2ThetaAboveLeaf0000220020__c0__c0__c3__c1__c0__c3_3_00535	C:\Users\Acer\Downloads\Gerver_Sofa_Lean_Formalisation_2026-08-19\GerverSofaLean\GerverSofa\KernelOnly\PartE\E24KC5Direct_e24KC2ThetaAboveLeaf0000220020__c0__c0__c3__c1__c0__c3_3_00535.lean
GerverSofa.KernelOnly.PartE.E24KC5Direct_e24KC2ThetaAboveLeaf0000220020__c0__c0__c3__c1__c1__c0_3_00538	C:\Users\Acer\Downloads\Gerver_Sofa_Lean_Formalisation_2026-08-19\GerverSofaLean\GerverSofa\KernelOnly\PartE\E24KC5Direct_e24KC2ThetaAboveLeaf0000220020__c0__c0__c3__c1__c1__c0_3_00538.lean
GerverSofa.KernelOnly.PartE.E24KC5Direct_e24KC2ThetaAboveLeaf0000220020__c0__c0__c3__c1__c1__c1_3_00539	C:\Users\Acer\Downloads\Gerver_Sofa_Lean_Formalisation_2026-08-19\GerverSofaLean\GerverSofa\KernelOnly\PartE\E24KC5Direct_e24KC2ThetaAboveLeaf0000220020__c0__c0__c3__c1__c1__c1_3_00539.lean
GerverSofa.KernelOnly.PartE.E24KC5Direct_e24KC2ThetaAboveLeaf0000220020__c0__c0__c3__c1__c1__c2_3_00540	C:\Users\Acer\Downloads\Gerver_Sofa_Lean_Formalisation_2026-08-19\GerverSofaLean\GerverSofa\KernelOnly\PartE\E24KC5Direct_e24KC2ThetaAboveLeaf0000220020__c0__c0__c3__c1__c1__c2_3_00540.lean
GerverSofa.KernelOnly.PartE.E24KC5Direct_e24KC2ThetaAboveLeaf0000220020__c0__c0__c3__c1__c1__c3_3_00541	C:\Users\Acer\Downloads\Gerver_Sofa_Lean_Formalisation_2026-08-19\GerverSofaLean\GerverSofa\KernelOnly\PartE\E24KC5Direct_e24KC2ThetaAboveLeaf0000220020__c0__c0__c3__c1__c1__c3_3_00541.lean
GerverSofa.KernelOnly.PartE.E24KC5Direct_e24KC2ThetaAboveLeaf0000220020__c0__c0__c3__c1__c2_4_00543	C:\Users\Acer\Downloads\Gerver_Sofa_Lean_Formalisation_2026-08-19\GerverSofaLean\GerverSofa\KernelOnly\PartE\E24KC5Direct_e24KC2ThetaAboveLeaf0000220020__c0__c0__c3__c1__c2_4_00543.lean
GerverSofa.KernelOnly.PartE.E24KC5Direct_e24KC2ThetaAboveLeaf0000220020__c0__c0__c3__c1__c3_4_00544	C:\Users\Acer\Downloads\Gerver_Sofa_Lean_Formalisation_2026-08-19\GerverSofaLean\GerverSofa\KernelOnly\PartE\E24KC5Direct_e24KC2ThetaAboveLeaf0000220020__c0__c0__c3__c1__c3_4_00544.lean
GerverSofa.KernelOnly.PartE.E24KC5Direct_e24KC2ThetaAboveLeaf0000220020__c0__c0__c3__c2_5_00546	C:\Users\Acer\Downloads\Gerver_Sofa_Lean_Formalisation_2026-08-19\GerverSofaLean\GerverSofa\KernelOnly\PartE\E24KC5Direct_e24KC2ThetaAboveLeaf0000220020__c0__c0__c3__c2_5_00546.lean
GerverSofa.KernelOnly.PartE.E24KC5Direct_e24KC2ThetaAboveLeaf0000220020__c0__c0__c3__c3_5_00547	C:\Users\Acer\Downloads\Gerver_Sofa_Lean_Formalisation_2026-08-19\GerverSofaLean\GerverSofa\KernelOnly\PartE\E24KC5Direct_e24KC2ThetaAboveLeaf0000220020__c0__c0__c3__c3_5_00547.lean
GerverSofa.KernelOnly.PartE.E24KC5Direct_e24KC2ThetaAboveLeaf0000220020__c0__c1__c0_6_00551	C:\Users\Acer\Downloads\Gerver_Sofa_Lean_Formalisation_2026-08-19\GerverSofaLean\GerverSofa\KernelOnly\PartE\E24KC5Direct_e24KC2ThetaAboveLeaf0000220020__c0__c1__c0_6_00551.lean
GerverSofa.KernelOnly.PartE.E24KC5Direct_e24KC2ThetaAboveLeaf0000220020__c0__c1__c1_6_00552	C:\Users\Acer\Downloads\Gerver_Sofa_Lean_Formalisation_2026-08-19\GerverSofaLean\GerverSofa\KernelOnly\PartE\E24KC5Direct_e24KC2ThetaAboveLeaf0000220020__c0__c1__c1_6_00552.lean
GerverSofa.KernelOnly.PartE.E24KC5Direct_e24KC2ThetaAboveLeaf0000220020__c0__c1__c2__c0__c0__c0_3_00556	C:\Users\Acer\Downloads\Gerver_Sofa_Lean_Formalisation_2026-08-19\GerverSofaLean\GerverSofa\KernelOnly\PartE\E24KC5Direct_e24KC2ThetaAboveLeaf0000220020__c0__c1__c2__c0__c0__c0_3_00556.lean
GerverSofa.KernelOnly.PartE.E24KC5Direct_e24KC2ThetaAboveLeaf0000220020__c0__c1__c2__c0__c0__c1_3_00557	C:\Users\Acer\Downloads\Gerver_Sofa_Lean_Formalisation_2026-08-19\GerverSofaLean\GerverSofa\KernelOnly\PartE\E24KC5Direct_e24KC2ThetaAboveLeaf0000220020__c0__c1__c2__c0__c0__c1_3_00557.lean
GerverSofa.KernelOnly.PartE.E24KC5Direct_e24KC2ThetaAboveLeaf0000220020__c0__c1__c2__c0__c0__c2_3_00558	C:\Users\Acer\Downloads\Gerver_Sofa_Lean_Formalisation_2026-08-19\GerverSofaLean\GerverSofa\KernelOnly\PartE\E24KC5Direct_e24KC2ThetaAboveLeaf0000220020__c0__c1__c2__c0__c0__c2_3_00558.lean
GerverSofa.KernelOnly.PartE.E24KC5Direct_e24KC2ThetaAboveLeaf0000220020__c0__c1__c2__c0__c0__c3_3_00559	C:\Users\Acer\Downloads\Gerver_Sofa_Lean_Formalisation_2026-08-19\GerverSofaLean\GerverSofa\KernelOnly\PartE\E24KC5Direct_e24KC2ThetaAboveLeaf0000220020__c0__c1__c2__c0__c0__c3_3_00559.lean
GerverSofa.KernelOnly.PartE.E24KC5Direct_e24KC2ThetaAboveLeaf0000220020__c0__c1__c2__c0__c1__c0_3_00562	C:\Users\Acer\Downloads\Gerver_Sofa_Lean_Formalisation_2026-08-19\GerverSofaLean\GerverSofa\KernelOnly\PartE\E24KC5Direct_e24KC2ThetaAboveLeaf0000220020__c0__c1__c2__c0__c1__c0_3_00562.lean
GerverSofa.KernelOnly.PartE.E24KC5Direct_e24KC2ThetaAboveLeaf0000220020__c0__c1__c2__c0__c1__c1_3_00563	C:\Users\Acer\Downloads\Gerver_Sofa_Lean_Formalisation_2026-08-19\GerverSofaLean\GerverSofa\KernelOnly\PartE\E24KC5Direct_e24KC2ThetaAboveLeaf0000220020__c0__c1__c2__c0__c1__c1_3_00563.lean
GerverSofa.KernelOnly.PartE.E24KC5Direct_e24KC2ThetaAboveLeaf0000220020__c0__c1__c2__c0__c1__c2_3_00564	C:\Users\Acer\Downloads\Gerver_Sofa_Lean_Formalisation_2026-08-19\GerverSofaLean\GerverSofa\KernelOnly\PartE\E24KC5Direct_e24KC2ThetaAboveLeaf0000220020__c0__c1__c2__c0__c1__c2_3_00564.lean
GerverSofa.KernelOnly.PartE.E24KC5Direct_e24KC2ThetaAboveLeaf0000220020__c0__c1__c2__c0__c1__c3_3_00565	C:\Users\Acer\Downloads\Gerver_Sofa_Lean_Formalisation_2026-08-19\GerverSofaLean\GerverSofa\KernelOnly\PartE\E24KC5Direct_e24KC2ThetaAboveLeaf0000220020__c0__c1__c2__c0__c1__c3_3_00565.lean
GerverSofa.KernelOnly.PartE.E24KC5Direct_e24KC2ThetaAboveLeaf0000220020__c0__c1__c2__c0__c2_4_00567	C:\Users\Acer\Downloads\Gerver_Sofa_Lean_Formalisation_2026-08-19\GerverSofaLean\GerverSofa\KernelOnly\PartE\E24KC5Direct_e24KC2ThetaAboveLeaf0000220020__c0__c1__c2__c0__c2_4_00567.lean
GerverSofa.KernelOnly.PartE.E24KC5Direct_e24KC2ThetaAboveLeaf0000220020__c0__c1__c2__c0__c3_4_00568	C:\Users\Acer\Downloads\Gerver_Sofa_Lean_Formalisation_2026-08-19\GerverSofaLean\GerverSofa\KernelOnly\PartE\E24KC5Direct_e24KC2ThetaAboveLeaf0000220020__c0__c1__c2__c0__c3_4_00568.lean
GerverSofa.KernelOnly.PartE.E24KC5Direct_e24KC2ThetaAboveLeaf0000220020__c0__c1__c2__c1__c0__c0_3_00572	C:\Users\Acer\Downloads\Gerver_Sofa_Lean_Formalisation_2026-08-19\GerverSofaLean\GerverSofa\KernelOnly\PartE\E24KC5Direct_e24KC2ThetaAboveLeaf0000220020__c0__c1__c2__c1__c0__c0_3_00572.lean
GerverSofa.KernelOnly.PartE.E24KC5Direct_e24KC2ThetaAboveLeaf0000220020__c0__c1__c2__c1__c0__c1_3_00573	C:\Users\Acer\Downloads\Gerver_Sofa_Lean_Formalisation_2026-08-19\GerverSofaLean\GerverSofa\KernelOnly\PartE\E24KC5Direct_e24KC2ThetaAboveLeaf0000220020__c0__c1__c2__c1__c0__c1_3_00573.lean
GerverSofa.KernelOnly.PartE.E24KC5Direct_e24KC2ThetaAboveLeaf0000220020__c0__c1__c2__c1__c0__c2_3_00574	C:\Users\Acer\Downloads\Gerver_Sofa_Lean_Formalisation_2026-08-19\GerverSofaLean\GerverSofa\KernelOnly\PartE\E24KC5Direct_e24KC2ThetaAboveLeaf0000220020__c0__c1__c2__c1__c0__c2_3_00574.lean
GerverSofa.KernelOnly.PartE.E24KC5Direct_e24KC2ThetaAboveLeaf0000220020__c0__c1__c2__c1__c0__c3_3_00575	C:\Users\Acer\Downloads\Gerver_Sofa_Lean_Formalisation_2026-08-19\GerverSofaLean\GerverSofa\KernelOnly\PartE\E24KC5Direct_e24KC2ThetaAboveLeaf0000220020__c0__c1__c2__c1__c0__c3_3_00575.lean
GerverSofa.KernelOnly.PartE.E24KC5Direct_e24KC2ThetaAboveLeaf0000220020__c0__c1__c2__c1__c1_4_00577	C:\Users\Acer\Downloads\Gerver_Sofa_Lean_Formalisation_2026-08-19\GerverSofaLean\GerverSofa\KernelOnly\PartE\E24KC5Direct_e24KC2ThetaAboveLeaf0000220020__c0__c1__c2__c1__c1_4_00577.lean
GerverSofa.KernelOnly.PartE.E24KC5Direct_e24KC2ThetaAboveLeaf0000220020__c0__c1__c2__c1__c2_4_00578	C:\Users\Acer\Downloads\Gerver_Sofa_Lean_Formalisation_2026-08-19\GerverSofaLean\GerverSofa\KernelOnly\PartE\E24KC5Direct_e24KC2ThetaAboveLeaf0000220020__c0__c1__c2__c1__c2_4_00578.lean
GerverSofa.KernelOnly.PartE.E24KC5Direct_e24KC2ThetaAboveLeaf0000220020__c0__c1__c2__c1__c3_4_00579	C:\Users\Acer\Downloads\Gerver_Sofa_Lean_Formalisation_2026-08-19\GerverSofaLean\GerverSofa\KernelOnly\PartE\E24KC5Direct_e24KC2ThetaAboveLeaf0000220020__c0__c1__c2__c1__c3_4_00579.lean
GerverSofa.KernelOnly.PartE.E24KC5Direct_e24KC2ThetaAboveLeaf0000220020__c0__c1__c2__c2_5_00581	C:\Users\Acer\Downloads\Gerver_Sofa_Lean_Formalisation_2026-08-19\GerverSofaLean\GerverSofa\KernelOnly\PartE\E24KC5Direct_e24KC2ThetaAboveLeaf0000220020__c0__c1__c2__c2_5_00581.lean
GerverSofa.KernelOnly.PartE.E24KC5Direct_e24KC2ThetaAboveLeaf0000220020__c0__c1__c2__c3_5_00582	C:\Users\Acer\Downloads\Gerver_Sofa_Lean_Formalisation_2026-08-19\GerverSofaLean\GerverSofa\KernelOnly\PartE\E24KC5Direct_e24KC2ThetaAboveLeaf0000220020__c0__c1__c2__c3_5_00582.lean
GerverSofa.KernelOnly.PartE.E24KC5Direct_e24KC2ThetaAboveLeaf0000220020__c0__c1__c3__c0__c0_4_00586	C:\Users\Acer\Downloads\Gerver_Sofa_Lean_Formalisation_2026-08-19\GerverSofaLean\GerverSofa\KernelOnly\PartE\E24KC5Direct_e24KC2ThetaAboveLeaf0000220020__c0__c1__c3__c0__c0_4_00586.lean
GerverSofa.KernelOnly.PartE.E24KC5Direct_e24KC2ThetaAboveLeaf0000220020__c0__c1__c3__c0__c1_4_00587	C:\Users\Acer\Downloads\Gerver_Sofa_Lean_Formalisation_2026-08-19\GerverSofaLean\GerverSofa\KernelOnly\PartE\E24KC5Direct_e24KC2ThetaAboveLeaf0000220020__c0__c1__c3__c0__c1_4_00587.lean
GerverSofa.KernelOnly.PartE.E24KC5Direct_e24KC2ThetaAboveLeaf0000220020__c0__c1__c3__c0__c2_4_00588	C:\Users\Acer\Downloads\Gerver_Sofa_Lean_Formalisation_2026-08-19\GerverSofaLean\GerverSofa\KernelOnly\PartE\E24KC5Direct_e24KC2ThetaAboveLeaf0000220020__c0__c1__c3__c0__c2_4_00588.lean
GerverSofa.KernelOnly.PartE.E24KC5Direct_e24KC2ThetaAboveLeaf0000220020__c0__c1__c3__c0__c3_4_00589	C:\Users\Acer\Downloads\Gerver_Sofa_Lean_Formalisation_2026-08-19\GerverSofaLean\GerverSofa\KernelOnly\PartE\E24KC5Direct_e24KC2ThetaAboveLeaf0000220020__c0__c1__c3__c0__c3_4_00589.lean
GerverSofa.KernelOnly.PartE.E24KC5Direct_e24KC2ThetaAboveLeaf0000220020__c0__c1__c3__c1__c0_4_00592	C:\Users\Acer\Downloads\Gerver_Sofa_Lean_Formalisation_2026-08-19\GerverSofaLean\GerverSofa\KernelOnly\PartE\E24KC5Direct_e24KC2ThetaAboveLeaf0000220020__c0__c1__c3__c1__c0_4_00592.lean
GerverSofa.KernelOnly.PartE.E24KC5Direct_e24KC2ThetaAboveLeaf0000220020__c0__c1__c3__c1__c1_4_00593	C:\Users\Acer\Downloads\Gerver_Sofa_Lean_Formalisation_2026-08-19\GerverSofaLean\GerverSofa\KernelOnly\PartE\E24KC5Direct_e24KC2ThetaAboveLeaf0000220020__c0__c1__c3__c1__c1_4_00593.lean
GerverSofa.KernelOnly.PartE.E24KC5Direct_e24KC2ThetaAboveLeaf0000220020__c0__c1__c3__c1__c2_4_00594	C:\Users\Acer\Downloads\Gerver_Sofa_Lean_Formalisation_2026-08-19\GerverSofaLean\GerverSofa\KernelOnly\PartE\E24KC5Direct_e24KC2ThetaAboveLeaf0000220020__c0__c1__c3__c1__c2_4_00594.lean
GerverSofa.KernelOnly.PartE.E24KC5Direct_e24KC2ThetaAboveLeaf0000220020__c0__c1__c3__c1__c3_4_00595	C:\Users\Acer\Downloads\Gerver_Sofa_Lean_Formalisation_2026-08-19\GerverSofaLean\GerverSofa\KernelOnly\PartE\E24KC5Direct_e24KC2ThetaAboveLeaf0000220020__c0__c1__c3__c1__c3_4_00595.lean
GerverSofa.KernelOnly.PartE.E24KC5Direct_e24KC2ThetaAboveLeaf0000220020__c0__c1__c3__c2_5_00597	C:\Users\Acer\Downloads\Gerver_Sofa_Lean_Formalisation_2026-08-19\GerverSofaLean\GerverSofa\KernelOnly\PartE\E24KC5Direct_e24KC2ThetaAboveLeaf0000220020__c0__c1__c3__c2_5_00597.lean
GerverSofa.KernelOnly.PartE.E24KC5Direct_e24KC2ThetaAboveLeaf0000220020__c0__c1__c3__c3_5_00598	C:\Users\Acer\Downloads\Gerver_Sofa_Lean_Formalisation_2026-08-19\GerverSofaLean\GerverSofa\KernelOnly\PartE\E24KC5Direct_e24KC2ThetaAboveLeaf0000220020__c0__c1__c3__c3_5_00598.lean
GerverSofa.KernelOnly.PartE.E24KC5Direct_e24KC2ThetaAboveLeaf0000220020__c0__c2_7_00601	C:\Users\Acer\Downloads\Gerver_Sofa_Lean_Formalisation_2026-08-19\GerverSofaLean\GerverSofa\KernelOnly\PartE\E24KC5Direct_e24KC2ThetaAboveLeaf0000220020__c0__c2_7_00601.lean
GerverSofa.KernelOnly.PartE.E24KC5Direct_e24KC2ThetaAboveLeaf0000220020__c0__c3_7_00602	C:\Users\Acer\Downloads\Gerver_Sofa_Lean_Formalisation_2026-08-19\GerverSofaLean\GerverSofa\KernelOnly\PartE\E24KC5Direct_e24KC2ThetaAboveLeaf0000220020__c0__c3_7_00602.lean
GerverSofa.KernelOnly.PartE.E24KC5Direct_e24KC2ThetaAboveLeaf0000220020__c1__c0__c0_6_00606	C:\Users\Acer\Downloads\Gerver_Sofa_Lean_Formalisation_2026-08-19\GerverSofaLean\GerverSofa\KernelOnly\PartE\E24KC5Direct_e24KC2ThetaAboveLeaf0000220020__c1__c0__c0_6_00606.lean
GerverSofa.KernelOnly.PartE.E24KC5Direct_e24KC2ThetaAboveLeaf0000220020__c1__c0__c1_6_00607	C:\Users\Acer\Downloads\Gerver_Sofa_Lean_Formalisation_2026-08-19\GerverSofaLean\GerverSofa\KernelOnly\PartE\E24KC5Direct_e24KC2ThetaAboveLeaf0000220020__c1__c0__c1_6_00607.lean
GerverSofa.KernelOnly.PartE.E24KC5Direct_e24KC2ThetaAboveLeaf0000220020__c1__c0__c2__c0__c0_4_00610	C:\Users\Acer\Downloads\Gerver_Sofa_Lean_Formalisation_2026-08-19\GerverSofaLean\GerverSofa\KernelOnly\PartE\E24KC5Direct_e24KC2ThetaAboveLeaf0000220020__c1__c0__c2__c0__c0_4_00610.lean
GerverSofa.KernelOnly.PartE.E24KC5Direct_e24KC2ThetaAboveLeaf0000220020__c1__c0__c2__c0__c1_4_00611	C:\Users\Acer\Downloads\Gerver_Sofa_Lean_Formalisation_2026-08-19\GerverSofaLean\GerverSofa\KernelOnly\PartE\E24KC5Direct_e24KC2ThetaAboveLeaf0000220020__c1__c0__c2__c0__c1_4_00611.lean
GerverSofa.KernelOnly.PartE.E24KC5Direct_e24KC2ThetaAboveLeaf0000220020__c1__c0__c2__c0__c2_4_00612	C:\Users\Acer\Downloads\Gerver_Sofa_Lean_Formalisation_2026-08-19\GerverSofaLean\GerverSofa\KernelOnly\PartE\E24KC5Direct_e24KC2ThetaAboveLeaf0000220020__c1__c0__c2__c0__c2_4_00612.lean
GerverSofa.KernelOnly.PartE.E24KC5Direct_e24KC2ThetaAboveLeaf0000220020__c1__c0__c2__c0__c3_4_00613	C:\Users\Acer\Downloads\Gerver_Sofa_Lean_Formalisation_2026-08-19\GerverSofaLean\GerverSofa\KernelOnly\PartE\E24KC5Direct_e24KC2ThetaAboveLeaf0000220020__c1__c0__c2__c0__c3_4_00613.lean
GerverSofa.KernelOnly.PartE.E24KC5Direct_e24KC2ThetaAboveLeaf0000220020__c1__c0__c2__c1__c0_4_00616	C:\Users\Acer\Downloads\Gerver_Sofa_Lean_Formalisation_2026-08-19\GerverSofaLean\GerverSofa\KernelOnly\PartE\E24KC5Direct_e24KC2ThetaAboveLeaf0000220020__c1__c0__c2__c1__c0_4_00616.lean
GerverSofa.KernelOnly.PartE.E24KC5Direct_e24KC2ThetaAboveLeaf0000220020__c1__c0__c2__c1__c1_4_00617	C:\Users\Acer\Downloads\Gerver_Sofa_Lean_Formalisation_2026-08-19\GerverSofaLean\GerverSofa\KernelOnly\PartE\E24KC5Direct_e24KC2ThetaAboveLeaf0000220020__c1__c0__c2__c1__c1_4_00617.lean
GerverSofa.KernelOnly.PartE.E24KC5Direct_e24KC2ThetaAboveLeaf0000220020__c1__c0__c2__c1__c2_4_00618	C:\Users\Acer\Downloads\Gerver_Sofa_Lean_Formalisation_2026-08-19\GerverSofaLean\GerverSofa\KernelOnly\PartE\E24KC5Direct_e24KC2ThetaAboveLeaf0000220020__c1__c0__c2__c1__c2_4_00618.lean
GerverSofa.KernelOnly.PartE.E24KC5Direct_e24KC2ThetaAboveLeaf0000220020__c1__c0__c2__c1__c3_4_00619	C:\Users\Acer\Downloads\Gerver_Sofa_Lean_Formalisation_2026-08-19\GerverSofaLean\GerverSofa\KernelOnly\PartE\E24KC5Direct_e24KC2ThetaAboveLeaf0000220020__c1__c0__c2__c1__c3_4_00619.lean
GerverSofa.KernelOnly.PartE.E24KC5Direct_e24KC2ThetaAboveLeaf0000220020__c1__c0__c2__c2_5_00621	C:\Users\Acer\Downloads\Gerver_Sofa_Lean_Formalisation_2026-08-19\GerverSofaLean\GerverSofa\KernelOnly\PartE\E24KC5Direct_e24KC2ThetaAboveLeaf0000220020__c1__c0__c2__c2_5_00621.lean
GerverSofa.KernelOnly.PartE.E24KC5Direct_e24KC2ThetaAboveLeaf0000220020__c1__c0__c2__c3_5_00622	C:\Users\Acer\Downloads\Gerver_Sofa_Lean_Formalisation_2026-08-19\GerverSofaLean\GerverSofa\KernelOnly\PartE\E24KC5Direct_e24KC2ThetaAboveLeaf0000220020__c1__c0__c2__c3_5_00622.lean
GerverSofa.KernelOnly.PartE.E24KC5Direct_e24KC2ThetaAboveLeaf0000220020__c1__c0__c3__c0__c0_4_00626	C:\Users\Acer\Downloads\Gerver_Sofa_Lean_Formalisation_2026-08-19\GerverSofaLean\GerverSofa\KernelOnly\PartE\E24KC5Direct_e24KC2ThetaAboveLeaf0000220020__c1__c0__c3__c0__c0_4_00626.lean
GerverSofa.KernelOnly.PartE.E24KC5Direct_e24KC2ThetaAboveLeaf0000220020__c1__c0__c3__c0__c1_4_00627	C:\Users\Acer\Downloads\Gerver_Sofa_Lean_Formalisation_2026-08-19\GerverSofaLean\GerverSofa\KernelOnly\PartE\E24KC5Direct_e24KC2ThetaAboveLeaf0000220020__c1__c0__c3__c0__c1_4_00627.lean
GerverSofa.KernelOnly.PartE.E24KC5Direct_e24KC2ThetaAboveLeaf0000220020__c1__c0__c3__c0__c2_4_00628	C:\Users\Acer\Downloads\Gerver_Sofa_Lean_Formalisation_2026-08-19\GerverSofaLean\GerverSofa\KernelOnly\PartE\E24KC5Direct_e24KC2ThetaAboveLeaf0000220020__c1__c0__c3__c0__c2_4_00628.lean
GerverSofa.KernelOnly.PartE.E24KC5Direct_e24KC2ThetaAboveLeaf0000220020__c1__c0__c3__c0__c3_4_00629	C:\Users\Acer\Downloads\Gerver_Sofa_Lean_Formalisation_2026-08-19\GerverSofaLean\GerverSofa\KernelOnly\PartE\E24KC5Direct_e24KC2ThetaAboveLeaf0000220020__c1__c0__c3__c0__c3_4_00629.lean
GerverSofa.KernelOnly.PartE.E24KC5Direct_e24KC2ThetaAboveLeaf0000220020__c1__c0__c3__c1__c0_4_00632	C:\Users\Acer\Downloads\Gerver_Sofa_Lean_Formalisation_2026-08-19\GerverSofaLean\GerverSofa\KernelOnly\PartE\E24KC5Direct_e24KC2ThetaAboveLeaf0000220020__c1__c0__c3__c1__c0_4_00632.lean
GerverSofa.KernelOnly.PartE.E24KC5Direct_e24KC2ThetaAboveLeaf0000220020__c1__c0__c3__c1__c1_4_00633	C:\Users\Acer\Downloads\Gerver_Sofa_Lean_Formalisation_2026-08-19\GerverSofaLean\GerverSofa\KernelOnly\PartE\E24KC5Direct_e24KC2ThetaAboveLeaf0000220020__c1__c0__c3__c1__c1_4_00633.lean
GerverSofa.KernelOnly.PartE.E24KC5Direct_e24KC2ThetaAboveLeaf0000220020__c1__c0__c3__c1__c2_4_00634	C:\Users\Acer\Downloads\Gerver_Sofa_Lean_Formalisation_2026-08-19\GerverSofaLean\GerverSofa\KernelOnly\PartE\E24KC5Direct_e24KC2ThetaAboveLeaf0000220020__c1__c0__c3__c1__c2_4_00634.lean
GerverSofa.KernelOnly.PartE.E24KC5Direct_e24KC2ThetaAboveLeaf0000220020__c1__c0__c3__c1__c3_4_00635	C:\Users\Acer\Downloads\Gerver_Sofa_Lean_Formalisation_2026-08-19\GerverSofaLean\GerverSofa\KernelOnly\PartE\E24KC5Direct_e24KC2ThetaAboveLeaf0000220020__c1__c0__c3__c1__c3_4_00635.lean
GerverSofa.KernelOnly.PartE.E24KC5Direct_e24KC2ThetaAboveLeaf0000220020__c1__c0__c3__c2_5_00637	C:\Users\Acer\Downloads\Gerver_Sofa_Lean_Formalisation_2026-08-19\GerverSofaLean\GerverSofa\KernelOnly\PartE\E24KC5Direct_e24KC2ThetaAboveLeaf0000220020__c1__c0__c3__c2_5_00637.lean
GerverSofa.KernelOnly.PartE.E24KC5Direct_e24KC2ThetaAboveLeaf0000220020__c1__c0__c3__c3_5_00638	C:\Users\Acer\Downloads\Gerver_Sofa_Lean_Formalisation_2026-08-19\GerverSofaLean\GerverSofa\KernelOnly\PartE\E24KC5Direct_e24KC2ThetaAboveLeaf0000220020__c1__c0__c3__c3_5_00638.lean
GerverSofa.KernelOnly.PartE.E24KC5Direct_e24KC2ThetaAboveLeaf0000220020__c1__c1__c0_6_00642	C:\Users\Acer\Downloads\Gerver_Sofa_Lean_Formalisation_2026-08-19\GerverSofaLean\GerverSofa\KernelOnly\PartE\E24KC5Direct_e24KC2ThetaAboveLeaf0000220020__c1__c1__c0_6_00642.lean
GerverSofa.KernelOnly.PartE.E24KC5Direct_e24KC2ThetaAboveLeaf0000220020__c1__c1__c1_6_00643	C:\Users\Acer\Downloads\Gerver_Sofa_Lean_Formalisation_2026-08-19\GerverSofaLean\GerverSofa\KernelOnly\PartE\E24KC5Direct_e24KC2ThetaAboveLeaf0000220020__c1__c1__c1_6_00643.lean
GerverSofa.KernelOnly.PartE.E24KC5Direct_e24KC2ThetaAboveLeaf0000220020__c1__c1__c2__c0__c0_4_00646	C:\Users\Acer\Downloads\Gerver_Sofa_Lean_Formalisation_2026-08-19\GerverSofaLean\GerverSofa\KernelOnly\PartE\E24KC5Direct_e24KC2ThetaAboveLeaf0000220020__c1__c1__c2__c0__c0_4_00646.lean
GerverSofa.KernelOnly.PartE.E24KC5Direct_e24KC2ThetaAboveLeaf0000220020__c1__c1__c2__c0__c1_4_00647	C:\Users\Acer\Downloads\Gerver_Sofa_Lean_Formalisation_2026-08-19\GerverSofaLean\GerverSofa\KernelOnly\PartE\E24KC5Direct_e24KC2ThetaAboveLeaf0000220020__c1__c1__c2__c0__c1_4_00647.lean
GerverSofa.KernelOnly.PartE.E24KC5Direct_e24KC2ThetaAboveLeaf0000220020__c1__c1__c2__c0__c2_4_00648	C:\Users\Acer\Downloads\Gerver_Sofa_Lean_Formalisation_2026-08-19\GerverSofaLean\GerverSofa\KernelOnly\PartE\E24KC5Direct_e24KC2ThetaAboveLeaf0000220020__c1__c1__c2__c0__c2_4_00648.lean
GerverSofa.KernelOnly.PartE.E24KC5Direct_e24KC2ThetaAboveLeaf0000220020__c1__c1__c2__c0__c3_4_00649	C:\Users\Acer\Downloads\Gerver_Sofa_Lean_Formalisation_2026-08-19\GerverSofaLean\GerverSofa\KernelOnly\PartE\E24KC5Direct_e24KC2ThetaAboveLeaf0000220020__c1__c1__c2__c0__c3_4_00649.lean
GerverSofa.KernelOnly.PartE.E24KC5Direct_e24KC2ThetaAboveLeaf0000220020__c1__c1__c2__c1__c0_4_00652	C:\Users\Acer\Downloads\Gerver_Sofa_Lean_Formalisation_2026-08-19\GerverSofaLean\GerverSofa\KernelOnly\PartE\E24KC5Direct_e24KC2ThetaAboveLeaf0000220020__c1__c1__c2__c1__c0_4_00652.lean
GerverSofa.KernelOnly.PartE.E24KC5Direct_e24KC2ThetaAboveLeaf0000220020__c1__c1__c2__c1__c1_4_00653	C:\Users\Acer\Downloads\Gerver_Sofa_Lean_Formalisation_2026-08-19\GerverSofaLean\GerverSofa\KernelOnly\PartE\E24KC5Direct_e24KC2ThetaAboveLeaf0000220020__c1__c1__c2__c1__c1_4_00653.lean
GerverSofa.KernelOnly.PartE.E24KC5Direct_e24KC2ThetaAboveLeaf0000220020__c1__c1__c2__c1__c2_4_00654	C:\Users\Acer\Downloads\Gerver_Sofa_Lean_Formalisation_2026-08-19\GerverSofaLean\GerverSofa\KernelOnly\PartE\E24KC5Direct_e24KC2ThetaAboveLeaf0000220020__c1__c1__c2__c1__c2_4_00654.lean
GerverSofa.KernelOnly.PartE.E24KC5Direct_e24KC2ThetaAboveLeaf0000220020__c1__c1__c2__c1__c3_4_00655	C:\Users\Acer\Downloads\Gerver_Sofa_Lean_Formalisation_2026-08-19\GerverSofaLean\GerverSofa\KernelOnly\PartE\E24KC5Direct_e24KC2ThetaAboveLeaf0000220020__c1__c1__c2__c1__c3_4_00655.lean
GerverSofa.KernelOnly.PartE.E24KC5Direct_e24KC2ThetaAboveLeaf0000220020__c1__c1__c2__c2_5_00657	C:\Users\Acer\Downloads\Gerver_Sofa_Lean_Formalisation_2026-08-19\GerverSofaLean\GerverSofa\KernelOnly\PartE\E24KC5Direct_e24KC2ThetaAboveLeaf0000220020__c1__c1__c2__c2_5_00657.lean
GerverSofa.KernelOnly.PartE.E24KC5Direct_e24KC2ThetaAboveLeaf0000220020__c1__c1__c2__c3_5_00658	C:\Users\Acer\Downloads\Gerver_Sofa_Lean_Formalisation_2026-08-19\GerverSofaLean\GerverSofa\KernelOnly\PartE\E24KC5Direct_e24KC2ThetaAboveLeaf0000220020__c1__c1__c2__c3_5_00658.lean
GerverSofa.KernelOnly.PartE.E24KC5Direct_e24KC2ThetaAboveLeaf0000220020__c1__c1__c3__c0__c0_4_00662	C:\Users\Acer\Downloads\Gerver_Sofa_Lean_Formalisation_2026-08-19\GerverSofaLean\GerverSofa\KernelOnly\PartE\E24KC5Direct_e24KC2ThetaAboveLeaf0000220020__c1__c1__c3__c0__c0_4_00662.lean
GerverSofa.KernelOnly.PartE.E24KC5Direct_e24KC2ThetaAboveLeaf0000220020__c1__c1__c3__c0__c1_4_00663	C:\Users\Acer\Downloads\Gerver_Sofa_Lean_Formalisation_2026-08-19\GerverSofaLean\GerverSofa\KernelOnly\PartE\E24KC5Direct_e24KC2ThetaAboveLeaf0000220020__c1__c1__c3__c0__c1_4_00663.lean
GerverSofa.KernelOnly.PartE.E24KC5Direct_e24KC2ThetaAboveLeaf0000220020__c1__c1__c3__c0__c2_4_00664	C:\Users\Acer\Downloads\Gerver_Sofa_Lean_Formalisation_2026-08-19\GerverSofaLean\GerverSofa\KernelOnly\PartE\E24KC5Direct_e24KC2ThetaAboveLeaf0000220020__c1__c1__c3__c0__c2_4_00664.lean
GerverSofa.KernelOnly.PartE.E24KC5Direct_e24KC2ThetaAboveLeaf0000220020__c1__c1__c3__c0__c3_4_00665	C:\Users\Acer\Downloads\Gerver_Sofa_Lean_Formalisation_2026-08-19\GerverSofaLean\GerverSofa\KernelOnly\PartE\E24KC5Direct_e24KC2ThetaAboveLeaf0000220020__c1__c1__c3__c0__c3_4_00665.lean
GerverSofa.KernelOnly.PartE.E24KC5Direct_e24KC2ThetaAboveLeaf0000220020__c1__c1__c3__c1__c0_4_00009	C:\Users\Acer\Downloads\Gerver_Sofa_Lean_Formalisation_2026-08-19\GerverSofaLean\GerverSofa\KernelOnly\PartE\E24KC5Direct_e24KC2ThetaAboveLeaf0000220020__c1__c1__c3__c1__c0_4_00009.lean
GerverSofa.KernelOnly.PartE.E24KC5Direct_e24KC2ThetaAboveLeaf0000220020__c1__c1__c3__c1__c1_4_00010	C:\Users\Acer\Downloads\Gerver_Sofa_Lean_Formalisation_2026-08-19\GerverSofaLean\GerverSofa\KernelOnly\PartE\E24KC5Direct_e24KC2ThetaAboveLeaf0000220020__c1__c1__c3__c1__c1_4_00010.lean
GerverSofa.KernelOnly.PartE.E24KC5Direct_e24KC2ThetaAboveLeaf0000220020__c1__c1__c3__c1__c2__c0_3_00012	C:\Users\Acer\Downloads\Gerver_Sofa_Lean_Formalisation_2026-08-19\GerverSofaLean\GerverSofa\KernelOnly\PartE\E24KC5Direct_e24KC2ThetaAboveLeaf0000220020__c1__c1__c3__c1__c2__c0_3_00012.lean
GerverSofa.KernelOnly.PartE.E24KC5Direct_e24KC2ThetaAboveLeaf0000220020__c1__c1__c3__c1__c2__c1_3_00013	C:\Users\Acer\Downloads\Gerver_Sofa_Lean_Formalisation_2026-08-19\GerverSofaLean\GerverSofa\KernelOnly\PartE\E24KC5Direct_e24KC2ThetaAboveLeaf0000220020__c1__c1__c3__c1__c2__c1_3_00013.lean
GerverSofa.KernelOnly.PartE.E24KC5Direct_e24KC2ThetaAboveLeaf0000220020__c1__c1__c3__c1__c2__c2_3_00014	C:\Users\Acer\Downloads\Gerver_Sofa_Lean_Formalisation_2026-08-19\GerverSofaLean\GerverSofa\KernelOnly\PartE\E24KC5Direct_e24KC2ThetaAboveLeaf0000220020__c1__c1__c3__c1__c2__c2_3_00014.lean
GerverSofa.KernelOnly.PartE.E24KC5Direct_e24KC2ThetaAboveLeaf0000220020__c1__c1__c3__c1__c2__c3_3_00015	C:\Users\Acer\Downloads\Gerver_Sofa_Lean_Formalisation_2026-08-19\GerverSofaLean\GerverSofa\KernelOnly\PartE\E24KC5Direct_e24KC2ThetaAboveLeaf0000220020__c1__c1__c3__c1__c2__c3_3_00015.lean
GerverSofa.KernelOnly.PartE.E24KC5Direct_e24KC2ThetaAboveLeaf0000220020__c1__c1__c3__c1__c3__c0_3_00018	C:\Users\Acer\Downloads\Gerver_Sofa_Lean_Formalisation_2026-08-19\GerverSofaLean\GerverSofa\KernelOnly\PartE\E24KC5Direct_e24KC2ThetaAboveLeaf0000220020__c1__c1__c3__c1__c3__c0_3_00018.lean
GerverSofa.KernelOnly.PartE.E24KC5Direct_e24KC2ThetaAboveLeaf0000220020__c1__c1__c3__c1__c3__c1_3_00019	C:\Users\Acer\Downloads\Gerver_Sofa_Lean_Formalisation_2026-08-19\GerverSofaLean\GerverSofa\KernelOnly\PartE\E24KC5Direct_e24KC2ThetaAboveLeaf0000220020__c1__c1__c3__c1__c3__c1_3_00019.lean
GerverSofa.KernelOnly.PartE.E24KC5Direct_e24KC2ThetaAboveLeaf0000220020__c1__c1__c3__c1__c3__c2_3_00020	C:\Users\Acer\Downloads\Gerver_Sofa_Lean_Formalisation_2026-08-19\GerverSofaLean\GerverSofa\KernelOnly\PartE\E24KC5Direct_e24KC2ThetaAboveLeaf0000220020__c1__c1__c3__c1__c3__c2_3_00020.lean
GerverSofa.KernelOnly.PartE.E24KC5Direct_e24KC2ThetaAboveLeaf0000220020__c1__c1__c3__c1__c3__c3_3_00021	C:\Users\Acer\Downloads\Gerver_Sofa_Lean_Formalisation_2026-08-19\GerverSofaLean\GerverSofa\KernelOnly\PartE\E24KC5Direct_e24KC2ThetaAboveLeaf0000220020__c1__c1__c3__c1__c3__c3_3_00021.lean
GerverSofa.KernelOnly.PartE.E24KC5Direct_e24KC2ThetaAboveLeaf0000220020__c1__c1__c3__c2_5_00024	C:\Users\Acer\Downloads\Gerver_Sofa_Lean_Formalisation_2026-08-19\GerverSofaLean\GerverSofa\KernelOnly\PartE\E24KC5Direct_e24KC2ThetaAboveLeaf0000220020__c1__c1__c3__c2_5_00024.lean
GerverSofa.KernelOnly.PartE.E24KC5Direct_e24KC2ThetaAboveLeaf0000220020__c1__c1__c3__c3_5_00025	C:\Users\Acer\Downloads\Gerver_Sofa_Lean_Formalisation_2026-08-19\GerverSofaLean\GerverSofa\KernelOnly\PartE\E24KC5Direct_e24KC2ThetaAboveLeaf0000220020__c1__c1__c3__c3_5_00025.lean
GerverSofa.KernelOnly.PartE.E24KC5Direct_e24KC2ThetaAboveLeaf0000220020__c1__c2_7_00028	C:\Users\Acer\Downloads\Gerver_Sofa_Lean_Formalisation_2026-08-19\GerverSofaLean\GerverSofa\KernelOnly\PartE\E24KC5Direct_e24KC2ThetaAboveLeaf0000220020__c1__c2_7_00028.lean
GerverSofa.KernelOnly.PartE.E24KC5Direct_e24KC2ThetaAboveLeaf0000220020__c1__c3_7_00029	C:\Users\Acer\Downloads\Gerver_Sofa_Lean_Formalisation_2026-08-19\GerverSofaLean\GerverSofa\KernelOnly\PartE\E24KC5Direct_e24KC2ThetaAboveLeaf0000220020__c1__c3_7_00029.lean
GerverSofa.KernelOnly.PartE.E24KC5FrontierBatch_F0LLR_00112	C:\Users\Acer\Downloads\Gerver_Sofa_Lean_Formalisation_2026-08-19\GerverSofaLean\GerverSofa\KernelOnly\PartE\E24KC5FrontierBatch_F0LLR_00112.lean
GerverSofa.KernelOnly.PartE.E24KC5FrontierBatch_F0LRL_00114	C:\Users\Acer\Downloads\Gerver_Sofa_Lean_Formalisation_2026-08-19\GerverSofaLean\GerverSofa\KernelOnly\PartE\E24KC5FrontierBatch_F0LRL_00114.lean
GerverSofa.KernelOnly.PartE.E24KC5FrontierBatch_F0RLR_00169	C:\Users\Acer\Downloads\Gerver_Sofa_Lean_Formalisation_2026-08-19\GerverSofaLean\GerverSofa\KernelOnly\PartE\E24KC5FrontierBatch_F0RLR_00169.lean
GerverSofa.KernelOnly.PartE.E24KC5FrontierBatch_F0RRL_00171	C:\Users\Acer\Downloads\Gerver_Sofa_Lean_Formalisation_2026-08-19\GerverSofaLean\GerverSofa\KernelOnly\PartE\E24KC5FrontierBatch_F0RRL_00171.lean
GerverSofa.KernelOnly.PartE.E24KC5FrontierBatch_F104_00466	C:\Users\Acer\Downloads\Gerver_Sofa_Lean_Formalisation_2026-08-19\GerverSofaLean\GerverSofa\KernelOnly\PartE\E24KC5FrontierBatch_F104_00466.lean
GerverSofa.KernelOnly.PartE.E24KC5FrontierBatch_F112L_00468	C:\Users\Acer\Downloads\Gerver_Sofa_Lean_Formalisation_2026-08-19\GerverSofaLean\GerverSofa\KernelOnly\PartE\E24KC5FrontierBatch_F112L_00468.lean
GerverSofa.KernelOnly.PartE.E24KC5FrontierBatch_F112RLL_00471	C:\Users\Acer\Downloads\Gerver_Sofa_Lean_Formalisation_2026-08-19\GerverSofaLean\GerverSofa\KernelOnly\PartE\E24KC5FrontierBatch_F112RLL_00471.lean
GerverSofa.KernelOnly.PartE.E24KC5FrontierBatch_F16LLL_00214	C:\Users\Acer\Downloads\Gerver_Sofa_Lean_Formalisation_2026-08-19\GerverSofaLean\GerverSofa\KernelOnly\PartE\E24KC5FrontierBatch_F16LLL_00214.lean
GerverSofa.KernelOnly.PartE.E24KC5FrontierBatch_F16LLR_00215	C:\Users\Acer\Downloads\Gerver_Sofa_Lean_Formalisation_2026-08-19\GerverSofaLean\GerverSofa\KernelOnly\PartE\E24KC5FrontierBatch_F16LLR_00215.lean
GerverSofa.KernelOnly.PartE.E24KC5FrontierBatch_F16LR_00216	C:\Users\Acer\Downloads\Gerver_Sofa_Lean_Formalisation_2026-08-19\GerverSofaLean\GerverSofa\KernelOnly\PartE\E24KC5FrontierBatch_F16LR_00216.lean
GerverSofa.KernelOnly.PartE.E24KC5FrontierBatch_F16RL_00218	C:\Users\Acer\Downloads\Gerver_Sofa_Lean_Formalisation_2026-08-19\GerverSofaLean\GerverSofa\KernelOnly\PartE\E24KC5FrontierBatch_F16RL_00218.lean
GerverSofa.KernelOnly.PartE.E24KC5FrontierBatch_F16RR_00219	C:\Users\Acer\Downloads\Gerver_Sofa_Lean_Formalisation_2026-08-19\GerverSofaLean\GerverSofa\KernelOnly\PartE\E24KC5FrontierBatch_F16RR_00219.lean
GerverSofa.KernelOnly.PartE.E24KC5FrontierBatch_F24LL_00222	C:\Users\Acer\Downloads\Gerver_Sofa_Lean_Formalisation_2026-08-19\GerverSofaLean\GerverSofa\KernelOnly\PartE\E24KC5FrontierBatch_F24LL_00222.lean
GerverSofa.KernelOnly.PartE.E24KC5FrontierBatch_F24LR_00223	C:\Users\Acer\Downloads\Gerver_Sofa_Lean_Formalisation_2026-08-19\GerverSofaLean\GerverSofa\KernelOnly\PartE\E24KC5FrontierBatch_F24LR_00223.lean
GerverSofa.KernelOnly.PartE.E24KC5FrontierBatch_F24RL_00225	C:\Users\Acer\Downloads\Gerver_Sofa_Lean_Formalisation_2026-08-19\GerverSofaLean\GerverSofa\KernelOnly\PartE\E24KC5FrontierBatch_F24RL_00225.lean
GerverSofa.KernelOnly.PartE.E24KC5FrontierBatch_F24RR_00226	C:\Users\Acer\Downloads\Gerver_Sofa_Lean_Formalisation_2026-08-19\GerverSofaLean\GerverSofa\KernelOnly\PartE\E24KC5FrontierBatch_F24RR_00226.lean
GerverSofa.KernelOnly.PartE.E24KC5FrontierBatch_F32_00227	C:\Users\Acer\Downloads\Gerver_Sofa_Lean_Formalisation_2026-08-19\GerverSofaLean\GerverSofa\KernelOnly\PartE\E24KC5FrontierBatch_F32_00227.lean
GerverSofa.KernelOnly.PartE.E24KC5FrontierBatch_F40_00228	C:\Users\Acer\Downloads\Gerver_Sofa_Lean_Formalisation_2026-08-19\GerverSofaLean\GerverSofa\KernelOnly\PartE\E24KC5FrontierBatch_F40_00228.lean
GerverSofa.KernelOnly.PartE.E24KC5FrontierBatch_F48_00229	C:\Users\Acer\Downloads\Gerver_Sofa_Lean_Formalisation_2026-08-19\GerverSofaLean\GerverSofa\KernelOnly\PartE\E24KC5FrontierBatch_F48_00229.lean
GerverSofa.KernelOnly.PartE.E24KC5FrontierBatch_F56_00230	C:\Users\Acer\Downloads\Gerver_Sofa_Lean_Formalisation_2026-08-19\GerverSofaLean\GerverSofa\KernelOnly\PartE\E24KC5FrontierBatch_F56_00230.lean
GerverSofa.KernelOnly.PartE.E24KC5FrontierBatch_F64_00231	C:\Users\Acer\Downloads\Gerver_Sofa_Lean_Formalisation_2026-08-19\GerverSofaLean\GerverSofa\KernelOnly\PartE\E24KC5FrontierBatch_F64_00231.lean
GerverSofa.KernelOnly.PartE.E24KC5FrontierBatch_F72_00232	C:\Users\Acer\Downloads\Gerver_Sofa_Lean_Formalisation_2026-08-19\GerverSofaLean\GerverSofa\KernelOnly\PartE\E24KC5FrontierBatch_F72_00232.lean
GerverSofa.KernelOnly.PartE.E24KC5FrontierBatch_F80LL_00235	C:\Users\Acer\Downloads\Gerver_Sofa_Lean_Formalisation_2026-08-19\GerverSofaLean\GerverSofa\KernelOnly\PartE\E24KC5FrontierBatch_F80LL_00235.lean
GerverSofa.KernelOnly.PartE.E24KC5FrontierBatch_F80LRL_00237	C:\Users\Acer\Downloads\Gerver_Sofa_Lean_Formalisation_2026-08-19\GerverSofaLean\GerverSofa\KernelOnly\PartE\E24KC5FrontierBatch_F80LRL_00237.lean
GerverSofa.KernelOnly.PartE.E24KC5FrontierBatch_F80LRR_00238	C:\Users\Acer\Downloads\Gerver_Sofa_Lean_Formalisation_2026-08-19\GerverSofaLean\GerverSofa\KernelOnly\PartE\E24KC5FrontierBatch_F80LRR_00238.lean
GerverSofa.KernelOnly.PartE.E24KC5FrontierBatch_F80RLR_00247	C:\Users\Acer\Downloads\Gerver_Sofa_Lean_Formalisation_2026-08-19\GerverSofaLean\GerverSofa\KernelOnly\PartE\E24KC5FrontierBatch_F80RLR_00247.lean
GerverSofa.KernelOnly.PartE.E24KC5FrontierBatch_F80RRL_00249	C:\Users\Acer\Downloads\Gerver_Sofa_Lean_Formalisation_2026-08-19\GerverSofaLean\GerverSofa\KernelOnly\PartE\E24KC5FrontierBatch_F80RRL_00249.lean
GerverSofa.KernelOnly.PartE.E24KC5FrontierBatch_F80RRR_00250	C:\Users\Acer\Downloads\Gerver_Sofa_Lean_Formalisation_2026-08-19\GerverSofaLean\GerverSofa\KernelOnly\PartE\E24KC5FrontierBatch_F80RRR_00250.lean
GerverSofa.KernelOnly.PartE.E24KC5FrontierBatch_F88LL_00253	C:\Users\Acer\Downloads\Gerver_Sofa_Lean_Formalisation_2026-08-19\GerverSofaLean\GerverSofa\KernelOnly\PartE\E24KC5FrontierBatch_F88LL_00253.lean
GerverSofa.KernelOnly.PartE.E24KC5FrontierBatch_F88LRR_00261	C:\Users\Acer\Downloads\Gerver_Sofa_Lean_Formalisation_2026-08-19\GerverSofaLean\GerverSofa\KernelOnly\PartE\E24KC5FrontierBatch_F88LRR_00261.lean
GerverSofa.KernelOnly.PartE.E24KC5FrontierBatch_F88RRL_00287	C:\Users\Acer\Downloads\Gerver_Sofa_Lean_Formalisation_2026-08-19\GerverSofaLean\GerverSofa\KernelOnly\PartE\E24KC5FrontierBatch_F88RRL_00287.lean
GerverSofa.KernelOnly.PartE.E24KC5FrontierBatch_F8LLR_00192	C:\Users\Acer\Downloads\Gerver_Sofa_Lean_Formalisation_2026-08-19\GerverSofaLean\GerverSofa\KernelOnly\PartE\E24KC5FrontierBatch_F8LLR_00192.lean
GerverSofa.KernelOnly.PartE.E24KC5FrontierBatch_F8LRL_00194	C:\Users\Acer\Downloads\Gerver_Sofa_Lean_Formalisation_2026-08-19\GerverSofaLean\GerverSofa\KernelOnly\PartE\E24KC5FrontierBatch_F8LRL_00194.lean
GerverSofa.KernelOnly.PartE.E24KC5FrontierBatch_F8RLR_00209	C:\Users\Acer\Downloads\Gerver_Sofa_Lean_Formalisation_2026-08-19\GerverSofaLean\GerverSofa\KernelOnly\PartE\E24KC5FrontierBatch_F8RLR_00209.lean
GerverSofa.KernelOnly.PartE.E24KC5FrontierBatch_F8RR_00210	C:\Users\Acer\Downloads\Gerver_Sofa_Lean_Formalisation_2026-08-19\GerverSofaLean\GerverSofa\KernelOnly\PartE\E24KC5FrontierBatch_F8RR_00210.lean
GerverSofa.KernelOnly.PartE.E24KC5FrontierBatch_F96LLR_00463	C:\Users\Acer\Downloads\Gerver_Sofa_Lean_Formalisation_2026-08-19\GerverSofaLean\GerverSofa\KernelOnly\PartE\E24KC5FrontierBatch_F96LLR_00463.lean
GerverSofa.KernelOnly.PartE.E24KC5FrontierBatch_F96LR_00464	C:\Users\Acer\Downloads\Gerver_Sofa_Lean_Formalisation_2026-08-19\GerverSofaLean\GerverSofa\KernelOnly\PartE\E24KC5FrontierBatch_F96LR_00464.lean
GerverSofa.KernelOnly.PartE.E24KC5FrontierBatch_F96R_00465	C:\Users\Acer\Downloads\Gerver_Sofa_Lean_Formalisation_2026-08-19\GerverSofaLean\GerverSofa\KernelOnly\PartE\E24KC5FrontierBatch_F96R_00465.lean
GerverSofa.KernelOnly.PartE.E24KC5Join_e24KC2PhiAboveLeaf1101101__c0__c0__c0_6_00029	C:\Users\Acer\Downloads\Gerver_Sofa_Lean_Formalisation_2026-08-19\GerverSofaLean\GerverSofa\KernelOnly\PartE\E24KC5Join_e24KC2PhiAboveLeaf1101101__c0__c0__c0_6_00029.lean
GerverSofa.KernelOnly.PartE.E24KC5Join_e24KC2PhiAboveLeaf1101101__c0__c0__c1__c0_5_00036	C:\Users\Acer\Downloads\Gerver_Sofa_Lean_Formalisation_2026-08-19\GerverSofaLean\GerverSofa\KernelOnly\PartE\E24KC5Join_e24KC2PhiAboveLeaf1101101__c0__c0__c1__c0_5_00036.lean
GerverSofa.KernelOnly.PartE.E24KC5Join_e24KC2PhiAboveLeaf1101101__c0__c0__c1__c1_5_00042	C:\Users\Acer\Downloads\Gerver_Sofa_Lean_Formalisation_2026-08-19\GerverSofaLean\GerverSofa\KernelOnly\PartE\E24KC5Join_e24KC2PhiAboveLeaf1101101__c0__c0__c1__c1_5_00042.lean
GerverSofa.KernelOnly.PartE.E24KC5Join_e24KC2PhiAboveLeaf1101101__c0__c0__c1_6_00045	C:\Users\Acer\Downloads\Gerver_Sofa_Lean_Formalisation_2026-08-19\GerverSofaLean\GerverSofa\KernelOnly\PartE\E24KC5Join_e24KC2PhiAboveLeaf1101101__c0__c0__c1_6_00045.lean
GerverSofa.KernelOnly.PartE.E24KC5Join_e24KC2PhiAboveLeaf1101101__c0__c0_7_00048	C:\Users\Acer\Downloads\Gerver_Sofa_Lean_Formalisation_2026-08-19\GerverSofaLean\GerverSofa\KernelOnly\PartE\E24KC5Join_e24KC2PhiAboveLeaf1101101__c0__c0_7_00048.lean
GerverSofa.KernelOnly.PartE.E24KC5Join_e24KC2PhiAboveLeaf1101101__c0__c1__c0__c0_5_00056	C:\Users\Acer\Downloads\Gerver_Sofa_Lean_Formalisation_2026-08-19\GerverSofaLean\GerverSofa\KernelOnly\PartE\E24KC5Join_e24KC2PhiAboveLeaf1101101__c0__c1__c0__c0_5_00056.lean
GerverSofa.KernelOnly.PartE.E24KC5Join_e24KC2PhiAboveLeaf1101101__c0__c1__c0__c1_5_00062	C:\Users\Acer\Downloads\Gerver_Sofa_Lean_Formalisation_2026-08-19\GerverSofaLean\GerverSofa\KernelOnly\PartE\E24KC5Join_e24KC2PhiAboveLeaf1101101__c0__c1__c0__c1_5_00062.lean
GerverSofa.KernelOnly.PartE.E24KC5Join_e24KC2PhiAboveLeaf1101101__c0__c1__c0_6_00065	C:\Users\Acer\Downloads\Gerver_Sofa_Lean_Formalisation_2026-08-19\GerverSofaLean\GerverSofa\KernelOnly\PartE\E24KC5Join_e24KC2PhiAboveLeaf1101101__c0__c1__c0_6_00065.lean
GerverSofa.KernelOnly.PartE.E24KC5Join_e24KC2PhiAboveLeaf1101101__c0__c1__c1_6_00071	C:\Users\Acer\Downloads\Gerver_Sofa_Lean_Formalisation_2026-08-19\GerverSofaLean\GerverSofa\KernelOnly\PartE\E24KC5Join_e24KC2PhiAboveLeaf1101101__c0__c1__c1_6_00071.lean
GerverSofa.KernelOnly.PartE.E24KC5Join_e24KC2PhiAboveLeaf1101101__c0__c1_7_00074	C:\Users\Acer\Downloads\Gerver_Sofa_Lean_Formalisation_2026-08-19\GerverSofaLean\GerverSofa\KernelOnly\PartE\E24KC5Join_e24KC2PhiAboveLeaf1101101__c0__c1_7_00074.lean
GerverSofa.KernelOnly.PartE.E24KC5Join_e24KC2PhiAboveLeaf1101101__c0_8_00077	C:\Users\Acer\Downloads\Gerver_Sofa_Lean_Formalisation_2026-08-19\GerverSofaLean\GerverSofa\KernelOnly\PartE\E24KC5Join_e24KC2PhiAboveLeaf1101101__c0_8_00077.lean
GerverSofa.KernelOnly.PartE.E24KC5Join_e24KC2PhiAboveLeaf1101101__c1__c0__c0_6_00085	C:\Users\Acer\Downloads\Gerver_Sofa_Lean_Formalisation_2026-08-19\GerverSofaLean\GerverSofa\KernelOnly\PartE\E24KC5Join_e24KC2PhiAboveLeaf1101101__c1__c0__c0_6_00085.lean
GerverSofa.KernelOnly.PartE.E24KC5Join_e24KC2PhiAboveLeaf1101101__c1__c0__c1_6_00091	C:\Users\Acer\Downloads\Gerver_Sofa_Lean_Formalisation_2026-08-19\GerverSofaLean\GerverSofa\KernelOnly\PartE\E24KC5Join_e24KC2PhiAboveLeaf1101101__c1__c0__c1_6_00091.lean
GerverSofa.KernelOnly.PartE.E24KC5Join_e24KC2PhiAboveLeaf1101101__c1__c0_7_00094	C:\Users\Acer\Downloads\Gerver_Sofa_Lean_Formalisation_2026-08-19\GerverSofaLean\GerverSofa\KernelOnly\PartE\E24KC5Join_e24KC2PhiAboveLeaf1101101__c1__c0_7_00094.lean
GerverSofa.KernelOnly.PartE.E24KC5Join_e24KC2PhiAboveLeaf1101101__c1__c1__c0_6_00101	C:\Users\Acer\Downloads\Gerver_Sofa_Lean_Formalisation_2026-08-19\GerverSofaLean\GerverSofa\KernelOnly\PartE\E24KC5Join_e24KC2PhiAboveLeaf1101101__c1__c1__c0_6_00101.lean
GerverSofa.KernelOnly.PartE.E24KC5Join_e24KC2PhiAboveLeaf1101101__c1__c1_7_00105	C:\Users\Acer\Downloads\Gerver_Sofa_Lean_Formalisation_2026-08-19\GerverSofaLean\GerverSofa\KernelOnly\PartE\E24KC5Join_e24KC2PhiAboveLeaf1101101__c1__c1_7_00105.lean
GerverSofa.KernelOnly.PartE.E24KC5Join_e24KC2PhiAboveLeaf1101101__c1_8_00108	C:\Users\Acer\Downloads\Gerver_Sofa_Lean_Formalisation_2026-08-19\GerverSofaLean\GerverSofa\KernelOnly\PartE\E24KC5Join_e24KC2PhiAboveLeaf1101101__c1_8_00108.lean
GerverSofa.KernelOnly.PartE.E24KC5Join_e24KC2PhiAboveLeaf1101101_9_00111	C:\Users\Acer\Downloads\Gerver_Sofa_Lean_Formalisation_2026-08-19\GerverSofaLean\GerverSofa\KernelOnly\PartE\E24KC5Join_e24KC2PhiAboveLeaf1101101_9_00111.lean
GerverSofa.KernelOnly.PartE.E24KC5Join_e24KC2PhiAboveLeaf1101110__c0__c0_7_00122	C:\Users\Acer\Downloads\Gerver_Sofa_Lean_Formalisation_2026-08-19\GerverSofaLean\GerverSofa\KernelOnly\PartE\E24KC5Join_e24KC2PhiAboveLeaf1101110__c0__c0_7_00122.lean
GerverSofa.KernelOnly.PartE.E24KC5Join_e24KC2PhiAboveLeaf1101110__c0__c1__c0_6_00129	C:\Users\Acer\Downloads\Gerver_Sofa_Lean_Formalisation_2026-08-19\GerverSofaLean\GerverSofa\KernelOnly\PartE\E24KC5Join_e24KC2PhiAboveLeaf1101110__c0__c1__c0_6_00129.lean
GerverSofa.KernelOnly.PartE.E24KC5Join_e24KC2PhiAboveLeaf1101110__c0__c1_7_00133	C:\Users\Acer\Downloads\Gerver_Sofa_Lean_Formalisation_2026-08-19\GerverSofaLean\GerverSofa\KernelOnly\PartE\E24KC5Join_e24KC2PhiAboveLeaf1101110__c0__c1_7_00133.lean
GerverSofa.KernelOnly.PartE.E24KC5Join_e24KC2PhiAboveLeaf1101110__c0_8_00136	C:\Users\Acer\Downloads\Gerver_Sofa_Lean_Formalisation_2026-08-19\GerverSofaLean\GerverSofa\KernelOnly\PartE\E24KC5Join_e24KC2PhiAboveLeaf1101110__c0_8_00136.lean
GerverSofa.KernelOnly.PartE.E24KC5Join_e24KC2PhiAboveLeaf1101110__c1_8_00142	C:\Users\Acer\Downloads\Gerver_Sofa_Lean_Formalisation_2026-08-19\GerverSofaLean\GerverSofa\KernelOnly\PartE\E24KC5Join_e24KC2PhiAboveLeaf1101110__c1_8_00142.lean
GerverSofa.KernelOnly.PartE.E24KC5Join_e24KC2PhiAboveLeaf1101110_9_00145	C:\Users\Acer\Downloads\Gerver_Sofa_Lean_Formalisation_2026-08-19\GerverSofaLean\GerverSofa\KernelOnly\PartE\E24KC5Join_e24KC2PhiAboveLeaf1101110_9_00145.lean
GerverSofa.KernelOnly.PartE.E24KC5Join_e24KC2PhiAboveLeaf1101111__c0__c1_7_00156	C:\Users\Acer\Downloads\Gerver_Sofa_Lean_Formalisation_2026-08-19\GerverSofaLean\GerverSofa\KernelOnly\PartE\E24KC5Join_e24KC2PhiAboveLeaf1101111__c0__c1_7_00156.lean
GerverSofa.KernelOnly.PartE.E24KC5Join_e24KC2PhiAboveLeaf1101111__c0_8_00159	C:\Users\Acer\Downloads\Gerver_Sofa_Lean_Formalisation_2026-08-19\GerverSofaLean\GerverSofa\KernelOnly\PartE\E24KC5Join_e24KC2PhiAboveLeaf1101111__c0_8_00159.lean
GerverSofa.KernelOnly.PartE.E24KC5Join_e24KC2PhiAboveLeaf1101111__c1_8_00165	C:\Users\Acer\Downloads\Gerver_Sofa_Lean_Formalisation_2026-08-19\GerverSofaLean\GerverSofa\KernelOnly\PartE\E24KC5Join_e24KC2PhiAboveLeaf1101111__c1_8_00165.lean
GerverSofa.KernelOnly.PartE.E24KC5Join_e24KC2PhiAboveLeaf1101111_9_00168	C:\Users\Acer\Downloads\Gerver_Sofa_Lean_Formalisation_2026-08-19\GerverSofaLean\GerverSofa\KernelOnly\PartE\E24KC5Join_e24KC2PhiAboveLeaf1101111_9_00168.lean
GerverSofa.KernelOnly.PartE.E24KC5Join_e24KC2PhiAboveLeaf1110000__c0_8_00178	C:\Users\Acer\Downloads\Gerver_Sofa_Lean_Formalisation_2026-08-19\GerverSofaLean\GerverSofa\KernelOnly\PartE\E24KC5Join_e24KC2PhiAboveLeaf1110000__c0_8_00178.lean
GerverSofa.KernelOnly.PartE.E24KC5Join_e24KC2PhiAboveLeaf1110000_9_00182	C:\Users\Acer\Downloads\Gerver_Sofa_Lean_Formalisation_2026-08-19\GerverSofaLean\GerverSofa\KernelOnly\PartE\E24KC5Join_e24KC2PhiAboveLeaf1110000_9_00182.lean
GerverSofa.KernelOnly.PartE.E24KC5Join_e24KC2PhiAboveLeaf1110001_9_00191	C:\Users\Acer\Downloads\Gerver_Sofa_Lean_Formalisation_2026-08-19\GerverSofaLean\GerverSofa\KernelOnly\PartE\E24KC5Join_e24KC2PhiAboveLeaf1110001_9_00191.lean
GerverSofa.KernelOnly.PartE.E24KC5Join_e24KC2PhiAboveLeaf1110010_9_00200	C:\Users\Acer\Downloads\Gerver_Sofa_Lean_Formalisation_2026-08-19\GerverSofaLean\GerverSofa\KernelOnly\PartE\E24KC5Join_e24KC2PhiAboveLeaf1110010_9_00200.lean
GerverSofa.KernelOnly.PartE.E24KC5Join_e24KC2PhiAboveLeaf1110011_9_00208	C:\Users\Acer\Downloads\Gerver_Sofa_Lean_Formalisation_2026-08-19\GerverSofaLean\GerverSofa\KernelOnly\PartE\E24KC5Join_e24KC2PhiAboveLeaf1110011_9_00208.lean
GerverSofa.KernelOnly.PartE.E24KC5Join_e24KC2PhiBelowLeaf33203_9_00246	C:\Users\Acer\Downloads\Gerver_Sofa_Lean_Formalisation_2026-08-19\GerverSofaLean\GerverSofa\KernelOnly\PartE\E24KC5Join_e24KC2PhiBelowLeaf33203_9_00246.lean
GerverSofa.KernelOnly.PartE.E24KC5Join_e24KC2PhiBelowLeaf33221_9_00260	C:\Users\Acer\Downloads\Gerver_Sofa_Lean_Formalisation_2026-08-19\GerverSofaLean\GerverSofa\KernelOnly\PartE\E24KC5Join_e24KC2PhiBelowLeaf33221_9_00260.lean
GerverSofa.KernelOnly.PartE.E24KC5Join_e24KC2PhiBelowLeaf33223_9_00269	C:\Users\Acer\Downloads\Gerver_Sofa_Lean_Formalisation_2026-08-19\GerverSofaLean\GerverSofa\KernelOnly\PartE\E24KC5Join_e24KC2PhiBelowLeaf33223_9_00269.lean
GerverSofa.KernelOnly.PartE.E24KC5Join_e24KC2PhiBelowLeaf33230__c2_8_00278	C:\Users\Acer\Downloads\Gerver_Sofa_Lean_Formalisation_2026-08-19\GerverSofaLean\GerverSofa\KernelOnly\PartE\E24KC5Join_e24KC2PhiBelowLeaf33230__c2_8_00278.lean
GerverSofa.KernelOnly.PartE.E24KC5Join_e24KC2PhiBelowLeaf33230__c3_8_00284	C:\Users\Acer\Downloads\Gerver_Sofa_Lean_Formalisation_2026-08-19\GerverSofaLean\GerverSofa\KernelOnly\PartE\E24KC5Join_e24KC2PhiBelowLeaf33230__c3_8_00284.lean
GerverSofa.KernelOnly.PartE.E24KC5Join_e24KC2PhiBelowLeaf33230_9_00285	C:\Users\Acer\Downloads\Gerver_Sofa_Lean_Formalisation_2026-08-19\GerverSofaLean\GerverSofa\KernelOnly\PartE\E24KC5Join_e24KC2PhiBelowLeaf33230_9_00285.lean
GerverSofa.KernelOnly.PartE.E24KC5Join_e24KC2PhiBelowLeaf33232__c0_8_00294	C:\Users\Acer\Downloads\Gerver_Sofa_Lean_Formalisation_2026-08-19\GerverSofaLean\GerverSofa\KernelOnly\PartE\E24KC5Join_e24KC2PhiBelowLeaf33232__c0_8_00294.lean
GerverSofa.KernelOnly.PartE.E24KC5Join_e24KC2PhiBelowLeaf33232__c1__c0_7_00301	C:\Users\Acer\Downloads\Gerver_Sofa_Lean_Formalisation_2026-08-19\GerverSofaLean\GerverSofa\KernelOnly\PartE\E24KC5Join_e24KC2PhiBelowLeaf33232__c1__c0_7_00301.lean
GerverSofa.KernelOnly.PartE.E24KC5Join_e24KC2PhiBelowLeaf33232__c1__c2_7_00308	C:\Users\Acer\Downloads\Gerver_Sofa_Lean_Formalisation_2026-08-19\GerverSofaLean\GerverSofa\KernelOnly\PartE\E24KC5Join_e24KC2PhiBelowLeaf33232__c1__c2_7_00308.lean
GerverSofa.KernelOnly.PartE.E24KC5Join_e24KC2PhiBelowLeaf33232__c1__c3_7_00314	C:\Users\Acer\Downloads\Gerver_Sofa_Lean_Formalisation_2026-08-19\GerverSofaLean\GerverSofa\KernelOnly\PartE\E24KC5Join_e24KC2PhiBelowLeaf33232__c1__c3_7_00314.lean
GerverSofa.KernelOnly.PartE.E24KC5Join_e24KC2PhiBelowLeaf33232__c1_8_00315	C:\Users\Acer\Downloads\Gerver_Sofa_Lean_Formalisation_2026-08-19\GerverSofaLean\GerverSofa\KernelOnly\PartE\E24KC5Join_e24KC2PhiBelowLeaf33232__c1_8_00315.lean
GerverSofa.KernelOnly.PartE.E24KC5Join_e24KC2PhiBelowLeaf33232__c3__c1__c1_6_00326	C:\Users\Acer\Downloads\Gerver_Sofa_Lean_Formalisation_2026-08-19\GerverSofaLean\GerverSofa\KernelOnly\PartE\E24KC5Join_e24KC2PhiBelowLeaf33232__c3__c1__c1_6_00326.lean
GerverSofa.KernelOnly.PartE.E24KC5Join_e24KC2PhiBelowLeaf33232__c3__c1__c3_6_00333	C:\Users\Acer\Downloads\Gerver_Sofa_Lean_Formalisation_2026-08-19\GerverSofaLean\GerverSofa\KernelOnly\PartE\E24KC5Join_e24KC2PhiBelowLeaf33232__c3__c1__c3_6_00333.lean
GerverSofa.KernelOnly.PartE.E24KC5Join_e24KC2PhiBelowLeaf33232__c3__c1_7_00334	C:\Users\Acer\Downloads\Gerver_Sofa_Lean_Formalisation_2026-08-19\GerverSofaLean\GerverSofa\KernelOnly\PartE\E24KC5Join_e24KC2PhiBelowLeaf33232__c3__c1_7_00334.lean
GerverSofa.KernelOnly.PartE.E24KC5Join_e24KC2PhiBelowLeaf33232__c3__c3__c1_6_00343	C:\Users\Acer\Downloads\Gerver_Sofa_Lean_Formalisation_2026-08-19\GerverSofaLean\GerverSofa\KernelOnly\PartE\E24KC5Join_e24KC2PhiBelowLeaf33232__c3__c3__c1_6_00343.lean
GerverSofa.KernelOnly.PartE.E24KC5Join_e24KC2PhiBelowLeaf33232__c3__c3_7_00346	C:\Users\Acer\Downloads\Gerver_Sofa_Lean_Formalisation_2026-08-19\GerverSofaLean\GerverSofa\KernelOnly\PartE\E24KC5Join_e24KC2PhiBelowLeaf33232__c3__c3_7_00346.lean
GerverSofa.KernelOnly.PartE.E24KC5Join_e24KC2PhiBelowLeaf33232__c3_8_00347	C:\Users\Acer\Downloads\Gerver_Sofa_Lean_Formalisation_2026-08-19\GerverSofaLean\GerverSofa\KernelOnly\PartE\E24KC5Join_e24KC2PhiBelowLeaf33232__c3_8_00347.lean
GerverSofa.KernelOnly.PartE.E24KC5Join_e24KC2PhiBelowLeaf33232_9_00348	C:\Users\Acer\Downloads\Gerver_Sofa_Lean_Formalisation_2026-08-19\GerverSofaLean\GerverSofa\KernelOnly\PartE\E24KC5Join_e24KC2PhiBelowLeaf33232_9_00348.lean
GerverSofa.KernelOnly.PartE.E24KC5Join_e24KC2PhiBelowLeaf33233__c0_8_00358	C:\Users\Acer\Downloads\Gerver_Sofa_Lean_Formalisation_2026-08-19\GerverSofaLean\GerverSofa\KernelOnly\PartE\E24KC5Join_e24KC2PhiBelowLeaf33233__c0_8_00358.lean
GerverSofa.KernelOnly.PartE.E24KC5Join_e24KC2PhiBelowLeaf33233__c2__c0__c2_6_00369	C:\Users\Acer\Downloads\Gerver_Sofa_Lean_Formalisation_2026-08-19\GerverSofaLean\GerverSofa\KernelOnly\PartE\E24KC5Join_e24KC2PhiBelowLeaf33233__c2__c0__c2_6_00369.lean
GerverSofa.KernelOnly.PartE.E24KC5Join_e24KC2PhiBelowLeaf33233__c2__c0_7_00371	C:\Users\Acer\Downloads\Gerver_Sofa_Lean_Formalisation_2026-08-19\GerverSofaLean\GerverSofa\KernelOnly\PartE\E24KC5Join_e24KC2PhiBelowLeaf33233__c2__c0_7_00371.lean
GerverSofa.KernelOnly.PartE.E24KC5Join_e24KC2PhiBelowLeaf33233__c2__c2__c0__c3_5_00383	C:\Users\Acer\Downloads\Gerver_Sofa_Lean_Formalisation_2026-08-19\GerverSofaLean\GerverSofa\KernelOnly\PartE\E24KC5Join_e24KC2PhiBelowLeaf33233__c2__c2__c0__c3_5_00383.lean
GerverSofa.KernelOnly.PartE.E24KC5Join_e24KC2PhiBelowLeaf33233__c2__c2__c0_6_00384	C:\Users\Acer\Downloads\Gerver_Sofa_Lean_Formalisation_2026-08-19\GerverSofaLean\GerverSofa\KernelOnly\PartE\E24KC5Join_e24KC2PhiBelowLeaf33233__c2__c2__c0_6_00384.lean
GerverSofa.KernelOnly.PartE.E24KC5Join_e24KC2PhiBelowLeaf33233__c2__c2__c1_6_00390	C:\Users\Acer\Downloads\Gerver_Sofa_Lean_Formalisation_2026-08-19\GerverSofaLean\GerverSofa\KernelOnly\PartE\E24KC5Join_e24KC2PhiBelowLeaf33233__c2__c2__c1_6_00390.lean
GerverSofa.KernelOnly.PartE.E24KC5Join_e24KC2PhiBelowLeaf33233__c2__c2__c2__c1_5_00398	C:\Users\Acer\Downloads\Gerver_Sofa_Lean_Formalisation_2026-08-19\GerverSofaLean\GerverSofa\KernelOnly\PartE\E24KC5Join_e24KC2PhiBelowLeaf33233__c2__c2__c2__c1_5_00398.lean
GerverSofa.KernelOnly.PartE.E24KC5Join_e24KC2PhiBelowLeaf33233__c2__c2__c2_6_00401	C:\Users\Acer\Downloads\Gerver_Sofa_Lean_Formalisation_2026-08-19\GerverSofaLean\GerverSofa\KernelOnly\PartE\E24KC5Join_e24KC2PhiBelowLeaf33233__c2__c2__c2_6_00401.lean
GerverSofa.KernelOnly.PartE.E24KC5Join_e24KC2PhiBelowLeaf33233__c2__c2__c3__c0_5_00408	C:\Users\Acer\Downloads\Gerver_Sofa_Lean_Formalisation_2026-08-19\GerverSofaLean\GerverSofa\KernelOnly\PartE\E24KC5Join_e24KC2PhiBelowLeaf33233__c2__c2__c3__c0_5_00408.lean
GerverSofa.KernelOnly.PartE.E24KC5Join_e24KC2PhiBelowLeaf33233__c2__c2__c3__c2__c1__c2__c0_2_00421	C:\Users\Acer\Downloads\Gerver_Sofa_Lean_Formalisation_2026-08-19\GerverSofaLean\GerverSofa\KernelOnly\PartE\E24KC5Join_e24KC2PhiBelowLeaf33233__c2__c2__c3__c2__c1__c2__c0_2_00421.lean
GerverSofa.KernelOnly.PartE.E24KC5Join_e24KC2PhiBelowLeaf33233__c2__c2__c3__c2__c1__c2_3_00425	C:\Users\Acer\Downloads\Gerver_Sofa_Lean_Formalisation_2026-08-19\GerverSofaLean\GerverSofa\KernelOnly\PartE\E24KC5Join_e24KC2PhiBelowLeaf33233__c2__c2__c3__c2__c1__c2_3_00425.lean
GerverSofa.KernelOnly.PartE.E24KC5Join_e24KC2PhiBelowLeaf33233__c2__c2__c3__c2__c1_4_00427	C:\Users\Acer\Downloads\Gerver_Sofa_Lean_Formalisation_2026-08-19\GerverSofaLean\GerverSofa\KernelOnly\PartE\E24KC5Join_e24KC2PhiBelowLeaf33233__c2__c2__c3__c2__c1_4_00427.lean
GerverSofa.KernelOnly.PartE.E24KC5Join_e24KC2PhiBelowLeaf33233__c2__c2__c3__c2__c3_4_00434	C:\Users\Acer\Downloads\Gerver_Sofa_Lean_Formalisation_2026-08-19\GerverSofaLean\GerverSofa\KernelOnly\PartE\E24KC5Join_e24KC2PhiBelowLeaf33233__c2__c2__c3__c2__c3_4_00434.lean
GerverSofa.KernelOnly.PartE.E24KC5Join_e24KC2PhiBelowLeaf33233__c2__c2__c3__c2_5_00435	C:\Users\Acer\Downloads\Gerver_Sofa_Lean_Formalisation_2026-08-19\GerverSofaLean\GerverSofa\KernelOnly\PartE\E24KC5Join_e24KC2PhiBelowLeaf33233__c2__c2__c3__c2_5_00435.lean
GerverSofa.KernelOnly.PartE.E24KC5Join_e24KC2PhiBelowLeaf33233__c2__c2__c3__c3__c2_4_00444	C:\Users\Acer\Downloads\Gerver_Sofa_Lean_Formalisation_2026-08-19\GerverSofaLean\GerverSofa\KernelOnly\PartE\E24KC5Join_e24KC2PhiBelowLeaf33233__c2__c2__c3__c3__c2_4_00444.lean
GerverSofa.KernelOnly.PartE.E24KC5Join_e24KC2PhiBelowLeaf33233__c2__c2__c3__c3_5_00446	C:\Users\Acer\Downloads\Gerver_Sofa_Lean_Formalisation_2026-08-19\GerverSofaLean\GerverSofa\KernelOnly\PartE\E24KC5Join_e24KC2PhiBelowLeaf33233__c2__c2__c3__c3_5_00446.lean
GerverSofa.KernelOnly.PartE.E24KC5Join_e24KC2PhiBelowLeaf33233__c2__c2__c3_6_00447	C:\Users\Acer\Downloads\Gerver_Sofa_Lean_Formalisation_2026-08-19\GerverSofaLean\GerverSofa\KernelOnly\PartE\E24KC5Join_e24KC2PhiBelowLeaf33233__c2__c2__c3_6_00447.lean
GerverSofa.KernelOnly.PartE.E24KC5Join_e24KC2PhiBelowLeaf33233__c2__c2_7_00448	C:\Users\Acer\Downloads\Gerver_Sofa_Lean_Formalisation_2026-08-19\GerverSofaLean\GerverSofa\KernelOnly\PartE\E24KC5Join_e24KC2PhiBelowLeaf33233__c2__c2_7_00448.lean
GerverSofa.KernelOnly.PartE.E24KC5Join_e24KC2PhiBelowLeaf33233__c2__c3__c2_6_00457	C:\Users\Acer\Downloads\Gerver_Sofa_Lean_Formalisation_2026-08-19\GerverSofaLean\GerverSofa\KernelOnly\PartE\E24KC5Join_e24KC2PhiBelowLeaf33233__c2__c3__c2_6_00457.lean
GerverSofa.KernelOnly.PartE.E24KC5Join_e24KC2PhiBelowLeaf33233__c2__c3_7_00459	C:\Users\Acer\Downloads\Gerver_Sofa_Lean_Formalisation_2026-08-19\GerverSofaLean\GerverSofa\KernelOnly\PartE\E24KC5Join_e24KC2PhiBelowLeaf33233__c2__c3_7_00459.lean
GerverSofa.KernelOnly.PartE.E24KC5Join_e24KC2PhiBelowLeaf33233__c2_8_00460	C:\Users\Acer\Downloads\Gerver_Sofa_Lean_Formalisation_2026-08-19\GerverSofaLean\GerverSofa\KernelOnly\PartE\E24KC5Join_e24KC2PhiBelowLeaf33233__c2_8_00460.lean
GerverSofa.KernelOnly.PartE.E24KC5Join_e24KC2PhiBelowLeaf33233_9_00462	C:\Users\Acer\Downloads\Gerver_Sofa_Lean_Formalisation_2026-08-19\GerverSofaLean\GerverSofa\KernelOnly\PartE\E24KC5Join_e24KC2PhiBelowLeaf33233_9_00462.lean
GerverSofa.KernelOnly.PartE.E24KC5Join_e24KC2ThetaAboveLeaf0000220020__c0__c0__c2__c0__c0_4_00484	C:\Users\Acer\Downloads\Gerver_Sofa_Lean_Formalisation_2026-08-19\GerverSofaLean\GerverSofa\KernelOnly\PartE\E24KC5Join_e24KC2ThetaAboveLeaf0000220020__c0__c0__c2__c0__c0_4_00484.lean
GerverSofa.KernelOnly.PartE.E24KC5Join_e24KC2ThetaAboveLeaf0000220020__c0__c0__c2__c0__c1_4_00490	C:\Users\Acer\Downloads\Gerver_Sofa_Lean_Formalisation_2026-08-19\GerverSofaLean\GerverSofa\KernelOnly\PartE\E24KC5Join_e24KC2ThetaAboveLeaf0000220020__c0__c0__c2__c0__c1_4_00490.lean
GerverSofa.KernelOnly.PartE.E24KC5Join_e24KC2ThetaAboveLeaf0000220020__c0__c0__c2__c0_5_00493	C:\Users\Acer\Downloads\Gerver_Sofa_Lean_Formalisation_2026-08-19\GerverSofaLean\GerverSofa\KernelOnly\PartE\E24KC5Join_e24KC2ThetaAboveLeaf0000220020__c0__c0__c2__c0_5_00493.lean
GerverSofa.KernelOnly.PartE.E24KC5Join_e24KC2ThetaAboveLeaf0000220020__c0__c0__c2__c1__c0_4_00500	C:\Users\Acer\Downloads\Gerver_Sofa_Lean_Formalisation_2026-08-19\GerverSofaLean\GerverSofa\KernelOnly\PartE\E24KC5Join_e24KC2ThetaAboveLeaf0000220020__c0__c0__c2__c1__c0_4_00500.lean
GerverSofa.KernelOnly.PartE.E24KC5Join_e24KC2ThetaAboveLeaf0000220020__c0__c0__c2__c1__c1_4_00506	C:\Users\Acer\Downloads\Gerver_Sofa_Lean_Formalisation_2026-08-19\GerverSofaLean\GerverSofa\KernelOnly\PartE\E24KC5Join_e24KC2ThetaAboveLeaf0000220020__c0__c0__c2__c1__c1_4_00506.lean
GerverSofa.KernelOnly.PartE.E24KC5Join_e24KC2ThetaAboveLeaf0000220020__c0__c0__c2__c1_5_00509	C:\Users\Acer\Downloads\Gerver_Sofa_Lean_Formalisation_2026-08-19\GerverSofaLean\GerverSofa\KernelOnly\PartE\E24KC5Join_e24KC2ThetaAboveLeaf0000220020__c0__c0__c2__c1_5_00509.lean
GerverSofa.KernelOnly.PartE.E24KC5Join_e24KC2ThetaAboveLeaf0000220020__c0__c0__c2_6_00512	C:\Users\Acer\Downloads\Gerver_Sofa_Lean_Formalisation_2026-08-19\GerverSofaLean\GerverSofa\KernelOnly\PartE\E24KC5Join_e24KC2ThetaAboveLeaf0000220020__c0__c0__c2_6_00512.lean
GerverSofa.KernelOnly.PartE.E24KC5Join_e24KC2ThetaAboveLeaf0000220020__c0__c0__c3__c0__c0_4_00520	C:\Users\Acer\Downloads\Gerver_Sofa_Lean_Formalisation_2026-08-19\GerverSofaLean\GerverSofa\KernelOnly\PartE\E24KC5Join_e24KC2ThetaAboveLeaf0000220020__c0__c0__c3__c0__c0_4_00520.lean
GerverSofa.KernelOnly.PartE.E24KC5Join_e24KC2ThetaAboveLeaf0000220020__c0__c0__c3__c0__c1_4_00526	C:\Users\Acer\Downloads\Gerver_Sofa_Lean_Formalisation_2026-08-19\GerverSofaLean\GerverSofa\KernelOnly\PartE\E24KC5Join_e24KC2ThetaAboveLeaf0000220020__c0__c0__c3__c0__c1_4_00526.lean
GerverSofa.KernelOnly.PartE.E24KC5Join_e24KC2ThetaAboveLeaf0000220020__c0__c0__c3__c0_5_00529	C:\Users\Acer\Downloads\Gerver_Sofa_Lean_Formalisation_2026-08-19\GerverSofaLean\GerverSofa\KernelOnly\PartE\E24KC5Join_e24KC2ThetaAboveLeaf0000220020__c0__c0__c3__c0_5_00529.lean
GerverSofa.KernelOnly.PartE.E24KC5Join_e24KC2ThetaAboveLeaf0000220020__c0__c0__c3__c1__c0_4_00536	C:\Users\Acer\Downloads\Gerver_Sofa_Lean_Formalisation_2026-08-19\GerverSofaLean\GerverSofa\KernelOnly\PartE\E24KC5Join_e24KC2ThetaAboveLeaf0000220020__c0__c0__c3__c1__c0_4_00536.lean
GerverSofa.KernelOnly.PartE.E24KC5Join_e24KC2ThetaAboveLeaf0000220020__c0__c0__c3__c1__c1_4_00542	C:\Users\Acer\Downloads\Gerver_Sofa_Lean_Formalisation_2026-08-19\GerverSofaLean\GerverSofa\KernelOnly\PartE\E24KC5Join_e24KC2ThetaAboveLeaf0000220020__c0__c0__c3__c1__c1_4_00542.lean
GerverSofa.KernelOnly.PartE.E24KC5Join_e24KC2ThetaAboveLeaf0000220020__c0__c0__c3__c1_5_00545	C:\Users\Acer\Downloads\Gerver_Sofa_Lean_Formalisation_2026-08-19\GerverSofaLean\GerverSofa\KernelOnly\PartE\E24KC5Join_e24KC2ThetaAboveLeaf0000220020__c0__c0__c3__c1_5_00545.lean
GerverSofa.KernelOnly.PartE.E24KC5Join_e24KC2ThetaAboveLeaf0000220020__c0__c0__c3_6_00548	C:\Users\Acer\Downloads\Gerver_Sofa_Lean_Formalisation_2026-08-19\GerverSofaLean\GerverSofa\KernelOnly\PartE\E24KC5Join_e24KC2ThetaAboveLeaf0000220020__c0__c0__c3_6_00548.lean
GerverSofa.KernelOnly.PartE.E24KC5Join_e24KC2ThetaAboveLeaf0000220020__c0__c0_7_00549	C:\Users\Acer\Downloads\Gerver_Sofa_Lean_Formalisation_2026-08-19\GerverSofaLean\GerverSofa\KernelOnly\PartE\E24KC5Join_e24KC2ThetaAboveLeaf0000220020__c0__c0_7_00549.lean
GerverSofa.KernelOnly.PartE.E24KC5Join_e24KC2ThetaAboveLeaf0000220020__c0__c1__c2__c0__c0_4_00560	C:\Users\Acer\Downloads\Gerver_Sofa_Lean_Formalisation_2026-08-19\GerverSofaLean\GerverSofa\KernelOnly\PartE\E24KC5Join_e24KC2ThetaAboveLeaf0000220020__c0__c1__c2__c0__c0_4_00560.lean
GerverSofa.KernelOnly.PartE.E24KC5Join_e24KC2ThetaAboveLeaf0000220020__c0__c1__c2__c0__c1_4_00566	C:\Users\Acer\Downloads\Gerver_Sofa_Lean_Formalisation_2026-08-19\GerverSofaLean\GerverSofa\KernelOnly\PartE\E24KC5Join_e24KC2ThetaAboveLeaf0000220020__c0__c1__c2__c0__c1_4_00566.lean
GerverSofa.KernelOnly.PartE.E24KC5Join_e24KC2ThetaAboveLeaf0000220020__c0__c1__c2__c0_5_00569	C:\Users\Acer\Downloads\Gerver_Sofa_Lean_Formalisation_2026-08-19\GerverSofaLean\GerverSofa\KernelOnly\PartE\E24KC5Join_e24KC2ThetaAboveLeaf0000220020__c0__c1__c2__c0_5_00569.lean
GerverSofa.KernelOnly.PartE.E24KC5Join_e24KC2ThetaAboveLeaf0000220020__c0__c1__c2__c1__c0_4_00576	C:\Users\Acer\Downloads\Gerver_Sofa_Lean_Formalisation_2026-08-19\GerverSofaLean\GerverSofa\KernelOnly\PartE\E24KC5Join_e24KC2ThetaAboveLeaf0000220020__c0__c1__c2__c1__c0_4_00576.lean
GerverSofa.KernelOnly.PartE.E24KC5Join_e24KC2ThetaAboveLeaf0000220020__c0__c1__c2__c1_5_00580	C:\Users\Acer\Downloads\Gerver_Sofa_Lean_Formalisation_2026-08-19\GerverSofaLean\GerverSofa\KernelOnly\PartE\E24KC5Join_e24KC2ThetaAboveLeaf0000220020__c0__c1__c2__c1_5_00580.lean
GerverSofa.KernelOnly.PartE.E24KC5Join_e24KC2ThetaAboveLeaf0000220020__c0__c1__c2_6_00583	C:\Users\Acer\Downloads\Gerver_Sofa_Lean_Formalisation_2026-08-19\GerverSofaLean\GerverSofa\KernelOnly\PartE\E24KC5Join_e24KC2ThetaAboveLeaf0000220020__c0__c1__c2_6_00583.lean
GerverSofa.KernelOnly.PartE.E24KC5Join_e24KC2ThetaAboveLeaf0000220020__c0__c1__c3__c0_5_00590	C:\Users\Acer\Downloads\Gerver_Sofa_Lean_Formalisation_2026-08-19\GerverSofaLean\GerverSofa\KernelOnly\PartE\E24KC5Join_e24KC2ThetaAboveLeaf0000220020__c0__c1__c3__c0_5_00590.lean
GerverSofa.KernelOnly.PartE.E24KC5Join_e24KC2ThetaAboveLeaf0000220020__c0__c1__c3__c1_5_00596	C:\Users\Acer\Downloads\Gerver_Sofa_Lean_Formalisation_2026-08-19\GerverSofaLean\GerverSofa\KernelOnly\PartE\E24KC5Join_e24KC2ThetaAboveLeaf0000220020__c0__c1__c3__c1_5_00596.lean
GerverSofa.KernelOnly.PartE.E24KC5Join_e24KC2ThetaAboveLeaf0000220020__c0__c1__c3_6_00599	C:\Users\Acer\Downloads\Gerver_Sofa_Lean_Formalisation_2026-08-19\GerverSofaLean\GerverSofa\KernelOnly\PartE\E24KC5Join_e24KC2ThetaAboveLeaf0000220020__c0__c1__c3_6_00599.lean
GerverSofa.KernelOnly.PartE.E24KC5Join_e24KC2ThetaAboveLeaf0000220020__c0__c1_7_00600	C:\Users\Acer\Downloads\Gerver_Sofa_Lean_Formalisation_2026-08-19\GerverSofaLean\GerverSofa\KernelOnly\PartE\E24KC5Join_e24KC2ThetaAboveLeaf0000220020__c0__c1_7_00600.lean
GerverSofa.KernelOnly.PartE.E24KC5Join_e24KC2ThetaAboveLeaf0000220020__c0_8_00603	C:\Users\Acer\Downloads\Gerver_Sofa_Lean_Formalisation_2026-08-19\GerverSofaLean\GerverSofa\KernelOnly\PartE\E24KC5Join_e24KC2ThetaAboveLeaf0000220020__c0_8_00603.lean
GerverSofa.KernelOnly.PartE.E24KC5Join_e24KC2ThetaAboveLeaf0000220020__c1__c0__c2__c0_5_00614	C:\Users\Acer\Downloads\Gerver_Sofa_Lean_Formalisation_2026-08-19\GerverSofaLean\GerverSofa\KernelOnly\PartE\E24KC5Join_e24KC2ThetaAboveLeaf0000220020__c1__c0__c2__c0_5_00614.lean
GerverSofa.KernelOnly.PartE.E24KC5Join_e24KC2ThetaAboveLeaf0000220020__c1__c0__c2__c1_5_00620	C:\Users\Acer\Downloads\Gerver_Sofa_Lean_Formalisation_2026-08-19\GerverSofaLean\GerverSofa\KernelOnly\PartE\E24KC5Join_e24KC2ThetaAboveLeaf0000220020__c1__c0__c2__c1_5_00620.lean
GerverSofa.KernelOnly.PartE.E24KC5Join_e24KC2ThetaAboveLeaf0000220020__c1__c0__c2_6_00623	C:\Users\Acer\Downloads\Gerver_Sofa_Lean_Formalisation_2026-08-19\GerverSofaLean\GerverSofa\KernelOnly\PartE\E24KC5Join_e24KC2ThetaAboveLeaf0000220020__c1__c0__c2_6_00623.lean
GerverSofa.KernelOnly.PartE.E24KC5Join_e24KC2ThetaAboveLeaf0000220020__c1__c0__c3__c0_5_00630	C:\Users\Acer\Downloads\Gerver_Sofa_Lean_Formalisation_2026-08-19\GerverSofaLean\GerverSofa\KernelOnly\PartE\E24KC5Join_e24KC2ThetaAboveLeaf0000220020__c1__c0__c3__c0_5_00630.lean
GerverSofa.KernelOnly.PartE.E24KC5Join_e24KC2ThetaAboveLeaf0000220020__c1__c0__c3__c1_5_00636	C:\Users\Acer\Downloads\Gerver_Sofa_Lean_Formalisation_2026-08-19\GerverSofaLean\GerverSofa\KernelOnly\PartE\E24KC5Join_e24KC2ThetaAboveLeaf0000220020__c1__c0__c3__c1_5_00636.lean
GerverSofa.KernelOnly.PartE.E24KC5Join_e24KC2ThetaAboveLeaf0000220020__c1__c0__c3_6_00639	C:\Users\Acer\Downloads\Gerver_Sofa_Lean_Formalisation_2026-08-19\GerverSofaLean\GerverSofa\KernelOnly\PartE\E24KC5Join_e24KC2ThetaAboveLeaf0000220020__c1__c0__c3_6_00639.lean
GerverSofa.KernelOnly.PartE.E24KC5Join_e24KC2ThetaAboveLeaf0000220020__c1__c0_7_00640	C:\Users\Acer\Downloads\Gerver_Sofa_Lean_Formalisation_2026-08-19\GerverSofaLean\GerverSofa\KernelOnly\PartE\E24KC5Join_e24KC2ThetaAboveLeaf0000220020__c1__c0_7_00640.lean
GerverSofa.KernelOnly.PartE.E24KC5Join_e24KC2ThetaAboveLeaf0000220020__c1__c1__c2__c0_5_00650	C:\Users\Acer\Downloads\Gerver_Sofa_Lean_Formalisation_2026-08-19\GerverSofaLean\GerverSofa\KernelOnly\PartE\E24KC5Join_e24KC2ThetaAboveLeaf0000220020__c1__c1__c2__c0_5_00650.lean
GerverSofa.KernelOnly.PartE.E24KC5Join_e24KC2ThetaAboveLeaf0000220020__c1__c1__c2__c1_5_00656	C:\Users\Acer\Downloads\Gerver_Sofa_Lean_Formalisation_2026-08-19\GerverSofaLean\GerverSofa\KernelOnly\PartE\E24KC5Join_e24KC2ThetaAboveLeaf0000220020__c1__c1__c2__c1_5_00656.lean
GerverSofa.KernelOnly.PartE.E24KC5Join_e24KC2ThetaAboveLeaf0000220020__c1__c1__c2_6_00659	C:\Users\Acer\Downloads\Gerver_Sofa_Lean_Formalisation_2026-08-19\GerverSofaLean\GerverSofa\KernelOnly\PartE\E24KC5Join_e24KC2ThetaAboveLeaf0000220020__c1__c1__c2_6_00659.lean
GerverSofa.KernelOnly.PartE.E24KC5Join_e24KC2ThetaAboveLeaf0000220020__c1__c1__c3__c0_5_00666	C:\Users\Acer\Downloads\Gerver_Sofa_Lean_Formalisation_2026-08-19\GerverSofaLean\GerverSofa\KernelOnly\PartE\E24KC5Join_e24KC2ThetaAboveLeaf0000220020__c1__c1__c3__c0_5_00666.lean
GerverSofa.KernelOnly.PartE.E24KC5Join_e24KC2ThetaAboveLeaf0000220020__c1__c1__c3__c1__c2_4_00016	C:\Users\Acer\Downloads\Gerver_Sofa_Lean_Formalisation_2026-08-19\GerverSofaLean\GerverSofa\KernelOnly\PartE\E24KC5Join_e24KC2ThetaAboveLeaf0000220020__c1__c1__c3__c1__c2_4_00016.lean
GerverSofa.KernelOnly.PartE.E24KC5Join_e24KC2ThetaAboveLeaf0000220020__c1__c1__c3__c1__c3_4_00022	C:\Users\Acer\Downloads\Gerver_Sofa_Lean_Formalisation_2026-08-19\GerverSofaLean\GerverSofa\KernelOnly\PartE\E24KC5Join_e24KC2ThetaAboveLeaf0000220020__c1__c1__c3__c1__c3_4_00022.lean
GerverSofa.KernelOnly.PartE.E24KC5Join_e24KC2ThetaAboveLeaf0000220020__c1__c1__c3__c1_5_00023	C:\Users\Acer\Downloads\Gerver_Sofa_Lean_Formalisation_2026-08-19\GerverSofaLean\GerverSofa\KernelOnly\PartE\E24KC5Join_e24KC2ThetaAboveLeaf0000220020__c1__c1__c3__c1_5_00023.lean
GerverSofa.KernelOnly.PartE.E24KC5Join_e24KC2ThetaAboveLeaf0000220020__c1__c1__c3_6_00026	C:\Users\Acer\Downloads\Gerver_Sofa_Lean_Formalisation_2026-08-19\GerverSofaLean\GerverSofa\KernelOnly\PartE\E24KC5Join_e24KC2ThetaAboveLeaf0000220020__c1__c1__c3_6_00026.lean
GerverSofa.KernelOnly.PartE.E24KC5Join_e24KC2ThetaAboveLeaf0000220020__c1__c1_7_00027	C:\Users\Acer\Downloads\Gerver_Sofa_Lean_Formalisation_2026-08-19\GerverSofaLean\GerverSofa\KernelOnly\PartE\E24KC5Join_e24KC2ThetaAboveLeaf0000220020__c1__c1_7_00027.lean
GerverSofa.KernelOnly.PartE.E24KC5TerminalBatch_T0_00001	C:\Users\Acer\Downloads\Gerver_Sofa_Lean_Formalisation_2026-08-19\GerverSofaLean\GerverSofa\KernelOnly\PartE\E24KC5TerminalBatch_T0_00001.lean
GerverSofa.KernelOnly.PartE.E24KC5TerminalBatch_T1024_00005	C:\Users\Acer\Downloads\Gerver_Sofa_Lean_Formalisation_2026-08-19\GerverSofaLean\GerverSofa\KernelOnly\PartE\E24KC5TerminalBatch_T1024_00005.lean
GerverSofa.KernelOnly.PartE.E24KC5TerminalBatch_T1536_00006	C:\Users\Acer\Downloads\Gerver_Sofa_Lean_Formalisation_2026-08-19\GerverSofaLean\GerverSofa\KernelOnly\PartE\E24KC5TerminalBatch_T1536_00006.lean
GerverSofa.KernelOnly.PartE.E24KC5TerminalBatch_T2048_00007	C:\Users\Acer\Downloads\Gerver_Sofa_Lean_Formalisation_2026-08-19\GerverSofaLean\GerverSofa\KernelOnly\PartE\E24KC5TerminalBatch_T2048_00007.lean
GerverSofa.KernelOnly.PartE.E24KC5TerminalBatch_T2560_00008	C:\Users\Acer\Downloads\Gerver_Sofa_Lean_Formalisation_2026-08-19\GerverSofaLean\GerverSofa\KernelOnly\PartE\E24KC5TerminalBatch_T2560_00008.lean
GerverSofa.KernelOnly.PartE.E24KC5TerminalBatch_T3072_00009	C:\Users\Acer\Downloads\Gerver_Sofa_Lean_Formalisation_2026-08-19\GerverSofaLean\GerverSofa\KernelOnly\PartE\E24KC5TerminalBatch_T3072_00009.lean
GerverSofa.KernelOnly.PartE.E24KC5TerminalBatch_T3584_00010	C:\Users\Acer\Downloads\Gerver_Sofa_Lean_Formalisation_2026-08-19\GerverSofaLean\GerverSofa\KernelOnly\PartE\E24KC5TerminalBatch_T3584_00010.lean
GerverSofa.KernelOnly.PartE.E24KC5TerminalBatch_T4096_00011	C:\Users\Acer\Downloads\Gerver_Sofa_Lean_Formalisation_2026-08-19\GerverSofaLean\GerverSofa\KernelOnly\PartE\E24KC5TerminalBatch_T4096_00011.lean
GerverSofa.KernelOnly.PartE.E24KC5TerminalBatch_T4608_00012	C:\Users\Acer\Downloads\Gerver_Sofa_Lean_Formalisation_2026-08-19\GerverSofaLean\GerverSofa\KernelOnly\PartE\E24KC5TerminalBatch_T4608_00012.lean
GerverSofa.KernelOnly.PartE.E24KC5TerminalBatch_T512_00004	C:\Users\Acer\Downloads\Gerver_Sofa_Lean_Formalisation_2026-08-19\GerverSofaLean\GerverSofa\KernelOnly\PartE\E24KC5TerminalBatch_T512_00004.lean
GerverSofa.KernelOnly.PartE.E24KC5TerminalBatch_T5120_00013	C:\Users\Acer\Downloads\Gerver_Sofa_Lean_Formalisation_2026-08-19\GerverSofaLean\GerverSofa\KernelOnly\PartE\E24KC5TerminalBatch_T5120_00013.lean
GerverSofa.KernelOnly.PartE.E24KC5TerminalBatch_T5632_00014	C:\Users\Acer\Downloads\Gerver_Sofa_Lean_Formalisation_2026-08-19\GerverSofaLean\GerverSofa\KernelOnly\PartE\E24KC5TerminalBatch_T5632_00014.lean
GerverSofa.KernelOnly.PartE.E24KC5TerminalBatch_T6144_00015	C:\Users\Acer\Downloads\Gerver_Sofa_Lean_Formalisation_2026-08-19\GerverSofaLean\GerverSofa\KernelOnly\PartE\E24KC5TerminalBatch_T6144_00015.lean
GerverSofa.KernelOnly.PartE.E24KC5TerminalBatch_T6656_00016	C:\Users\Acer\Downloads\Gerver_Sofa_Lean_Formalisation_2026-08-19\GerverSofaLean\GerverSofa\KernelOnly\PartE\E24KC5TerminalBatch_T6656_00016.lean
GerverSofa.KernelOnly.PartE.E24KC5TerminalBatch_T7168_00017	C:\Users\Acer\Downloads\Gerver_Sofa_Lean_Formalisation_2026-08-19\GerverSofaLean\GerverSofa\KernelOnly\PartE\E24KC5TerminalBatch_T7168_00017.lean
GerverSofa.KernelOnly.PartE.E24KC6KernelFinalClosure	C:\Users\Acer\Downloads\Gerver_Sofa_Lean_Formalisation_2026-08-19\GerverSofaLean\GerverSofa\KernelOnly\PartE\E24KC6KernelFinalClosure.lean
GerverSofa.KernelOnly.PartE.E24KC6PhiAboveReconstruct	C:\Users\Acer\Downloads\Gerver_Sofa_Lean_Formalisation_2026-08-19\GerverSofaLean\GerverSofa\KernelOnly\PartE\E24KC6PhiAboveReconstruct.lean
GerverSofa.KernelOnly.PartE.E24KC6PhiBelowReconstruct	C:\Users\Acer\Downloads\Gerver_Sofa_Lean_Formalisation_2026-08-19\GerverSofaLean\GerverSofa\KernelOnly\PartE\E24KC6PhiBelowReconstruct.lean
GerverSofa.KernelOnly.PartE.E24KC6ProofBatch_0bae0a82ed09fca0	C:\Users\Acer\Downloads\Gerver_Sofa_Lean_Formalisation_2026-08-19\GerverSofaLean\GerverSofa\KernelOnly\PartE\E24KC6ProofBatch_0bae0a82ed09fca0.lean
GerverSofa.KernelOnly.PartE.E24KC6ProofBatch_11b2bedf1dcd3516	C:\Users\Acer\Downloads\Gerver_Sofa_Lean_Formalisation_2026-08-19\GerverSofaLean\GerverSofa\KernelOnly\PartE\E24KC6ProofBatch_11b2bedf1dcd3516.lean
GerverSofa.KernelOnly.PartE.E24KC6ProofBatch_32fd0d2bad1c3ab1	C:\Users\Acer\Downloads\Gerver_Sofa_Lean_Formalisation_2026-08-19\GerverSofaLean\GerverSofa\KernelOnly\PartE\E24KC6ProofBatch_32fd0d2bad1c3ab1.lean
GerverSofa.KernelOnly.PartE.E24KC6ProofBatch_38ee6acacaee22e4	C:\Users\Acer\Downloads\Gerver_Sofa_Lean_Formalisation_2026-08-19\GerverSofaLean\GerverSofa\KernelOnly\PartE\E24KC6ProofBatch_38ee6acacaee22e4.lean
GerverSofa.KernelOnly.PartE.E24KC6ProofBatch_3b6d17fd8ecf6129	C:\Users\Acer\Downloads\Gerver_Sofa_Lean_Formalisation_2026-08-19\GerverSofaLean\GerverSofa\KernelOnly\PartE\E24KC6ProofBatch_3b6d17fd8ecf6129.lean
GerverSofa.KernelOnly.PartE.E24KC6ProofBatch_6018780a0c691fa2	C:\Users\Acer\Downloads\Gerver_Sofa_Lean_Formalisation_2026-08-19\GerverSofaLean\GerverSofa\KernelOnly\PartE\E24KC6ProofBatch_6018780a0c691fa2.lean
GerverSofa.KernelOnly.PartE.E24KC6ProofBatch_9b503cfa8ccc3ab1	C:\Users\Acer\Downloads\Gerver_Sofa_Lean_Formalisation_2026-08-19\GerverSofaLean\GerverSofa\KernelOnly\PartE\E24KC6ProofBatch_9b503cfa8ccc3ab1.lean
GerverSofa.KernelOnly.PartE.E24KC6ProofBatch_a7de3be3b4ab1789	C:\Users\Acer\Downloads\Gerver_Sofa_Lean_Formalisation_2026-08-19\GerverSofaLean\GerverSofa\KernelOnly\PartE\E24KC6ProofBatch_a7de3be3b4ab1789.lean
GerverSofa.KernelOnly.PartE.E24KC6ProofBatch_aad74ad127e30429	C:\Users\Acer\Downloads\Gerver_Sofa_Lean_Formalisation_2026-08-19\GerverSofaLean\GerverSofa\KernelOnly\PartE\E24KC6ProofBatch_aad74ad127e30429.lean
GerverSofa.KernelOnly.PartE.E24KC6ProofBatch_aeb87c7b95a29e08	C:\Users\Acer\Downloads\Gerver_Sofa_Lean_Formalisation_2026-08-19\GerverSofaLean\GerverSofa\KernelOnly\PartE\E24KC6ProofBatch_aeb87c7b95a29e08.lean
GerverSofa.KernelOnly.PartE.E24KC6ProofBatch_af2b60d8e2cf09a4	C:\Users\Acer\Downloads\Gerver_Sofa_Lean_Formalisation_2026-08-19\GerverSofaLean\GerverSofa\KernelOnly\PartE\E24KC6ProofBatch_af2b60d8e2cf09a4.lean
GerverSofa.KernelOnly.PartE.E24KC6ProofBatch_b39d17cf54d27511	C:\Users\Acer\Downloads\Gerver_Sofa_Lean_Formalisation_2026-08-19\GerverSofaLean\GerverSofa\KernelOnly\PartE\E24KC6ProofBatch_b39d17cf54d27511.lean
GerverSofa.KernelOnly.PartE.E24KC6ProofBatch_c0ea1b4a6af3d1dc	C:\Users\Acer\Downloads\Gerver_Sofa_Lean_Formalisation_2026-08-19\GerverSofaLean\GerverSofa\KernelOnly\PartE\E24KC6ProofBatch_c0ea1b4a6af3d1dc.lean
GerverSofa.KernelOnly.PartE.E24KC6ProofBatch_deeff549d6afce41	C:\Users\Acer\Downloads\Gerver_Sofa_Lean_Formalisation_2026-08-19\GerverSofaLean\GerverSofa\KernelOnly\PartE\E24KC6ProofBatch_deeff549d6afce41.lean
GerverSofa.KernelOnly.PartE.E24KC6ProofBatch_e7cbedc8143c8e9f	C:\Users\Acer\Downloads\Gerver_Sofa_Lean_Formalisation_2026-08-19\GerverSofaLean\GerverSofa\KernelOnly\PartE\E24KC6ProofBatch_e7cbedc8143c8e9f.lean
GerverSofa.KernelOnly.PartE.E24KC6ProofBatch_f910cf651a2033b4	C:\Users\Acer\Downloads\Gerver_Sofa_Lean_Formalisation_2026-08-19\GerverSofaLean\GerverSofa\KernelOnly\PartE\E24KC6ProofBatch_f910cf651a2033b4.lean
GerverSofa.KernelOnly.PartE.E24KC6R4Join_0f0434a94ae699a2	C:\Users\Acer\Downloads\Gerver_Sofa_Lean_Formalisation_2026-08-19\GerverSofaLean\GerverSofa\KernelOnly\PartE\E24KC6R4Join_0f0434a94ae699a2.lean
GerverSofa.KernelOnly.PartE.E24KC6R4Join_1480e3e518aaa8b9	C:\Users\Acer\Downloads\Gerver_Sofa_Lean_Formalisation_2026-08-19\GerverSofaLean\GerverSofa\KernelOnly\PartE\E24KC6R4Join_1480e3e518aaa8b9.lean
GerverSofa.KernelOnly.PartE.E24KC6R4Join_1c93c00761c21de7	C:\Users\Acer\Downloads\Gerver_Sofa_Lean_Formalisation_2026-08-19\GerverSofaLean\GerverSofa\KernelOnly\PartE\E24KC6R4Join_1c93c00761c21de7.lean
GerverSofa.KernelOnly.PartE.E24KC6R4Join_25ba04fb03bf9d4a	C:\Users\Acer\Downloads\Gerver_Sofa_Lean_Formalisation_2026-08-19\GerverSofaLean\GerverSofa\KernelOnly\PartE\E24KC6R4Join_25ba04fb03bf9d4a.lean
GerverSofa.KernelOnly.PartE.E24KC6R4Join_32513267a6450294	C:\Users\Acer\Downloads\Gerver_Sofa_Lean_Formalisation_2026-08-19\GerverSofaLean\GerverSofa\KernelOnly\PartE\E24KC6R4Join_32513267a6450294.lean
GerverSofa.KernelOnly.PartE.E24KC6R4Join_3b19a6737a79b00f	C:\Users\Acer\Downloads\Gerver_Sofa_Lean_Formalisation_2026-08-19\GerverSofaLean\GerverSofa\KernelOnly\PartE\E24KC6R4Join_3b19a6737a79b00f.lean
GerverSofa.KernelOnly.PartE.E24KC6R4Join_459e5b5f3815ebd2	C:\Users\Acer\Downloads\Gerver_Sofa_Lean_Formalisation_2026-08-19\GerverSofaLean\GerverSofa\KernelOnly\PartE\E24KC6R4Join_459e5b5f3815ebd2.lean
GerverSofa.KernelOnly.PartE.E24KC6R4Join_45f1be0097db6fa8	C:\Users\Acer\Downloads\Gerver_Sofa_Lean_Formalisation_2026-08-19\GerverSofaLean\GerverSofa\KernelOnly\PartE\E24KC6R4Join_45f1be0097db6fa8.lean
GerverSofa.KernelOnly.PartE.E24KC6R4Join_489f93824ca49e04	C:\Users\Acer\Downloads\Gerver_Sofa_Lean_Formalisation_2026-08-19\GerverSofaLean\GerverSofa\KernelOnly\PartE\E24KC6R4Join_489f93824ca49e04.lean
GerverSofa.KernelOnly.PartE.E24KC6R4Join_57ced70670a400e2	C:\Users\Acer\Downloads\Gerver_Sofa_Lean_Formalisation_2026-08-19\GerverSofaLean\GerverSofa\KernelOnly\PartE\E24KC6R4Join_57ced70670a400e2.lean
GerverSofa.KernelOnly.PartE.E24KC6R4Join_62d0e072891eacfc	C:\Users\Acer\Downloads\Gerver_Sofa_Lean_Formalisation_2026-08-19\GerverSofaLean\GerverSofa\KernelOnly\PartE\E24KC6R4Join_62d0e072891eacfc.lean
GerverSofa.KernelOnly.PartE.E24KC6R4Join_68100c5f054c8ea2	C:\Users\Acer\Downloads\Gerver_Sofa_Lean_Formalisation_2026-08-19\GerverSofaLean\GerverSofa\KernelOnly\PartE\E24KC6R4Join_68100c5f054c8ea2.lean
GerverSofa.KernelOnly.PartE.E24KC6R4Join_7c9f3e2241f40b54	C:\Users\Acer\Downloads\Gerver_Sofa_Lean_Formalisation_2026-08-19\GerverSofaLean\GerverSofa\KernelOnly\PartE\E24KC6R4Join_7c9f3e2241f40b54.lean
GerverSofa.KernelOnly.PartE.E24KC6R4Join_96d3935117f8c848	C:\Users\Acer\Downloads\Gerver_Sofa_Lean_Formalisation_2026-08-19\GerverSofaLean\GerverSofa\KernelOnly\PartE\E24KC6R4Join_96d3935117f8c848.lean
GerverSofa.KernelOnly.PartE.E24KC6R4Join_978735cf4a10b0c4	C:\Users\Acer\Downloads\Gerver_Sofa_Lean_Formalisation_2026-08-19\GerverSofaLean\GerverSofa\KernelOnly\PartE\E24KC6R4Join_978735cf4a10b0c4.lean
GerverSofa.KernelOnly.PartE.E24KC6R4Join_a1daf15b91aa7155	C:\Users\Acer\Downloads\Gerver_Sofa_Lean_Formalisation_2026-08-19\GerverSofaLean\GerverSofa\KernelOnly\PartE\E24KC6R4Join_a1daf15b91aa7155.lean
GerverSofa.KernelOnly.PartE.E24KC6R4Join_af86a73e06a6d340	C:\Users\Acer\Downloads\Gerver_Sofa_Lean_Formalisation_2026-08-19\GerverSofaLean\GerverSofa\KernelOnly\PartE\E24KC6R4Join_af86a73e06a6d340.lean
GerverSofa.KernelOnly.PartE.E24KC6R4Join_b0c26eb36c2c399d	C:\Users\Acer\Downloads\Gerver_Sofa_Lean_Formalisation_2026-08-19\GerverSofaLean\GerverSofa\KernelOnly\PartE\E24KC6R4Join_b0c26eb36c2c399d.lean
GerverSofa.KernelOnly.PartE.E24KC6R4Join_b118d49025de8b76	C:\Users\Acer\Downloads\Gerver_Sofa_Lean_Formalisation_2026-08-19\GerverSofaLean\GerverSofa\KernelOnly\PartE\E24KC6R4Join_b118d49025de8b76.lean
GerverSofa.KernelOnly.PartE.E24KC6R4Join_b6430364d883da5c	C:\Users\Acer\Downloads\Gerver_Sofa_Lean_Formalisation_2026-08-19\GerverSofaLean\GerverSofa\KernelOnly\PartE\E24KC6R4Join_b6430364d883da5c.lean
GerverSofa.KernelOnly.PartE.E24KC6R4Join_c502233200399653	C:\Users\Acer\Downloads\Gerver_Sofa_Lean_Formalisation_2026-08-19\GerverSofaLean\GerverSofa\KernelOnly\PartE\E24KC6R4Join_c502233200399653.lean
GerverSofa.KernelOnly.PartE.E24KC6R4Join_e6a27f6b8bf66074	C:\Users\Acer\Downloads\Gerver_Sofa_Lean_Formalisation_2026-08-19\GerverSofaLean\GerverSofa\KernelOnly\PartE\E24KC6R4Join_e6a27f6b8bf66074.lean
GerverSofa.KernelOnly.PartE.E24KC6R4Subtree_001eda2c378d570b	C:\Users\Acer\Downloads\Gerver_Sofa_Lean_Formalisation_2026-08-19\GerverSofaLean\GerverSofa\KernelOnly\PartE\E24KC6R4Subtree_001eda2c378d570b.lean
GerverSofa.KernelOnly.PartE.E24KC6R4Subtree_01d19858ee032aa8	C:\Users\Acer\Downloads\Gerver_Sofa_Lean_Formalisation_2026-08-19\GerverSofaLean\GerverSofa\KernelOnly\PartE\E24KC6R4Subtree_01d19858ee032aa8.lean
GerverSofa.KernelOnly.PartE.E24KC6R4Subtree_04c8a4da4d3d19a1	C:\Users\Acer\Downloads\Gerver_Sofa_Lean_Formalisation_2026-08-19\GerverSofaLean\GerverSofa\KernelOnly\PartE\E24KC6R4Subtree_04c8a4da4d3d19a1.lean
GerverSofa.KernelOnly.PartE.E24KC6R4Subtree_1033056e03edbb99	C:\Users\Acer\Downloads\Gerver_Sofa_Lean_Formalisation_2026-08-19\GerverSofaLean\GerverSofa\KernelOnly\PartE\E24KC6R4Subtree_1033056e03edbb99.lean
GerverSofa.KernelOnly.PartE.E24KC6R4Subtree_1952c351f5a890d0	C:\Users\Acer\Downloads\Gerver_Sofa_Lean_Formalisation_2026-08-19\GerverSofaLean\GerverSofa\KernelOnly\PartE\E24KC6R4Subtree_1952c351f5a890d0.lean
GerverSofa.KernelOnly.PartE.E24KC6R4Subtree_1974d41b8023f47d	C:\Users\Acer\Downloads\Gerver_Sofa_Lean_Formalisation_2026-08-19\GerverSofaLean\GerverSofa\KernelOnly\PartE\E24KC6R4Subtree_1974d41b8023f47d.lean
GerverSofa.KernelOnly.PartE.E24KC6R4Subtree_19ea3647d9c4385d	C:\Users\Acer\Downloads\Gerver_Sofa_Lean_Formalisation_2026-08-19\GerverSofaLean\GerverSofa\KernelOnly\PartE\E24KC6R4Subtree_19ea3647d9c4385d.lean
GerverSofa.KernelOnly.PartE.E24KC6R4Subtree_1df7325990c509b9	C:\Users\Acer\Downloads\Gerver_Sofa_Lean_Formalisation_2026-08-19\GerverSofaLean\GerverSofa\KernelOnly\PartE\E24KC6R4Subtree_1df7325990c509b9.lean
GerverSofa.KernelOnly.PartE.E24KC6R4Subtree_1ec47ff132608c89	C:\Users\Acer\Downloads\Gerver_Sofa_Lean_Formalisation_2026-08-19\GerverSofaLean\GerverSofa\KernelOnly\PartE\E24KC6R4Subtree_1ec47ff132608c89.lean
GerverSofa.KernelOnly.PartE.E24KC6R4Subtree_23aa11edc1c0beab	C:\Users\Acer\Downloads\Gerver_Sofa_Lean_Formalisation_2026-08-19\GerverSofaLean\GerverSofa\KernelOnly\PartE\E24KC6R4Subtree_23aa11edc1c0beab.lean
GerverSofa.KernelOnly.PartE.E24KC6R4Subtree_291bec528ce09a45	C:\Users\Acer\Downloads\Gerver_Sofa_Lean_Formalisation_2026-08-19\GerverSofaLean\GerverSofa\KernelOnly\PartE\E24KC6R4Subtree_291bec528ce09a45.lean
GerverSofa.KernelOnly.PartE.E24KC6R4Subtree_31a1bf2506de3a6b	C:\Users\Acer\Downloads\Gerver_Sofa_Lean_Formalisation_2026-08-19\GerverSofaLean\GerverSofa\KernelOnly\PartE\E24KC6R4Subtree_31a1bf2506de3a6b.lean
GerverSofa.KernelOnly.PartE.E24KC6R4Subtree_35d8a6b024243cfb	C:\Users\Acer\Downloads\Gerver_Sofa_Lean_Formalisation_2026-08-19\GerverSofaLean\GerverSofa\KernelOnly\PartE\E24KC6R4Subtree_35d8a6b024243cfb.lean
GerverSofa.KernelOnly.PartE.E24KC6R4Subtree_369cc1bf8a73ac93	C:\Users\Acer\Downloads\Gerver_Sofa_Lean_Formalisation_2026-08-19\GerverSofaLean\GerverSofa\KernelOnly\PartE\E24KC6R4Subtree_369cc1bf8a73ac93.lean
GerverSofa.KernelOnly.PartE.E24KC6R4Subtree_3bdce31885f964fb	C:\Users\Acer\Downloads\Gerver_Sofa_Lean_Formalisation_2026-08-19\GerverSofaLean\GerverSofa\KernelOnly\PartE\E24KC6R4Subtree_3bdce31885f964fb.lean
GerverSofa.KernelOnly.PartE.E24KC6R4Subtree_3e7c6f0a436cdb12	C:\Users\Acer\Downloads\Gerver_Sofa_Lean_Formalisation_2026-08-19\GerverSofaLean\GerverSofa\KernelOnly\PartE\E24KC6R4Subtree_3e7c6f0a436cdb12.lean
GerverSofa.KernelOnly.PartE.E24KC6R4Subtree_403b497f85c69738	C:\Users\Acer\Downloads\Gerver_Sofa_Lean_Formalisation_2026-08-19\GerverSofaLean\GerverSofa\KernelOnly\PartE\E24KC6R4Subtree_403b497f85c69738.lean
GerverSofa.KernelOnly.PartE.E24KC6R4Subtree_428fdb9c294c5957	C:\Users\Acer\Downloads\Gerver_Sofa_Lean_Formalisation_2026-08-19\GerverSofaLean\GerverSofa\KernelOnly\PartE\E24KC6R4Subtree_428fdb9c294c5957.lean
GerverSofa.KernelOnly.PartE.E24KC6R4Subtree_4417485270da2542	C:\Users\Acer\Downloads\Gerver_Sofa_Lean_Formalisation_2026-08-19\GerverSofaLean\GerverSofa\KernelOnly\PartE\E24KC6R4Subtree_4417485270da2542.lean
GerverSofa.KernelOnly.PartE.E24KC6R4Subtree_55d98d161eaa82bf	C:\Users\Acer\Downloads\Gerver_Sofa_Lean_Formalisation_2026-08-19\GerverSofaLean\GerverSofa\KernelOnly\PartE\E24KC6R4Subtree_55d98d161eaa82bf.lean
GerverSofa.KernelOnly.PartE.E24KC6R4Subtree_60715e5435db178e	C:\Users\Acer\Downloads\Gerver_Sofa_Lean_Formalisation_2026-08-19\GerverSofaLean\GerverSofa\KernelOnly\PartE\E24KC6R4Subtree_60715e5435db178e.lean
GerverSofa.KernelOnly.PartE.E24KC6R4Subtree_60cca7d0a876716e	C:\Users\Acer\Downloads\Gerver_Sofa_Lean_Formalisation_2026-08-19\GerverSofaLean\GerverSofa\KernelOnly\PartE\E24KC6R4Subtree_60cca7d0a876716e.lean
GerverSofa.KernelOnly.PartE.E24KC6R4Subtree_639075a28aed7212	C:\Users\Acer\Downloads\Gerver_Sofa_Lean_Formalisation_2026-08-19\GerverSofaLean\GerverSofa\KernelOnly\PartE\E24KC6R4Subtree_639075a28aed7212.lean
GerverSofa.KernelOnly.PartE.E24KC6R4Subtree_6ec7ee50125cb2b8	C:\Users\Acer\Downloads\Gerver_Sofa_Lean_Formalisation_2026-08-19\GerverSofaLean\GerverSofa\KernelOnly\PartE\E24KC6R4Subtree_6ec7ee50125cb2b8.lean
GerverSofa.KernelOnly.PartE.E24KC6R4Subtree_70c72a172c9cfd93	C:\Users\Acer\Downloads\Gerver_Sofa_Lean_Formalisation_2026-08-19\GerverSofaLean\GerverSofa\KernelOnly\PartE\E24KC6R4Subtree_70c72a172c9cfd93.lean
GerverSofa.KernelOnly.PartE.E24KC6R4Subtree_70d61ab175d41a4a	C:\Users\Acer\Downloads\Gerver_Sofa_Lean_Formalisation_2026-08-19\GerverSofaLean\GerverSofa\KernelOnly\PartE\E24KC6R4Subtree_70d61ab175d41a4a.lean
GerverSofa.KernelOnly.PartE.E24KC6R4Subtree_7734a7147db71699	C:\Users\Acer\Downloads\Gerver_Sofa_Lean_Formalisation_2026-08-19\GerverSofaLean\GerverSofa\KernelOnly\PartE\E24KC6R4Subtree_7734a7147db71699.lean
GerverSofa.KernelOnly.PartE.E24KC6R4Subtree_77fe1988ff8cd192	C:\Users\Acer\Downloads\Gerver_Sofa_Lean_Formalisation_2026-08-19\GerverSofaLean\GerverSofa\KernelOnly\PartE\E24KC6R4Subtree_77fe1988ff8cd192.lean
GerverSofa.KernelOnly.PartE.E24KC6R4Subtree_7a80e3dfcc4f34f3	C:\Users\Acer\Downloads\Gerver_Sofa_Lean_Formalisation_2026-08-19\GerverSofaLean\GerverSofa\KernelOnly\PartE\E24KC6R4Subtree_7a80e3dfcc4f34f3.lean
GerverSofa.KernelOnly.PartE.E24KC6R4Subtree_7a9ec2fb66ec8862	C:\Users\Acer\Downloads\Gerver_Sofa_Lean_Formalisation_2026-08-19\GerverSofaLean\GerverSofa\KernelOnly\PartE\E24KC6R4Subtree_7a9ec2fb66ec8862.lean
GerverSofa.KernelOnly.PartE.E24KC6R4Subtree_7ae79e99a9b79eaf	C:\Users\Acer\Downloads\Gerver_Sofa_Lean_Formalisation_2026-08-19\GerverSofaLean\GerverSofa\KernelOnly\PartE\E24KC6R4Subtree_7ae79e99a9b79eaf.lean
GerverSofa.KernelOnly.PartE.E24KC6R4Subtree_7c075da8e9f0577b	C:\Users\Acer\Downloads\Gerver_Sofa_Lean_Formalisation_2026-08-19\GerverSofaLean\GerverSofa\KernelOnly\PartE\E24KC6R4Subtree_7c075da8e9f0577b.lean
GerverSofa.KernelOnly.PartE.E24KC6R4Subtree_7e83efce8bd8caa9	C:\Users\Acer\Downloads\Gerver_Sofa_Lean_Formalisation_2026-08-19\GerverSofaLean\GerverSofa\KernelOnly\PartE\E24KC6R4Subtree_7e83efce8bd8caa9.lean
GerverSofa.KernelOnly.PartE.E24KC6R4Subtree_81ebe3f900bc76a5	C:\Users\Acer\Downloads\Gerver_Sofa_Lean_Formalisation_2026-08-19\GerverSofaLean\GerverSofa\KernelOnly\PartE\E24KC6R4Subtree_81ebe3f900bc76a5.lean
GerverSofa.KernelOnly.PartE.E24KC6R4Subtree_84bebec26b36007b	C:\Users\Acer\Downloads\Gerver_Sofa_Lean_Formalisation_2026-08-19\GerverSofaLean\GerverSofa\KernelOnly\PartE\E24KC6R4Subtree_84bebec26b36007b.lean
GerverSofa.KernelOnly.PartE.E24KC6R4Subtree_879f3ccc81ca9b24	C:\Users\Acer\Downloads\Gerver_Sofa_Lean_Formalisation_2026-08-19\GerverSofaLean\GerverSofa\KernelOnly\PartE\E24KC6R4Subtree_879f3ccc81ca9b24.lean
GerverSofa.KernelOnly.PartE.E24KC6R4Subtree_88f80fd4db374a2d	C:\Users\Acer\Downloads\Gerver_Sofa_Lean_Formalisation_2026-08-19\GerverSofaLean\GerverSofa\KernelOnly\PartE\E24KC6R4Subtree_88f80fd4db374a2d.lean
GerverSofa.KernelOnly.PartE.E24KC6R4Subtree_8921da6a3153d018	C:\Users\Acer\Downloads\Gerver_Sofa_Lean_Formalisation_2026-08-19\GerverSofaLean\GerverSofa\KernelOnly\PartE\E24KC6R4Subtree_8921da6a3153d018.lean
GerverSofa.KernelOnly.PartE.E24KC6R4Subtree_89badd31312e459d	C:\Users\Acer\Downloads\Gerver_Sofa_Lean_Formalisation_2026-08-19\GerverSofaLean\GerverSofa\KernelOnly\PartE\E24KC6R4Subtree_89badd31312e459d.lean
GerverSofa.KernelOnly.PartE.E24KC6R4Subtree_8b6172e52c41dded	C:\Users\Acer\Downloads\Gerver_Sofa_Lean_Formalisation_2026-08-19\GerverSofaLean\GerverSofa\KernelOnly\PartE\E24KC6R4Subtree_8b6172e52c41dded.lean
GerverSofa.KernelOnly.PartE.E24KC6R4Subtree_8dd4d0d86bb3ff9f	C:\Users\Acer\Downloads\Gerver_Sofa_Lean_Formalisation_2026-08-19\GerverSofaLean\GerverSofa\KernelOnly\PartE\E24KC6R4Subtree_8dd4d0d86bb3ff9f.lean
GerverSofa.KernelOnly.PartE.E24KC6R4Subtree_8e967390514267d6	C:\Users\Acer\Downloads\Gerver_Sofa_Lean_Formalisation_2026-08-19\GerverSofaLean\GerverSofa\KernelOnly\PartE\E24KC6R4Subtree_8e967390514267d6.lean
GerverSofa.KernelOnly.PartE.E24KC6R4Subtree_91992483bb6a8f04	C:\Users\Acer\Downloads\Gerver_Sofa_Lean_Formalisation_2026-08-19\GerverSofaLean\GerverSofa\KernelOnly\PartE\E24KC6R4Subtree_91992483bb6a8f04.lean
GerverSofa.KernelOnly.PartE.E24KC6R4Subtree_924080aa784e817a	C:\Users\Acer\Downloads\Gerver_Sofa_Lean_Formalisation_2026-08-19\GerverSofaLean\GerverSofa\KernelOnly\PartE\E24KC6R4Subtree_924080aa784e817a.lean
GerverSofa.KernelOnly.PartE.E24KC6R4Subtree_9eb1f025174c3177	C:\Users\Acer\Downloads\Gerver_Sofa_Lean_Formalisation_2026-08-19\GerverSofaLean\GerverSofa\KernelOnly\PartE\E24KC6R4Subtree_9eb1f025174c3177.lean
GerverSofa.KernelOnly.PartE.E24KC6R4Subtree_a095c7ff4c6ad6b6	C:\Users\Acer\Downloads\Gerver_Sofa_Lean_Formalisation_2026-08-19\GerverSofaLean\GerverSofa\KernelOnly\PartE\E24KC6R4Subtree_a095c7ff4c6ad6b6.lean
GerverSofa.KernelOnly.PartE.E24KC6R4Subtree_a80f1d406f4d338d	C:\Users\Acer\Downloads\Gerver_Sofa_Lean_Formalisation_2026-08-19\GerverSofaLean\GerverSofa\KernelOnly\PartE\E24KC6R4Subtree_a80f1d406f4d338d.lean
GerverSofa.KernelOnly.PartE.E24KC6R4Subtree_aea2c9f5ded50576	C:\Users\Acer\Downloads\Gerver_Sofa_Lean_Formalisation_2026-08-19\GerverSofaLean\GerverSofa\KernelOnly\PartE\E24KC6R4Subtree_aea2c9f5ded50576.lean
GerverSofa.KernelOnly.PartE.E24KC6R4Subtree_b93b1c054dba72bb	C:\Users\Acer\Downloads\Gerver_Sofa_Lean_Formalisation_2026-08-19\GerverSofaLean\GerverSofa\KernelOnly\PartE\E24KC6R4Subtree_b93b1c054dba72bb.lean
GerverSofa.KernelOnly.PartE.E24KC6R4Subtree_c309c137435a4a8a	C:\Users\Acer\Downloads\Gerver_Sofa_Lean_Formalisation_2026-08-19\GerverSofaLean\GerverSofa\KernelOnly\PartE\E24KC6R4Subtree_c309c137435a4a8a.lean
GerverSofa.KernelOnly.PartE.E24KC6R4Subtree_c8b63043186f1b44	C:\Users\Acer\Downloads\Gerver_Sofa_Lean_Formalisation_2026-08-19\GerverSofaLean\GerverSofa\KernelOnly\PartE\E24KC6R4Subtree_c8b63043186f1b44.lean
GerverSofa.KernelOnly.PartE.E24KC6R4Subtree_cbd4f9934ee17393	C:\Users\Acer\Downloads\Gerver_Sofa_Lean_Formalisation_2026-08-19\GerverSofaLean\GerverSofa\KernelOnly\PartE\E24KC6R4Subtree_cbd4f9934ee17393.lean
GerverSofa.KernelOnly.PartE.E24KC6R4Subtree_d658abc468986ad2	C:\Users\Acer\Downloads\Gerver_Sofa_Lean_Formalisation_2026-08-19\GerverSofaLean\GerverSofa\KernelOnly\PartE\E24KC6R4Subtree_d658abc468986ad2.lean
GerverSofa.KernelOnly.PartE.E24KC6R4Subtree_dc47723dc66dfda8	C:\Users\Acer\Downloads\Gerver_Sofa_Lean_Formalisation_2026-08-19\GerverSofaLean\GerverSofa\KernelOnly\PartE\E24KC6R4Subtree_dc47723dc66dfda8.lean
GerverSofa.KernelOnly.PartE.E24KC6R4Subtree_e07cf48cb1b589f9	C:\Users\Acer\Downloads\Gerver_Sofa_Lean_Formalisation_2026-08-19\GerverSofaLean\GerverSofa\KernelOnly\PartE\E24KC6R4Subtree_e07cf48cb1b589f9.lean
GerverSofa.KernelOnly.PartE.E24KC6R4Subtree_e1aad79037162af3	C:\Users\Acer\Downloads\Gerver_Sofa_Lean_Formalisation_2026-08-19\GerverSofaLean\GerverSofa\KernelOnly\PartE\E24KC6R4Subtree_e1aad79037162af3.lean
GerverSofa.KernelOnly.PartE.E24KC6R4Subtree_e3bcfcc291fdb5b4	C:\Users\Acer\Downloads\Gerver_Sofa_Lean_Formalisation_2026-08-19\GerverSofaLean\GerverSofa\KernelOnly\PartE\E24KC6R4Subtree_e3bcfcc291fdb5b4.lean
GerverSofa.KernelOnly.PartE.E24KC6R4Subtree_e5b6fc380e82e47e	C:\Users\Acer\Downloads\Gerver_Sofa_Lean_Formalisation_2026-08-19\GerverSofaLean\GerverSofa\KernelOnly\PartE\E24KC6R4Subtree_e5b6fc380e82e47e.lean
GerverSofa.KernelOnly.PartE.E24KC6R4Subtree_e8870b13405ffc13	C:\Users\Acer\Downloads\Gerver_Sofa_Lean_Formalisation_2026-08-19\GerverSofaLean\GerverSofa\KernelOnly\PartE\E24KC6R4Subtree_e8870b13405ffc13.lean
GerverSofa.KernelOnly.PartE.E24KC6R4Subtree_e91aff9c114b660b	C:\Users\Acer\Downloads\Gerver_Sofa_Lean_Formalisation_2026-08-19\GerverSofaLean\GerverSofa\KernelOnly\PartE\E24KC6R4Subtree_e91aff9c114b660b.lean
GerverSofa.KernelOnly.PartE.E24KC6R4Subtree_ec06b97bc924fb9a	C:\Users\Acer\Downloads\Gerver_Sofa_Lean_Formalisation_2026-08-19\GerverSofaLean\GerverSofa\KernelOnly\PartE\E24KC6R4Subtree_ec06b97bc924fb9a.lean
GerverSofa.KernelOnly.PartE.E24KC6R4Subtree_ed73d41bc0ae6f27	C:\Users\Acer\Downloads\Gerver_Sofa_Lean_Formalisation_2026-08-19\GerverSofaLean\GerverSofa\KernelOnly\PartE\E24KC6R4Subtree_ed73d41bc0ae6f27.lean
GerverSofa.KernelOnly.PartE.E24KC6R4Subtree_edd4c8d57c5a9ded	C:\Users\Acer\Downloads\Gerver_Sofa_Lean_Formalisation_2026-08-19\GerverSofaLean\GerverSofa\KernelOnly\PartE\E24KC6R4Subtree_edd4c8d57c5a9ded.lean
GerverSofa.KernelOnly.PartE.E24KC6R4Subtree_f553a12d6978535b	C:\Users\Acer\Downloads\Gerver_Sofa_Lean_Formalisation_2026-08-19\GerverSofaLean\GerverSofa\KernelOnly\PartE\E24KC6R4Subtree_f553a12d6978535b.lean
GerverSofa.KernelOnly.PartE.E24KC6R4Subtree_f60ae8a1c3b6076a	C:\Users\Acer\Downloads\Gerver_Sofa_Lean_Formalisation_2026-08-19\GerverSofaLean\GerverSofa\KernelOnly\PartE\E24KC6R4Subtree_f60ae8a1c3b6076a.lean
GerverSofa.KernelOnly.PartE.E24KC6R4Subtree_f8d6ff3220b818df	C:\Users\Acer\Downloads\Gerver_Sofa_Lean_Formalisation_2026-08-19\GerverSofaLean\GerverSofa\KernelOnly\PartE\E24KC6R4Subtree_f8d6ff3220b818df.lean
GerverSofa.KernelOnly.PartE.E24KC6R4Subtree_f9a00b60dcd28a42	C:\Users\Acer\Downloads\Gerver_Sofa_Lean_Formalisation_2026-08-19\GerverSofaLean\GerverSofa\KernelOnly\PartE\E24KC6R4Subtree_f9a00b60dcd28a42.lean
GerverSofa.KernelOnly.PartE.E24KC6R4Subtree_ffa75b98dddd4b5e	C:\Users\Acer\Downloads\Gerver_Sofa_Lean_Formalisation_2026-08-19\GerverSofaLean\GerverSofa\KernelOnly\PartE\E24KC6R4Subtree_ffa75b98dddd4b5e.lean
GerverSofa.KernelOnly.PartE.E24KC6ThetaAboveReconstruct	C:\Users\Acer\Downloads\Gerver_Sofa_Lean_Formalisation_2026-08-19\GerverSofaLean\GerverSofa\KernelOnly\PartE\E24KC6ThetaAboveReconstruct.lean
GerverSofa.KernelOnly.PartE.E24KC6ThetaBelowReconstruct	C:\Users\Acer\Downloads\Gerver_Sofa_Lean_Formalisation_2026-08-19\GerverSofaLean\GerverSofa\KernelOnly\PartE\E24KC6ThetaBelowReconstruct.lean
GerverSofa.KernelOnly.PartE.E24PhiBelowKernelHL	C:\Users\Acer\Downloads\Gerver_Sofa_Lean_Formalisation_2026-08-19\GerverSofaLean\GerverSofa\KernelOnly\PartE\E24PhiBelowKernelHL.lean
GerverSofa.KernelOnly.PartE.E24PhiBelowKernelLH	C:\Users\Acer\Downloads\Gerver_Sofa_Lean_Formalisation_2026-08-19\GerverSofaLean\GerverSofa\KernelOnly\PartE\E24PhiBelowKernelLH.lean
GerverSofa.KernelOnly.PartE.E24PhiBelowKernelLL	C:\Users\Acer\Downloads\Gerver_Sofa_Lean_Formalisation_2026-08-19\GerverSofaLean\GerverSofa\KernelOnly\PartE\E24PhiBelowKernelLL.lean
GerverSofa.KernelOnly.PartE.FiniteCoverReplay	C:\Users\Acer\Downloads\Gerver_Sofa_Lean_Formalisation_2026-08-19\GerverSofaLean\GerverSofa\KernelOnly\PartE\FiniteCoverReplay.lean
GerverSofa.KernelOnly.PartE.LocalTwoAngleKrawczykClosure	C:\Users\Acer\Downloads\Gerver_Sofa_Lean_Formalisation_2026-08-19\GerverSofaLean\GerverSofa\KernelOnly\PartE\LocalTwoAngleKrawczykClosure.lean
GerverSofa.KernelOnly.PartE.RegionalCoverDecomposition	C:\Users\Acer\Downloads\Gerver_Sofa_Lean_Formalisation_2026-08-19\GerverSofaLean\GerverSofa\KernelOnly\PartE\RegionalCoverDecomposition.lean
GerverSofa.KernelOnly.PartE.ScaledResidualInterval	C:\Users\Acer\Downloads\Gerver_Sofa_Lean_Formalisation_2026-08-19\GerverSofaLean\GerverSofa\KernelOnly\PartE\ScaledResidualInterval.lean
GerverSofa.KernelOnly.PartE.TwoAngleReduction	C:\Users\Acer\Downloads\Gerver_Sofa_Lean_Formalisation_2026-08-19\GerverSofaLean\GerverSofa\KernelOnly\PartE\TwoAngleReduction.lean
GerverSofa.KernelOnly.ReducedADSoundness	C:\Users\Acer\Downloads\Gerver_Sofa_Lean_Formalisation_2026-08-19\GerverSofaLean\GerverSofa\KernelOnly\ReducedADSoundness.lean
GerverSofa.KernelOnly.ReplayConsequences	C:\Users\Acer\Downloads\Gerver_Sofa_Lean_Formalisation_2026-08-19\GerverSofaLean\GerverSofa\KernelOnly\ReplayConsequences.lean
GerverSofa.KernelOnly.SoundnessInterfaces	C:\Users\Acer\Downloads\Gerver_Sofa_Lean_Formalisation_2026-08-19\GerverSofaLean\GerverSofa\KernelOnly\SoundnessInterfaces.lean
GerverSofa.KernelOnly.TranscendentalSoundness	C:\Users\Acer\Downloads\Gerver_Sofa_Lean_Formalisation_2026-08-19\GerverSofaLean\GerverSofa\KernelOnly\TranscendentalSoundness.lean
GerverSofa.KrawczykSpec	C:\Users\Acer\Downloads\Gerver_Sofa_Lean_Formalisation_2026-08-19\GerverSofaLean\GerverSofa\KrawczykSpec.lean
GerverSofa.RationalInterval	C:\Users\Acer\Downloads\Gerver_Sofa_Lean_Formalisation_2026-08-19\GerverSofaLean\GerverSofa\RationalInterval.lean
GerverSofa.SE2	C:\Users\Acer\Downloads\Gerver_Sofa_Lean_Formalisation_2026-08-19\GerverSofaLean\GerverSofa\SE2.lean
GerverSofa.Systems	C:\Users\Acer\Downloads\Gerver_Sofa_Lean_Formalisation_2026-08-19\GerverSofaLean\GerverSofa\Systems.lean
